datetime,open,high,low,close,volume
2026-07-09T13:15:00+00:00,163.02399999999997,163.02499999999998,162.903,162.98399999999998,2977
2026-07-09T13:30:00+00:00,162.98399999999998,162.987,162.91799999999998,162.93999999999997,2331
2026-07-09T13:45:00+00:00,162.93999999999997,162.97799999999998,162.92399999999998,162.94899999999998,1477
2026-07-09T14:00:00+00:00,162.94899999999998,163.00199999999998,162.89499999999998,162.99099999999999,2736
2026-07-09T14:15:00+00:00,162.99099999999999,163.01,162.96599999999998,162.98799999999997,1670
2026-07-09T14:30:00+00:00,162.98799999999997,163.00199999999998,162.93099999999998,162.981,1701
2026-07-09T14:45:00+00:00,162.981,163.033,162.97299999999998,162.97699999999998,2841
2026-07-09T15:00:00+00:00,162.97699999999998,163.02299999999997,162.975,163.003,1970
2026-07-09T15:15:00+00:00,163.003,163.016,162.969,162.96999999999997,1109
2026-07-09T15:30:00+00:00,162.96999999999997,162.99999999999997,162.92899999999997,162.92999999999998,1227
2026-07-09T15:45:00+00:00,162.92999999999998,162.94099999999997,162.86499999999998,162.89799999999997,1719
2026-07-09T16:00:00+00:00,162.89799999999997,162.91299999999998,162.87199999999999,162.89399999999998,1804
2026-07-09T16:15:00+00:00,162.89399999999998,162.93499999999997,162.86599999999999,162.90999999999997,1242
2026-07-09T16:30:00+00:00,162.90999999999997,162.93599999999998,162.89299999999997,162.902,1046
2026-07-09T16:45:00+00:00,162.902,162.92799999999997,162.885,162.92799999999997,996
2026-07-09T17:00:00+00:00,162.92799999999997,162.94099999999997,162.90699999999998,162.926,750
2026-07-09T17:15:00+00:00,162.926,162.92999999999998,162.88299999999998,162.88599999999997,905
2026-07-09T17:30:00+00:00,162.88599999999997,162.915,162.88299999999998,162.909,553
2026-07-09T17:45:00+00:00,162.909,162.91199999999998,162.885,162.897,724
2026-07-09T18:00:00+00:00,162.897,162.93399999999997,162.897,162.92899999999997,929
2026-07-09T18:15:00+00:00,162.92899999999997,162.986,162.92299999999997,162.98,1294
2026-07-09T18:30:00+00:00,162.98,162.98399999999998,162.94899999999998,162.95299999999997,1024
2026-07-09T18:45:00+00:00,162.95299999999997,162.95899999999997,162.93699999999998,162.944,838
2026-07-09T19:00:00+00:00,162.944,162.975,162.92999999999998,162.96999999999997,739
2026-07-09T19:15:00+00:00,162.96999999999997,163.00099999999998,162.95799999999997,162.99599999999998,783
2026-07-09T19:30:00+00:00,162.99599999999998,163.009,162.97099999999998,162.998,1002
2026-07-09T19:45:00+00:00,162.998,163.02499999999998,162.987,162.99899999999997,698
2026-07-09T20:00:00+00:00,162.99899999999997,163.01799999999997,162.969,162.98899999999998,748
2026-07-09T20:15:00+00:00,162.98899999999998,162.992,162.97699999999998,162.98399999999998,763
2026-07-09T20:30:00+00:00,162.98399999999998,163.00699999999998,162.98399999999998,163.00499999999997,305
2026-07-09T20:45:00+00:00,163.00499999999997,163.016,162.95899999999997,162.95899999999997,239.64713076199436
2026-07-09T21:00:00+00:00,162.95899999999997,162.96499999999997,162.93599999999998,162.94299999999998,64.5291821020843
2026-07-09T21:15:00+00:00,162.94299999999998,162.97699999999998,162.923,162.933,186.52088642029844
2026-07-09T21:30:00+00:00,162.933,162.96499999999997,162.933,162.95999999999998,201.86413641896598
2026-07-09T21:45:00+00:00,162.95999999999998,163.00799999999998,162.94699999999997,162.98199999999997,1061
2026-07-09T22:00:00+00:00,162.98199999999997,163.04599999999996,162.96699999999998,162.998,856
2026-07-09T22:15:00+00:00,162.998,162.998,162.97899999999998,162.98299999999998,170
2026-07-09T22:30:00+00:00,162.98299999999998,162.98999999999998,162.97299999999998,162.974,184
2026-07-09T22:45:00+00:00,162.974,162.97699999999998,162.968,162.97699999999998,117.68678154692319
2026-07-09T23:00:00+00:00,162.97699999999998,162.98199999999997,162.95899999999997,162.96099999999998,290
2026-07-09T23:15:00+00:00,162.96099999999998,163.00799999999998,162.96099999999998,163.00099999999998,277
2026-07-09T23:30:00+00:00,163.00099999999998,163.004,162.98199999999997,162.98799999999997,219
2026-07-09T23:45:00+00:00,162.98799999999997,163.00599999999997,162.97699999999998,162.98799999999997,471
2026-07-10T00:00:00+00:00,162.98799999999997,163.03099999999998,162.94799999999998,163.01599999999996,1189
2026-07-10T00:15:00+00:00,163.01599999999996,163.045,163.003,163.03999999999996,1133
2026-07-10T00:30:00+00:00,163.03999999999996,163.04099999999997,162.91599999999997,162.92899999999997,2124
2026-07-10T00:45:00+00:00,162.92899999999997,162.92999999999998,162.51099999999997,162.676,8943
2026-07-10T01:00:00+00:00,162.676,162.72699999999998,162.41499999999996,162.42099999999996,6621
2026-07-10T01:15:00+00:00,162.42099999999996,162.52399999999997,162.253,162.51899999999998,6563
2026-07-10T01:30:00+00:00,162.51899999999998,162.52399999999997,162.35199999999998,162.48099999999997,5393
2026-07-10T01:45:00+00:00,162.48099999999997,162.48099999999997,162.29399999999998,162.35699999999997,6810
2026-07-10T02:00:00+00:00,162.35699999999997,162.37699999999998,162.05499999999998,162.05999999999997,5959
2026-07-10T02:15:00+00:00,162.05999999999997,162.10399999999998,161.90699999999998,162.08799999999997,5809
2026-07-10T02:30:00+00:00,162.08799999999997,162.17999999999998,161.99499999999998,162.02399999999997,6842
2026-07-10T02:45:00+00:00,162.02399999999997,162.08899999999997,161.96999999999997,162.07399999999998,6522
2026-07-10T03:00:00+00:00,162.07399999999998,162.11999999999998,162.01299999999998,162.08399999999997,4930
2026-07-10T03:15:00+00:00,162.08399999999997,162.11599999999999,162.003,162.01399999999998,5471
2026-07-10T03:30:00+00:00,162.01399999999998,162.06399999999996,161.97499999999997,162.04299999999998,2750
2026-07-10T03:45:00+00:00,162.04299999999998,162.19799999999998,162.04299999999998,162.13899999999998,1996
2026-07-10T04:00:00+00:00,162.13899999999998,162.19499999999996,162.13899999999998,162.18099999999998,1800
2026-07-10T04:15:00+00:00,162.18099999999998,162.30999999999997,162.17699999999996,162.25699999999998,2631
2026-07-10T04:30:00+00:00,162.25699999999998,162.30499999999998,162.23899999999998,162.29999999999998,1868
2026-07-10T04:45:00+00:00,162.29999999999998,162.33199999999997,162.25099999999998,162.25699999999998,1664
2026-07-10T05:00:00+00:00,162.25699999999998,162.27199999999996,162.09499999999997,162.12599999999998,2877
2026-07-10T05:15:00+00:00,162.12599999999998,162.27999999999997,162.12499999999997,162.24499999999998,2463
2026-07-10T05:30:00+00:00,162.24499999999998,162.28499999999997,162.23,162.265,2076
2026-07-10T05:45:00+00:00,162.265,162.26599999999996,162.12199999999999,162.20299999999997,3084
2026-07-10T06:00:00+00:00,162.20299999999997,162.20999999999998,162.08999999999997,162.129,3576
2026-07-10T06:15:00+00:00,162.129,162.19599999999997,162.02999999999997,162.19199999999998,5025
2026-07-10T06:30:00+00:00,162.19199999999998,162.20299999999997,162.117,162.19499999999996,3578
2026-07-10T06:45:00+00:00,162.19499999999996,162.23699999999997,162.18899999999996,162.20299999999997,2359
2026-07-10T07:00:00+00:00,162.20299999999997,162.30999999999997,162.19599999999997,162.29799999999997,2968
2026-07-10T07:15:00+00:00,162.29799999999997,162.39499999999998,162.26099999999997,162.36999999999998,3396
2026-07-10T07:30:00+00:00,162.36999999999998,162.39199999999997,162.27799999999996,162.29599999999996,3721
2026-07-10T07:45:00+00:00,162.29599999999996,162.367,162.277,162.319,3174
2026-07-10T08:00:00+00:00,162.319,162.32099999999997,162.16199999999998,162.25599999999997,4435
2026-07-10T08:15:00+00:00,162.25599999999997,162.367,162.254,162.34799999999998,2700
2026-07-10T08:30:00+00:00,162.34799999999998,162.35599999999997,162.18699999999998,162.218,5026
2026-07-10T08:45:00+00:00,162.218,162.31199999999998,162.212,162.307,2544
2026-07-10T09:00:00+00:00,162.307,162.34999999999997,162.26099999999997,162.32399999999998,2374
2026-07-10T09:15:00+00:00,162.32399999999998,162.39,162.28499999999997,162.38699999999997,2588
2026-07-10T09:30:00+00:00,162.38699999999997,162.45099999999996,162.378,162.40999999999997,4161
2026-07-10T09:45:00+00:00,162.40999999999997,162.48,162.40699999999998,162.44799999999998,2516
2026-07-10T10:00:00+00:00,162.44799999999998,162.44799999999998,162.38299999999998,162.41599999999997,2630
2026-07-10T10:15:00+00:00,162.41599999999997,162.42199999999997,162.319,162.32599999999996,3306
2026-07-10T10:30:00+00:00,162.32599999999996,162.37099999999998,162.32299999999998,162.37099999999998,1728
2026-07-10T10:45:00+00:00,162.37099999999998,162.41899999999998,162.36199999999997,162.39,1879
2026-07-10T11:00:00+00:00,162.39,162.41299999999998,162.36999999999998,162.39499999999998,1817
2026-07-10T11:15:00+00:00,162.39499999999998,162.46399999999997,162.37099999999998,162.42999999999998,1958
2026-07-10T11:30:00+00:00,162.42999999999998,162.50699999999998,162.42199999999997,162.46299999999997,2067
2026-07-10T11:45:00+00:00,162.46299999999997,162.48799999999997,162.44599999999997,162.46899999999997,2033
2026-07-10T12:00:00+00:00,162.46899999999997,162.51599999999996,162.307,162.38599999999997,3978
2026-07-10T12:15:00+00:00,162.38599999999997,162.45799999999997,162.37599999999998,162.45099999999996,3029
2026-07-10T12:30:00+00:00,162.45099999999996,162.50699999999998,162.426,162.43099999999998,3003
2026-07-10T12:45:00+00:00,162.43099999999998,162.44599999999997,162.408,162.41799999999998,2031
2026-07-10T13:00:00+00:00,162.41799999999998,162.48299999999998,162.41699999999997,162.42799999999997,1925
2026-07-10T13:15:00+00:00,162.42799999999997,162.43899999999996,162.384,162.42499999999998,2130
2026-07-10T13:30:00+00:00,162.42499999999998,162.456,162.378,162.39999999999998,2257
2026-07-10T13:45:00+00:00,162.39999999999998,162.42499999999998,162.34399999999997,162.38899999999998,2866
2026-07-10T14:00:00+00:00,162.38899999999998,162.45899999999997,162.38699999999997,162.39,2144
2026-07-10T14:15:00+00:00,162.39,162.43399999999997,162.38199999999998,162.384,1829
2026-07-10T14:30:00+00:00,162.384,162.48399999999998,162.367,162.46299999999997,6096
2026-07-10T14:45:00+00:00,162.46299999999997,162.48999999999998,162.438,162.45,2463
2026-07-10T15:00:00+00:00,162.45,162.468,162.331,162.33499999999998,2665
2026-07-10T15:15:00+00:00,162.33499999999998,162.337,162.09499999999997,162.14199999999997,5027
2026-07-10T15:30:00+00:00,162.14199999999997,162.14299999999997,162.01799999999997,162.08199999999997,4814
2026-07-10T15:45:00+00:00,162.08199999999997,162.12099999999998,161.902,161.94199999999998,5489
2026-07-10T16:00:00+00:00,161.94199999999998,162.03599999999997,161.92299999999997,161.96099999999998,6446
2026-07-10T16:15:00+00:00,161.96099999999998,162.03599999999997,161.92099999999996,161.968,5171
2026-07-10T16:30:00+00:00,161.968,162.07599999999996,161.96699999999998,162.075,2890
2026-07-10T16:45:00+00:00,162.075,162.13499999999996,162.05799999999996,162.13099999999997,3324
2026-07-10T17:00:00+00:00,162.13099999999997,162.17699999999996,162.11299999999997,162.16099999999997,1860
2026-07-10T17:15:00+00:00,162.16099999999997,162.21099999999998,162.13899999999998,162.16199999999998,1971
2026-07-10T17:30:00+00:00,162.16199999999998,162.21099999999998,162.146,162.18999999999997,1840
2026-07-10T17:45:00+00:00,162.18999999999997,162.27499999999998,162.18599999999998,162.26699999999997,1921
2026-07-10T18:00:00+00:00,162.26699999999997,162.319,162.25499999999997,162.307,1582
2026-07-10T18:15:00+00:00,162.307,162.32899999999998,162.29099999999997,162.32799999999997,1013
2026-07-10T18:30:00+00:00,162.32799999999997,162.35699999999997,162.30799999999996,162.34699999999998,1367
2026-07-10T18:45:00+00:00,162.34699999999998,162.35699999999997,162.28999999999996,162.31199999999998,1093
2026-07-10T19:00:00+00:00,162.31199999999998,162.35799999999998,162.29999999999998,162.349,964
2026-07-10T19:15:00+00:00,162.349,162.35199999999998,162.30899999999997,162.32099999999997,633
2026-07-10T19:30:00+00:00,162.32099999999997,162.35099999999997,162.29899999999998,162.35099999999997,789
2026-07-10T19:45:00+00:00,162.35099999999997,162.36799999999997,162.31399999999996,162.35999999999999,1093
2026-07-10T20:00:00+00:00,162.35999999999999,162.373,162.325,162.35399999999998,1140
2026-07-10T20:15:00+00:00,162.35399999999998,162.36299999999997,162.32999999999998,162.34099999999998,441
2026-07-10T20:30:00+00:00,162.34099999999998,162.373,162.33999999999997,162.35899999999998,610
2026-07-10T20:45:00+00:00,162.35899999999998,162.38199999999998,162.26399999999998,162.28599999999997,822.8669081960489
2026-07-12T21:00:00+00:00,162.28599999999997,162.29399999999998,162.213,162.213,91.56686405213463
2026-07-12T21:15:00+00:00,162.213,162.276,162.18800000000002,162.27,120.9759523180836
2026-07-12T21:30:00+00:00,162.27,162.361,162.258,162.338,677
2026-07-12T21:45:00+00:00,162.338,162.356,162.286,162.31,462
2026-07-12T22:00:00+00:00,162.31,162.609,162.297,162.571,1994
2026-07-12T22:15:00+00:00,162.571,162.594,162.502,162.519,1464
2026-07-12T22:30:00+00:00,162.519,162.594,162.519,162.586,1255
2026-07-12T22:45:00+00:00,162.586,162.632,162.56300000000002,162.593,1203
2026-07-12T23:00:00+00:00,162.593,162.63400000000001,162.562,162.56900000000002,1311
2026-07-12T23:15:00+00:00,162.56900000000002,162.581,162.53,162.54,1364
2026-07-12T23:30:00+00:00,162.54,162.584,162.534,162.564,930
2026-07-12T23:45:00+00:00,162.564,162.571,162.451,162.452,3073
2026-07-13T00:00:00+00:00,162.452,162.544,162.448,162.466,5352
2026-07-13T00:15:00+00:00,162.466,162.57,162.454,162.535,4442
2026-07-13T00:30:00+00:00,162.535,162.621,162.505,162.571,4172
2026-07-13T00:45:00+00:00,162.571,162.669,162.549,162.661,4963
2026-07-13T01:00:00+00:00,162.661,162.738,162.657,162.681,4702
2026-07-13T01:15:00+00:00,162.681,162.70000000000002,162.612,162.612,4318
2026-07-13T01:30:00+00:00,162.612,162.624,162.535,162.537,3937
2026-07-13T01:45:00+00:00,162.537,162.591,162.523,162.544,3227
2026-07-13T02:00:00+00:00,162.544,162.659,162.528,162.61,3989
2026-07-13T02:15:00+00:00,162.61,162.63400000000001,162.599,162.619,1954
2026-07-13T02:30:00+00:00,162.619,162.62800000000001,162.578,162.597,2206
2026-07-13T02:45:00+00:00,162.597,162.645,162.584,162.643,2057
2026-07-13T03:00:00+00:00,162.643,162.693,162.635,162.651,2454
2026-07-13T03:15:00+00:00,162.651,162.66400000000002,162.631,162.662,2083
2026-07-13T03:30:00+00:00,162.662,162.667,162.63400000000001,162.654,2428
2026-07-13T03:45:00+00:00,162.654,162.662,162.63400000000001,162.638,3044
2026-07-13T04:00:00+00:00,162.638,162.663,162.633,162.64000000000001,2574
2026-07-13T04:15:00+00:00,162.64000000000001,162.651,162.561,162.562,2496
2026-07-13T04:30:00+00:00,162.562,162.615,162.55700000000002,162.613,2142
2026-07-13T04:45:00+00:00,162.613,162.616,162.53,162.565,2379
2026-07-13T05:00:00+00:00,162.565,162.571,162.508,162.53,4690
2026-07-13T05:15:00+00:00,162.53,162.63400000000001,162.519,162.621,3587
2026-07-13T05:30:00+00:00,162.621,162.64000000000001,162.589,162.639,4788
2026-07-13T05:45:00+00:00,162.639,162.903,162.609,162.838,6401
2026-07-13T06:00:00+00:00,162.838,162.922,162.81,162.9,5717
2026-07-13T06:15:00+00:00,162.9,162.912,162.79,162.842,4838
2026-07-13T06:30:00+00:00,162.842,162.886,162.768,162.81300000000002,5529
2026-07-13T06:45:00+00:00,162.81300000000002,162.834,162.774,162.80700000000002,3088
2026-07-13T07:00:00+00:00,162.80700000000002,162.848,162.393,162.668,8765
2026-07-13T07:15:00+00:00,162.668,162.746,162.655,162.693,4244
2026-07-13T07:30:00+00:00,162.693,162.794,162.692,162.792,6270
2026-07-13T07:45:00+00:00,162.792,162.80100000000002,162.655,162.671,4191
2026-07-13T08:00:00+00:00,162.671,162.68800000000002,162.587,162.623,6576
2026-07-13T08:15:00+00:00,162.623,162.686,162.59,162.678,4984
2026-07-13T08:30:00+00:00,162.678,162.709,162.663,162.67600000000002,3190
2026-07-13T08:45:00+00:00,162.67600000000002,162.686,162.626,162.649,2924
2026-07-13T09:00:00+00:00,162.649,162.671,162.608,162.61,2749
2026-07-13T09:15:00+00:00,162.61,162.619,162.549,162.562,3250
2026-07-13T09:30:00+00:00,162.562,162.601,162.547,162.57500000000002,2698
2026-07-13T09:45:00+00:00,162.57500000000002,162.591,162.548,162.564,2756
2026-07-13T10:00:00+00:00,162.564,162.624,162.561,162.621,2736
2026-07-13T10:15:00+00:00,162.621,162.691,162.621,162.689,3390
2026-07-13T10:30:00+00:00,162.689,162.69,162.65800000000002,162.678,4073
2026-07-13T10:45:00+00:00,162.678,162.686,162.633,162.637,3912
2026-07-13T11:00:00+00:00,162.637,162.672,162.598,162.651,4430
2026-07-13T11:15:00+00:00,162.651,162.715,162.651,162.666,3211
2026-07-13T11:30:00+00:00,162.666,162.687,162.64000000000001,162.641,3166
2026-07-13T11:45:00+00:00,162.641,162.695,162.641,162.68800000000002,2460
2026-07-13T12:00:00+00:00,162.68800000000002,162.744,162.666,162.74,3859
2026-07-13T12:15:00+00:00,162.74,162.762,162.726,162.743,2247
2026-07-13T12:30:00+00:00,162.743,162.762,162.726,162.743,2386
2026-07-13T12:45:00+00:00,162.743,162.746,162.673,162.68200000000002,2247
2026-07-13T13:00:00+00:00,162.68200000000002,162.71,162.642,162.704,4094
2026-07-13T13:15:00+00:00,162.704,162.719,162.681,162.69400000000002,2583
2026-07-13T13:30:00+00:00,162.69400000000002,162.797,162.686,162.768,4039
2026-07-13T13:45:00+00:00,162.768,162.8,162.743,162.791,3532
2026-07-13T14:00:00+00:00,162.791,162.845,162.75300000000001,162.831,3840
2026-07-13T14:15:00+00:00,162.831,162.948,162.82,162.868,6178
2026-07-13T14:30:00+00:00,162.868,162.958,162.857,162.94400000000002,3871
2026-07-13T14:45:00+00:00,162.94400000000002,162.98,162.912,162.916,3600
2026-07-13T15:00:00+00:00,162.916,162.95000000000002,162.91400000000002,162.937,2786
2026-07-13T15:15:00+00:00,162.937,162.94,162.872,162.889,2051
2026-07-13T15:30:00+00:00,162.889,162.916,162.88,162.91,2337
2026-07-13T15:45:00+00:00,162.91,162.942,162.875,162.893,1864
2026-07-13T16:00:00+00:00,162.893,162.918,162.877,162.909,1873
2026-07-13T16:15:00+00:00,162.909,162.982,162.907,162.973,2177
2026-07-13T16:30:00+00:00,162.973,163.019,162.968,162.975,3093
2026-07-13T16:45:00+00:00,162.975,163.035,162.962,163.02,4912
2026-07-13T17:00:00+00:00,163.02,163.036,162.995,163.01,2087
2026-07-13T17:15:00+00:00,163.01,163.02100000000002,162.994,163.011,2172
2026-07-13T17:30:00+00:00,163.011,163.034,163.008,163.031,1681
2026-07-13T17:45:00+00:00,163.031,163.032,163.011,163.032,1610
2026-07-13T18:00:00+00:00,163.032,163.034,163.004,163.022,2457
2026-07-13T18:15:00+00:00,163.022,163.047,162.996,163.002,1518
2026-07-13T18:30:00+00:00,163.002,163.011,162.966,162.973,2363
2026-07-13T18:45:00+00:00,162.973,162.992,162.925,162.928,2647
2026-07-13T19:00:00+00:00,162.928,163.018,162.925,163.017,1590
2026-07-13T19:15:00+00:00,163.017,163.019,162.993,163.011,971
2026-07-13T19:30:00+00:00,163.011,163.018,162.988,163.017,1140
2026-07-13T19:45:00+00:00,163.017,163.035,163.01,163.019,1428
2026-07-13T20:00:00+00:00,163.019,163.044,162.995,163.043,1078
2026-07-13T20:15:00+00:00,163.043,163.055,163.016,163.024,884
2026-07-13T20:30:00+00:00,163.024,163.03300000000002,163.023,163.03,345
2026-07-13T20:45:00+00:00,163.03,163.049,162.999,162.999,971
2026-07-13T21:00:00+00:00,162.999,163.012,162.935,162.936,50.46959365044106
2026-07-13T21:15:00+00:00,162.936,163.01400000000004,162.936,163.01400000000004,67.57963613553491
2026-07-13T21:30:00+00:00,163.01400000000004,163.03600000000003,162.99100000000004,162.99500000000003,215
2026-07-13T21:45:00+00:00,162.99500000000003,162.99500000000003,162.98200000000003,162.99400000000003,102.19338310642658
2026-07-13T22:00:00+00:00,162.99400000000003,163.03300000000004,162.97500000000002,163.01100000000005,311.7821037133977
2026-07-13T22:15:00+00:00,163.01100000000005,163.01300000000003,162.99500000000003,163.00100000000003,303
2026-07-13T22:30:00+00:00,163.00100000000003,163.00400000000005,162.98400000000004,162.98500000000004,280.256434699714
2026-07-13T22:45:00+00:00,162.98500000000004,163.01500000000004,162.98500000000004,163.01400000000004,335
2026-07-13T23:00:00+00:00,163.01400000000004,163.02400000000003,162.98300000000003,162.99500000000003,600
2026-07-13T23:15:00+00:00,162.99500000000003,163.00800000000004,162.98300000000003,162.98600000000005,291
2026-07-13T23:30:00+00:00,162.98600000000005,162.99400000000003,162.96100000000004,162.97400000000005,618
2026-07-13T23:45:00+00:00,162.97400000000005,163.01100000000005,162.96300000000005,162.99200000000005,1353
2026-07-14T00:00:00+00:00,162.99200000000005,163.01500000000004,162.95800000000003,162.97300000000004,2304
2026-07-14T00:15:00+00:00,162.97300000000004,163.04000000000005,162.97000000000003,163.00100000000003,3219
2026-07-14T00:30:00+00:00,163.00100000000003,163.02200000000005,162.86300000000003,162.92400000000004,3367
2026-07-14T00:45:00+00:00,162.92400000000004,162.99500000000003,162.80100000000004,162.95400000000004,7127
2026-07-14T01:00:00+00:00,162.95400000000004,162.95700000000005,162.90100000000004,162.91400000000004,2649
2026-07-14T01:15:00+00:00,162.91400000000004,162.96500000000003,162.89700000000005,162.96100000000004,1856
2026-07-14T01:30:00+00:00,162.96100000000004,162.99500000000003,162.90700000000004,162.96400000000003,2612
2026-07-14T01:45:00+00:00,162.96400000000003,162.99100000000004,162.94700000000003,162.96500000000003,2921
2026-07-14T02:00:00+00:00,162.96500000000003,162.98500000000004,162.91300000000004,162.92000000000004,2511
2026-07-14T02:15:00+00:00,162.92000000000004,162.94100000000003,162.90600000000003,162.92200000000005,2430
2026-07-14T02:30:00+00:00,162.92200000000005,162.94200000000004,162.91000000000005,162.91300000000004,2470
2026-07-14T02:45:00+00:00,162.91300000000004,162.91500000000005,162.87700000000004,162.89500000000004,2332
2026-07-14T03:00:00+00:00,162.89500000000004,162.94200000000004,162.88700000000003,162.90900000000005,2636
2026-07-14T03:15:00+00:00,162.90900000000005,162.92900000000003,162.89500000000004,162.89700000000005,2431
2026-07-14T03:30:00+00:00,162.89700000000005,162.90100000000004,162.79900000000004,162.83500000000004,3298
2026-07-14T03:45:00+00:00,162.83500000000004,162.86100000000005,162.81700000000004,162.85900000000004,2013
2026-07-14T04:00:00+00:00,162.85900000000004,162.88600000000005,162.83100000000005,162.87300000000005,1720
2026-07-14T04:15:00+00:00,162.87300000000005,162.88800000000003,162.85300000000004,162.88600000000005,1907
2026-07-14T04:30:00+00:00,162.88600000000005,162.89000000000004,162.86500000000004,162.87200000000004,1714
2026-07-14T04:45:00+00:00,162.87200000000004,162.91100000000003,162.87000000000003,162.88700000000003,1676
2026-07-14T05:00:00+00:00,162.88700000000003,162.88700000000003,162.85900000000004,162.87600000000003,1463
2026-07-14T05:15:00+00:00,162.87600000000003,162.87700000000004,162.83300000000003,162.87200000000004,1988
2026-07-14T05:30:00+00:00,162.87200000000004,162.87300000000005,162.83100000000005,162.83600000000004,2665
2026-07-14T05:45:00+00:00,162.83600000000004,162.87300000000005,162.81300000000005,162.85800000000003,2380
2026-07-14T06:00:00+00:00,162.85800000000003,162.89800000000005,162.84400000000005,162.88100000000003,3669
2026-07-14T06:15:00+00:00,162.88100000000003,162.94100000000003,162.87000000000003,162.93400000000005,3142
2026-07-14T06:30:00+00:00,162.93400000000005,162.93900000000005,162.86400000000003,162.91100000000003,3949
2026-07-14T06:45:00+00:00,162.91100000000003,162.94000000000005,162.89300000000003,162.91700000000003,2540
2026-07-14T07:00:00+00:00,162.91700000000003,162.94200000000004,162.90700000000004,162.92200000000005,3550
2026-07-14T07:15:00+00:00,162.92200000000005,162.94000000000005,162.86800000000005,162.88600000000005,2417
2026-07-14T07:30:00+00:00,162.88600000000005,162.93400000000005,162.88600000000005,162.92300000000003,2531
2026-07-14T07:45:00+00:00,162.92300000000003,162.92800000000005,162.88700000000003,162.91400000000004,2726
2026-07-14T08:00:00+00:00,162.91400000000004,162.95600000000005,162.90900000000005,162.92300000000003,2981
2026-07-14T08:15:00+00:00,162.92300000000003,162.93600000000004,162.89900000000003,162.90300000000005,1640
2026-07-14T08:30:00+00:00,162.90300000000005,162.91000000000005,162.61900000000003,162.78100000000003,3482
2026-07-14T08:45:00+00:00,162.78100000000003,162.84600000000003,162.75300000000004,162.84400000000005,2914
2026-07-14T09:00:00+00:00,162.84400000000005,162.85300000000004,162.76200000000003,162.76800000000003,3018
2026-07-14T09:15:00+00:00,162.76800000000003,162.81800000000004,162.76700000000005,162.79000000000005,2229
2026-07-14T09:30:00+00:00,162.79000000000005,162.80200000000005,162.77300000000005,162.78200000000004,1999
2026-07-14T09:45:00+00:00,162.78200000000004,162.78400000000005,162.72700000000003,162.75500000000005,2261
2026-07-14T10:00:00+00:00,162.75500000000005,162.78700000000003,162.72800000000004,162.78300000000004,2128
2026-07-14T10:15:00+00:00,162.78300000000004,162.79200000000003,162.76100000000005,162.77700000000004,2326
2026-07-14T10:30:00+00:00,162.77700000000004,162.82700000000006,162.77200000000005,162.81200000000004,2080
2026-07-14T10:45:00+00:00,162.81200000000004,162.83400000000003,162.80400000000003,162.82600000000005,2499
2026-07-14T11:00:00+00:00,162.82600000000005,162.84800000000004,162.80300000000005,162.81500000000005,2714
2026-07-14T11:15:00+00:00,162.81500000000005,162.83300000000003,162.79400000000004,162.81200000000004,2608
2026-07-14T11:30:00+00:00,162.81200000000004,162.81300000000005,162.77400000000003,162.78700000000003,1674
2026-07-14T11:45:00+00:00,162.78700000000003,162.79000000000005,162.75500000000005,162.76900000000003,2110
2026-07-14T12:00:00+00:00,162.76900000000003,162.79400000000004,162.73600000000005,162.77400000000003,2833
2026-07-14T12:15:00+00:00,162.77400000000003,162.80300000000005,162.66700000000003,162.66700000000003,2780
2026-07-14T12:30:00+00:00,162.66700000000003,162.70800000000003,162.16500000000005,162.30300000000005,14995
2026-07-14T12:45:00+00:00,162.30300000000005,162.52100000000004,162.26400000000004,162.48200000000003,9039
2026-07-14T13:00:00+00:00,162.48200000000003,162.52800000000005,162.40100000000004,162.48900000000003,8797
2026-07-14T13:15:00+00:00,162.48900000000003,162.54000000000005,162.42500000000004,162.44100000000003,7283
2026-07-14T13:30:00+00:00,162.44100000000003,162.54700000000005,162.42500000000004,162.52000000000004,6944
2026-07-14T13:45:00+00:00,162.52000000000004,162.53900000000004,162.48100000000005,162.49300000000005,4333
2026-07-14T14:00:00+00:00,162.49300000000005,162.50200000000004,162.41800000000003,162.45500000000004,3838
2026-07-14T14:15:00+00:00,162.45500000000004,162.56700000000004,162.45200000000006,162.55900000000005,6489
2026-07-14T14:30:00+00:00,162.55900000000005,162.58600000000004,162.38400000000004,162.51500000000004,8091
2026-07-14T14:45:00+00:00,162.51500000000004,162.54600000000005,162.49500000000003,162.53900000000004,4223
2026-07-14T15:00:00+00:00,162.53900000000004,162.59900000000005,162.44200000000004,162.49400000000003,6355
2026-07-14T15:15:00+00:00,162.49400000000003,162.54200000000003,162.47700000000003,162.51900000000003,3116
2026-07-14T15:30:00+00:00,162.51900000000003,162.67500000000004,162.51500000000004,162.66400000000004,5187
2026-07-14T15:45:00+00:00,162.66400000000004,162.74100000000004,162.61300000000003,162.71400000000003,4659
2026-07-14T16:00:00+00:00,162.71400000000003,162.76800000000003,162.70600000000005,162.72300000000004,4003
2026-07-14T16:15:00+00:00,162.72300000000004,162.73900000000003,162.70400000000004,162.72900000000004,4231
2026-07-14T16:30:00+00:00,162.72900000000004,162.73100000000005,162.67600000000004,162.70500000000004,2462
2026-07-14T16:45:00+00:00,162.70500000000004,162.72300000000004,162.67700000000005,162.68400000000005,1378
2026-07-14T17:00:00+00:00,162.68400000000005,162.77400000000003,162.68300000000005,162.76700000000005,2654
2026-07-14T17:15:00+00:00,162.76700000000005,162.80700000000004,162.74600000000004,162.75200000000004,3615
2026-07-14T17:30:00+00:00,162.75200000000004,162.77000000000004,162.73100000000005,162.73500000000004,2469
2026-07-14T17:45:00+00:00,162.73500000000004,162.76300000000003,162.72000000000003,162.76300000000003,1653
2026-07-14T18:00:00+00:00,162.76300000000003,162.77500000000003,162.74900000000005,162.75300000000004,1252
2026-07-14T18:15:00+00:00,162.75300000000004,162.78700000000003,162.73300000000003,162.78000000000003,1875
2026-07-14T18:30:00+00:00,162.78000000000003,162.85700000000003,162.77100000000004,162.82600000000005,2955
2026-07-14T18:45:00+00:00,162.82600000000005,162.82800000000003,162.75900000000004,162.76700000000005,1960
2026-07-14T19:00:00+00:00,162.76700000000005,162.76700000000005,162.71400000000003,162.72100000000003,1603
2026-07-14T19:15:00+00:00,162.72100000000003,162.75700000000003,162.70400000000004,162.73300000000003,1943
2026-07-14T19:30:00+00:00,162.73300000000003,162.77100000000004,162.72600000000003,162.74000000000004,2982
2026-07-14T19:45:00+00:00,162.74000000000004,162.78300000000004,162.71000000000004,162.78200000000004,1809
2026-07-14T20:00:00+00:00,162.78200000000004,162.80100000000004,162.77500000000003,162.80100000000004,679
2026-07-14T20:15:00+00:00,162.80100000000004,162.81500000000005,162.79700000000005,162.81400000000005,531
2026-07-14T20:30:00+00:00,162.81400000000005,162.82400000000004,162.80600000000004,162.81800000000004,430
2026-07-14T20:45:00+00:00,162.81800000000004,162.83800000000005,162.80800000000005,162.80800000000005,1467
2026-07-14T21:00:00+00:00,162.80800000000005,162.80800000000005,162.76500000000001,162.77300000000002,63.17037732291669
2026-07-14T21:15:00+00:00,162.77300000000002,162.77300000000002,162.66100000000003,162.70200000000003,44.71674357081688
2026-07-14T21:30:00+00:00,162.70200000000003,162.76400000000004,162.699,162.75000000000003,292.22965100279816
2026-07-14T21:45:00+00:00,162.75000000000003,162.78200000000004,162.74600000000004,162.76000000000002,451
2026-07-14T22:00:00+00:00,162.76000000000002,162.83200000000002,162.75500000000002,162.81900000000005,710
2026-07-14T22:15:00+00:00,162.81900000000005,162.82700000000003,162.79800000000003,162.80000000000004,706
2026-07-14T22:30:00+00:00,162.80000000000004,162.80100000000004,162.77700000000004,162.78400000000002,768
2026-07-14T22:45:00+00:00,162.78400000000002,162.80700000000004,162.77900000000002,162.80200000000002,301
2026-07-14T23:00:00+00:00,162.80200000000002,162.80600000000004,162.77600000000004,162.77600000000004,463
2026-07-14T23:15:00+00:00,162.77600000000004,162.79100000000003,162.75200000000004,162.76400000000004,455
2026-07-14T23:30:00+00:00,162.76400000000004,162.77800000000002,162.73200000000003,162.73800000000003,826
2026-07-14T23:45:00+00:00,162.73800000000003,162.76500000000004,162.73700000000002,162.76300000000003,621
2026-07-15T00:00:00+00:00,162.76300000000003,162.80700000000004,162.74100000000004,162.80100000000004,2014
2026-07-15T00:15:00+00:00,162.80100000000004,162.80800000000002,162.68500000000003,162.71000000000004,2674
2026-07-15T00:30:00+00:00,162.71000000000004,162.80000000000004,162.70700000000002,162.78500000000003,2577
2026-07-15T00:45:00+00:00,162.78500000000003,162.78800000000004,162.64400000000003,162.66600000000003,4096
2026-07-15T01:00:00+00:00,162.66600000000003,162.67800000000003,162.55000000000004,162.56000000000003,3515
2026-07-15T01:15:00+00:00,162.56000000000003,162.64400000000003,162.53100000000003,162.62600000000003,3473
2026-07-15T01:30:00+00:00,162.62600000000003,162.67700000000002,162.60400000000004,162.65600000000003,2534
2026-07-15T01:45:00+00:00,162.65600000000003,162.69500000000002,162.65500000000003,162.66400000000004,2878
2026-07-15T02:00:00+00:00,162.66400000000004,162.68300000000002,162.60400000000004,162.67400000000004,2075
2026-07-15T02:15:00+00:00,162.67400000000004,162.69100000000003,162.66500000000002,162.67400000000004,1621
2026-07-15T02:30:00+00:00,162.67400000000004,162.68000000000004,162.61900000000003,162.63300000000004,1473
2026-07-15T02:45:00+00:00,162.63300000000004,162.67900000000003,162.63000000000002,162.67400000000004,1659
2026-07-15T03:00:00+00:00,162.67400000000004,162.72600000000003,162.65300000000002,162.71300000000002,1626
2026-07-15T03:15:00+00:00,162.71300000000002,162.74800000000002,162.70700000000002,162.72500000000002,2073
2026-07-15T03:30:00+00:00,162.72500000000002,162.74700000000004,162.71600000000004,162.74600000000004,1713
2026-07-15T03:45:00+00:00,162.74600000000004,162.74700000000004,162.70400000000004,162.70900000000003,1838
2026-07-15T04:00:00+00:00,162.70900000000003,162.73800000000003,162.70300000000003,162.73700000000002,908
2026-07-15T04:15:00+00:00,162.73700000000002,162.78500000000003,162.72500000000002,162.78400000000002,1285
2026-07-15T04:30:00+00:00,162.78400000000002,162.79600000000002,162.75900000000004,162.78600000000003,1040
2026-07-15T04:45:00+00:00,162.78600000000003,162.78800000000004,162.77000000000004,162.77800000000002,751
2026-07-15T05:00:00+00:00,162.77800000000002,162.80200000000002,162.74300000000002,162.74800000000002,1534
2026-07-15T05:15:00+00:00,162.74800000000002,162.77800000000002,162.74200000000002,162.77800000000002,1011
2026-07-15T05:30:00+00:00,162.77800000000002,162.77800000000002,162.75300000000004,162.75400000000002,949
2026-07-15T05:45:00+00:00,162.75400000000002,162.78000000000003,162.74500000000003,162.76900000000003,1950
2026-07-15T06:00:00+00:00,162.76900000000003,162.78000000000003,162.73600000000002,162.76300000000003,1706
2026-07-15T06:15:00+00:00,162.76300000000003,162.76600000000002,162.70700000000002,162.74000000000004,1816
2026-07-15T06:30:00+00:00,162.74000000000004,162.76400000000004,162.69000000000003,162.69700000000003,2404
2026-07-15T06:45:00+00:00,162.69700000000003,162.78200000000004,162.66800000000003,162.77700000000004,3208
2026-07-15T07:00:00+00:00,162.77700000000004,162.81100000000004,162.76500000000004,162.79400000000004,2002
2026-07-15T07:15:00+00:00,162.79400000000004,162.87800000000004,162.78900000000004,162.83300000000003,1357
2026-07-15T07:30:00+00:00,162.83300000000003,162.86400000000003,162.80600000000004,162.81100000000004,1851
2026-07-15T07:45:00+00:00,162.81100000000004,162.85400000000004,162.81100000000004,162.83500000000004,1426
2026-07-15T08:00:00+00:00,162.83500000000004,162.91900000000004,162.81300000000005,162.90200000000004,1860
2026-07-15T08:15:00+00:00,162.90200000000004,162.91500000000002,162.84600000000003,162.84600000000003,2045
2026-07-15T08:30:00+00:00,162.84600000000003,162.88300000000004,162.83500000000004,162.86300000000003,2229
2026-07-15T08:45:00+00:00,162.86300000000003,162.90300000000002,162.85900000000004,162.86800000000002,2185
2026-07-15T09:00:00+00:00,162.86800000000002,162.89400000000003,162.80900000000003,162.84400000000002,3793
2026-07-15T09:15:00+00:00,162.84400000000002,162.88700000000003,162.84400000000002,162.88600000000002,1782
2026-07-15T09:30:00+00:00,162.88600000000002,162.90400000000002,162.88500000000002,162.88600000000002,1080
2026-07-15T09:45:00+00:00,162.88600000000002,162.94000000000003,162.88500000000002,162.93300000000002,1320
2026-07-15T10:00:00+00:00,162.93300000000002,162.96400000000003,162.92800000000003,162.94500000000002,1367
2026-07-15T10:15:00+00:00,162.94500000000002,162.99000000000004,162.92800000000003,162.96300000000002,1564
2026-07-15T10:30:00+00:00,162.96300000000002,162.98400000000004,162.95300000000003,162.98000000000002,1801
2026-07-15T10:45:00+00:00,162.98000000000002,162.98400000000004,162.88000000000002,162.89500000000004,1906
2026-07-15T11:00:00+00:00,162.89500000000004,162.93100000000004,162.86500000000004,162.91500000000002,2048
2026-07-15T11:15:00+00:00,162.91500000000002,162.95200000000003,162.91300000000004,162.94200000000004,1565
2026-07-15T11:30:00+00:00,162.94200000000004,162.96300000000002,162.91700000000003,162.93500000000003,2405
2026-07-15T11:45:00+00:00,162.93500000000003,162.93600000000004,162.89200000000002,162.91400000000004,3199
2026-07-15T12:00:00+00:00,162.91400000000004,162.96200000000002,162.90000000000003,162.93300000000002,3165
2026-07-15T12:15:00+00:00,162.93300000000002,162.95300000000003,162.92000000000004,162.92700000000002,2301
2026-07-15T12:30:00+00:00,162.92700000000002,162.92800000000003,162.80300000000003,162.80300000000003,4181
2026-07-15T12:45:00+00:00,162.80300000000003,162.82200000000003,162.70800000000003,162.73200000000003,3604
2026-07-15T13:00:00+00:00,162.73200000000003,162.80300000000003,162.69700000000003,162.79900000000004,3385
2026-07-15T13:15:00+00:00,162.79900000000004,162.85000000000002,162.75600000000003,162.83900000000003,2354
2026-07-15T13:30:00+00:00,162.83900000000003,162.84200000000004,162.77900000000002,162.81400000000002,2983
2026-07-15T13:45:00+00:00,162.81400000000002,162.82800000000003,162.72300000000004,162.77400000000003,3413
2026-07-15T14:00:00+00:00,162.77400000000003,162.80300000000003,162.74500000000003,162.77300000000002,3796
2026-07-15T14:15:00+00:00,162.77300000000002,162.80200000000002,162.73400000000004,162.78900000000004,2862
2026-07-15T14:30:00+00:00,162.78900000000004,162.79700000000003,162.73600000000002,162.76900000000003,3294
2026-07-15T14:45:00+00:00,162.76900000000003,162.76900000000003,162.68400000000003,162.70900000000003,5477
2026-07-15T15:00:00+00:00,162.70900000000003,162.77900000000002,162.67600000000004,162.77900000000002,2515
2026-07-15T15:15:00+00:00,162.77900000000002,162.78500000000003,162.66000000000003,162.67000000000004,3173
2026-07-15T15:30:00+00:00,162.67000000000004,162.71100000000004,162.64300000000003,162.69500000000002,2325
2026-07-15T15:45:00+00:00,162.69500000000002,162.71300000000002,162.65800000000004,162.69900000000004,1835
2026-07-15T16:00:00+00:00,162.69900000000004,162.73900000000003,162.69300000000004,162.73500000000004,1733
2026-07-15T16:15:00+00:00,162.73500000000004,162.73900000000003,162.68800000000005,162.70500000000004,2028
2026-07-15T16:30:00+00:00,162.70500000000004,162.76800000000003,162.70300000000003,162.75800000000004,1762
2026-07-15T16:45:00+00:00,162.75800000000004,162.76500000000004,162.69000000000003,162.73100000000002,3151
2026-07-15T17:00:00+00:00,162.73100000000002,162.73400000000004,162.64200000000002,162.68400000000003,2074
2026-07-15T17:15:00+00:00,162.68400000000003,162.69500000000002,162.65000000000003,162.65700000000004,1975
2026-07-15T17:30:00+00:00,162.65700000000004,162.67800000000003,162.55100000000004,162.59100000000004,3503
2026-07-15T17:45:00+00:00,162.59100000000004,162.62700000000004,162.53600000000003,162.55500000000004,2806
2026-07-15T18:00:00+00:00,162.55500000000004,162.55500000000004,162.46300000000002,162.51600000000002,2603
2026-07-15T18:15:00+00:00,162.51600000000002,162.52800000000002,162.46100000000004,162.47700000000003,1382
2026-07-15T18:30:00+00:00,162.47700000000003,162.55200000000002,162.46400000000003,162.55100000000004,2135
2026-07-15T18:45:00+00:00,162.55100000000004,162.63000000000002,162.54200000000003,162.61300000000003,2837.864884160925
2026-07-15T19:00:00+00:00,162.61300000000003,162.62600000000003,162.57900000000004,162.59500000000003,2237
2026-07-15T19:15:00+00:00,162.59500000000003,162.67500000000004,162.59500000000003,162.67400000000004,1521
2026-07-15T19:30:00+00:00,162.67400000000004,162.82100000000003,162.66200000000003,162.81500000000003,3807
2026-07-15T19:45:00+00:00,162.81500000000003,162.848,162.76700000000002,162.79400000000004,3007
2026-07-15T20:00:00+00:00,162.79400000000004,162.79800000000003,162.76700000000002,162.78500000000003,813
2026-07-15T20:15:00+00:00,162.78500000000003,162.78800000000004,162.76100000000002,162.77200000000002,620
2026-07-15T20:30:00+00:00,162.77200000000002,162.78900000000002,162.76700000000002,162.77700000000002,694.8875531718143
2026-07-15T20:45:00+00:00,162.77700000000002,162.78100000000003,162.741,162.741,797
2026-07-15T21:00:00+00:00,162.741,162.741,162.65200000000002,162.685,70.73077374739199
2026-07-15T21:15:00+00:00,162.685,162.705,162.67000000000002,162.68,665
2026-07-15T21:30:00+00:00,162.68,162.695,162.678,162.69400000000002,374
2026-07-15T21:45:00+00:00,162.69400000000002,162.697,162.67000000000002,162.679,350
2026-07-15T22:00:00+00:00,162.679,162.70600000000002,162.644,162.69,661
2026-07-15T22:15:00+00:00,162.69,162.695,162.638,162.651,705
2026-07-15T22:30:00+00:00,162.651,162.681,162.65,162.666,254
2026-07-15T22:45:00+00:00,162.666,162.69100000000003,162.66200000000003,162.67600000000002,369.95476724386396
2026-07-15T23:00:00+00:00,162.67600000000002,162.67600000000002,162.642,162.644,410
2026-07-15T23:15:00+00:00,162.644,162.654,162.619,162.64700000000002,747
2026-07-15T23:30:00+00:00,162.64700000000002,162.65300000000002,162.621,162.63,823
2026-07-15T23:45:00+00:00,162.63,162.633,162.584,162.62900000000002,1019
2026-07-16T00:00:00+00:00,162.62900000000002,162.685,162.619,162.632,1790
2026-07-16T00:15:00+00:00,162.632,162.655,162.612,162.62900000000002,2666
2026-07-16T00:30:00+00:00,162.62900000000002,162.681,162.625,162.638,1446
2026-07-16T00:45:00+00:00,162.638,162.71,162.608,162.649,3389
2026-07-16T01:00:00+00:00,162.649,162.656,162.604,162.619,1616
2026-07-16T01:15:00+00:00,162.619,162.65300000000002,162.582,162.603,2100
2026-07-16T01:30:00+00:00,162.603,162.637,162.588,162.62300000000002,1954
2026-07-16T01:45:00+00:00,162.62300000000002,162.673,162.615,162.66,2143
2026-07-16T02:00:00+00:00,162.66,162.723,162.657,162.717,2389
2026-07-16T02:15:00+00:00,162.717,162.723,162.655,162.655,2177
2026-07-16T02:30:00+00:00,162.655,162.70000000000002,162.64100000000002,162.68800000000002,2558
2026-07-16T02:45:00+00:00,162.68800000000002,162.72,162.68,162.705,1890
2026-07-16T03:00:00+00:00,162.705,162.711,162.666,162.679,1960
2026-07-16T03:15:00+00:00,162.679,162.68,162.638,162.645,1519
2026-07-16T03:30:00+00:00,162.645,162.654,162.627,162.654,1207
2026-07-16T03:45:00+00:00,162.654,162.66,162.639,162.64000000000001,863
2026-07-16T04:00:00+00:00,162.64000000000001,162.68,162.637,162.678,1055
2026-07-16T04:15:00+00:00,162.678,162.692,162.666,162.692,760
2026-07-16T04:30:00+00:00,162.692,162.695,162.66400000000002,162.67700000000002,921
2026-07-16T04:45:00+00:00,162.67700000000002,162.678,162.64000000000001,162.65300000000002,1643
2026-07-16T05:00:00+00:00,162.65300000000002,162.662,162.64100000000002,162.65200000000002,1001
2026-07-16T05:15:00+00:00,162.65200000000002,162.675,162.639,162.67100000000002,860
2026-07-16T05:30:00+00:00,162.67100000000002,162.695,162.66500000000002,162.668,1289
2026-07-16T05:45:00+00:00,162.668,162.73600000000002,162.65900000000002,162.713,2245
2026-07-16T06:00:00+00:00,162.713,162.727,162.67700000000002,162.692,3185
2026-07-16T06:15:00+00:00,162.692,162.725,162.691,162.698,1881
2026-07-16T06:30:00+00:00,162.698,162.731,162.697,162.711,3351
2026-07-16T06:45:00+00:00,162.711,162.715,162.666,162.674,2395
2026-07-16T07:00:00+00:00,162.674,162.685,162.543,162.596,4082
2026-07-16T07:15:00+00:00,162.596,162.643,162.536,162.642,3020
2026-07-16T07:30:00+00:00,162.642,162.654,162.609,162.62900000000002,1646
2026-07-16T07:45:00+00:00,162.62900000000002,162.65,162.567,162.639,2709
2026-07-16T08:00:00+00:00,162.639,162.709,162.619,162.696,2207
2026-07-16T08:15:00+00:00,162.696,162.702,162.62900000000002,162.669,2901
2026-07-16T08:30:00+00:00,162.669,162.701,162.65300000000002,162.70000000000002,2042
2026-07-16T08:45:00+00:00,162.70000000000002,162.73600000000002,162.684,162.702,2588
2026-07-16T09:00:00+00:00,162.702,162.726,162.67600000000002,162.679,2942
2026-07-16T09:15:00+00:00,162.679,162.702,162.666,162.70000000000002,2339
2026-07-16T09:30:00+00:00,162.70000000000002,162.75,162.697,162.734,3152
2026-07-16T09:45:00+00:00,162.734,162.73600000000002,162.703,162.727,2144
2026-07-16T10:00:00+00:00,162.727,162.751,162.721,162.745,1752
2026-07-16T10:15:00+00:00,162.745,162.746,162.719,162.728,978
2026-07-16T10:30:00+00:00,162.728,162.74,162.722,162.726,1145
2026-07-16T10:45:00+00:00,162.726,162.73600000000002,162.685,162.707,1321
2026-07-16T11:00:00+00:00,162.707,162.715,162.669,162.699,1461
2026-07-16T11:15:00+00:00,162.699,162.741,162.692,162.74,1795
2026-07-16T11:30:00+00:00,162.74,162.74800000000002,162.70600000000002,162.72,1593
2026-07-16T11:45:00+00:00,162.72,162.786,162.701,162.71,5159
2026-07-16T12:00:00+00:00,162.71,162.75300000000001,162.707,162.75,3615
2026-07-16T12:15:00+00:00,162.75,162.77200000000002,162.728,162.728,2638
2026-07-16T12:30:00+00:00,162.728,162.83700000000002,162.717,162.824,2604
2026-07-16T12:45:00+00:00,162.824,162.854,162.817,162.85,2403
2026-07-16T13:00:00+00:00,162.85,162.87,162.78400000000002,162.8,3162
2026-07-16T13:15:00+00:00,162.8,162.82500000000002,162.785,162.785,1961
2026-07-16T13:30:00+00:00,162.785,162.828,162.77,162.828,2526
2026-07-16T13:45:00+00:00,162.828,162.9,162.824,162.872,2671
2026-07-16T14:00:00+00:00,162.872,162.95600000000002,162.864,162.923,2794
2026-07-16T14:15:00+00:00,162.923,162.95600000000002,162.892,162.954,2099
2026-07-16T14:30:00+00:00,162.954,162.983,162.91500000000002,162.97,1888
2026-07-16T14:45:00+00:00,162.97,163.008,162.966,163.001,2024
2026-07-16T15:00:00+00:00,163.001,163.032,162.99200000000002,163.00300000000001,1951
2026-07-16T15:15:00+00:00,163.00300000000001,163.011,162.976,163.00900000000001,1717
2026-07-16T15:30:00+00:00,163.00900000000001,163.02,162.977,162.98000000000002,2610
2026-07-16T15:45:00+00:00,162.98000000000002,162.994,162.965,162.982,1835
2026-07-16T16:00:00+00:00,162.982,163.01500000000001,162.976,163.014,1969
2026-07-16T16:15:00+00:00,163.014,163.102,163.014,163.074,2757
2026-07-16T16:30:00+00:00,163.074,163.078,163.026,163.035,1589
2026-07-16T16:45:00+00:00,163.035,163.04600000000002,163.01000000000002,163.03,1160
2026-07-16T17:00:00+00:00,163.03,163.062,163.03,163.055,1031
2026-07-16T17:15:00+00:00,163.055,163.05700000000002,163.031,163.031,854
2026-07-16T17:30:00+00:00,163.031,163.041,163.017,163.02800000000002,957
2026-07-16T17:45:00+00:00,163.02800000000002,163.02800000000002,162.954,162.97,1404
2026-07-16T18:00:00+00:00,162.97,162.981,162.929,162.933,1661
2026-07-16T18:15:00+00:00,162.933,162.96800000000002,162.92600000000002,162.942,1242
2026-07-16T18:30:00+00:00,162.942,162.969,162.939,162.947,1707
2026-07-16T18:45:00+00:00,162.947,162.96,162.93800000000002,162.946,1024
2026-07-16T19:00:00+00:00,162.946,162.967,162.93200000000002,162.953,915
2026-07-16T19:15:00+00:00,162.953,162.989,162.952,162.978,958
2026-07-16T19:30:00+00:00,162.978,162.981,162.95600000000002,162.96800000000002,1153
2026-07-16T19:45:00+00:00,162.96800000000002,162.969,162.941,162.96,1139
2026-07-16T20:00:00+00:00,162.96,162.96200000000002,162.934,162.949,928
2026-07-16T20:15:00+00:00,162.949,162.955,162.928,162.939,406
2026-07-16T20:30:00+00:00,162.939,162.947,162.911,162.925,601
2026-07-16T20:45:00+00:00,162.925,162.939,162.91500000000002,162.937,802
2026-07-16T21:00:00+00:00,162.937,162.943,162.89000000000001,162.907,156
2026-07-16T21:15:00+00:00,162.907,162.917,162.907,162.917,115
2026-07-16T21:30:00+00:00,162.917,162.948,162.917,162.924,180.7543820146155
2026-07-16T21:45:00+00:00,162.924,162.924,162.906,162.921,190.0577639126497
2026-07-16T22:00:00+00:00,162.921,162.93099999999998,162.87599999999998,162.90699999999998,359
2026-07-16T22:15:00+00:00,162.90699999999998,162.92499999999998,162.904,162.923,298
2026-07-16T22:30:00+00:00,162.923,162.941,162.911,162.941,361
2026-07-16T22:45:00+00:00,162.941,162.94299999999998,162.926,162.927,337
2026-07-16T23:00:00+00:00,162.927,162.941,162.915,162.922,849
2026-07-16T23:15:00+00:00,162.922,162.928,162.904,162.91199999999998,346
2026-07-16T23:30:00+00:00,162.91199999999998,162.915,162.892,162.915,407.07630675314766
2026-07-16T23:45:00+00:00,162.915,162.96599999999998,162.90099999999998,162.952,784
2026-07-17T00:00:00+00:00,162.952,162.993,162.939,162.964,1509
2026-07-17T00:15:00+00:00,162.964,162.99699999999999,162.945,162.974,1659
2026-07-17T00:30:00+00:00,162.974,162.988,162.932,162.964,1921
2026-07-17T00:45:00+00:00,162.964,163.027,162.929,162.988,2754
2026-07-17T01:00:00+00:00,162.988,163.034,162.97899999999998,163.013,1919
2026-07-17T01:15:00+00:00,163.013,163.01399999999998,162.98499999999999,163.012,1336
2026-07-17T01:30:00+00:00,163.012,163.035,162.993,163.013,1476
2026-07-17T01:45:00+00:00,163.013,163.043,163.011,163.035,1214
2026-07-17T02:00:00+00:00,163.035,163.037,162.98999999999998,163.00199999999998,1540
2026-07-17T02:15:00+00:00,163.00199999999998,163.009,162.982,163,924
2026-07-17T02:30:00+00:00,163,163.009,162.971,162.98,1171
2026-07-17T02:45:00+00:00,162.98,162.988,162.90699999999998,162.94,1490
2026-07-17T03:00:00+00:00,162.94,162.956,162.929,162.94299999999998,1348
2026-07-17T03:15:00+00:00,162.94299999999998,162.96099999999998,162.928,162.94899999999998,1237
2026-07-17T03:30:00+00:00,162.94899999999998,162.969,162.945,162.96599999999998,981
2026-07-17T03:45:00+00:00,162.96599999999998,162.981,162.95499999999998,162.962,1245
2026-07-17T04:00:00+00:00,162.962,162.986,162.939,162.97899999999998,934
2026-07-17T04:15:00+00:00,162.97899999999998,162.994,162.976,162.993,713
2026-07-17T04:30:00+00:00,162.993,163.001,162.982,162.98499999999999,806
2026-07-17T04:45:00+00:00,162.98499999999999,162.992,162.97299999999998,162.988,1009
2026-07-17T05:00:00+00:00,162.988,163.013,162.976,163.005,1076
2026-07-17T05:15:00+00:00,163.005,163.01399999999998,162.98499999999999,162.987,954
2026-07-17T05:30:00+00:00,162.987,162.988,162.934,162.952,1717
2026-07-17T05:45:00+00:00,162.952,162.98,162.942,162.97,1766
2026-07-17T06:00:00+00:00,162.97,162.992,162.952,162.97,2214
2026-07-17T06:15:00+00:00,162.97,162.971,162.906,162.916,3143
2026-07-17T06:30:00+00:00,162.916,162.968,162.904,162.95399999999998,2157
2026-07-17T06:45:00+00:00,162.95399999999998,162.963,162.701,162.832,4821
2026-07-17T07:00:00+00:00,162.832,162.833,162.72899999999998,162.744,5081
2026-07-17T07:15:00+00:00,162.744,162.811,162.73,162.792,2611
2026-07-17T07:30:00+00:00,162.792,162.828,162.768,162.811,1888
2026-07-17T07:45:00+00:00,162.811,162.862,162.781,162.857,2032
2026-07-17T08:00:00+00:00,162.857,162.95399999999998,162.834,162.941,2726
2026-07-17T08:15:00+00:00,162.941,162.993,162.906,162.98399999999998,3663
2026-07-17T08:30:00+00:00,162.98399999999998,162.989,162.92,162.932,2613
2026-07-17T08:45:00+00:00,162.932,162.97199999999998,162.932,162.95999999999998,1599
2026-07-17T09:00:00+00:00,162.95999999999998,163.017,162.959,163.01,1998
2026-07-17T09:15:00+00:00,163.01,163.023,162.988,162.99699999999999,1634
2026-07-17T09:30:00+00:00,162.99699999999999,163.022,162.995,162.995,1259
2026-07-17T09:45:00+00:00,162.995,162.995,162.927,162.93099999999998,1315
2026-07-17T10:00:00+00:00,162.93099999999998,162.965,162.927,162.941,1478
2026-07-17T10:15:00+00:00,162.941,162.98999999999998,162.93699999999998,162.983,1213
2026-07-17T10:30:00+00:00,162.983,162.986,162.958,162.963,1112
2026-07-17T10:45:00+00:00,162.963,162.97799999999998,162.928,162.93,1772
2026-07-17T11:00:00+00:00,162.93,162.94299999999998,162.868,162.923,1599
2026-07-17T11:15:00+00:00,162.923,162.933,162.897,162.905,1462
2026-07-17T11:30:00+00:00,162.905,162.916,162.876,162.884,1422
2026-07-17T11:45:00+00:00,162.884,162.939,162.873,162.93099999999998,1429
2026-07-17T12:00:00+00:00,162.93099999999998,162.94,162.906,162.933,2667
2026-07-17T12:15:00+00:00,162.933,162.94,162.875,162.897,2124
2026-07-17T12:30:00+00:00,162.897,162.96099999999998,162.891,162.958,1986
2026-07-17T12:45:00+00:00,162.958,162.98999999999998,162.956,162.981,2242
2026-07-17T13:00:00+00:00,162.981,163.00799999999998,162.96599999999998,162.982,2194
2026-07-17T13:15:00+00:00,162.982,163.013,162.969,162.98499999999999,2311
2026-07-17T13:30:00+00:00,162.98499999999999,163.012,162.891,162.926,3831
2026-07-17T13:45:00+00:00,162.926,162.976,162.912,162.928,3731
2026-07-17T14:00:00+00:00,162.928,162.951,162.899,162.92499999999998,3286
2026-07-17T14:15:00+00:00,162.92499999999998,162.974,162.908,162.96699999999998,2779
2026-07-17T14:30:00+00:00,162.96699999999998,162.974,162.935,162.947,1830
2026-07-17T14:45:00+00:00,162.947,162.983,162.93099999999998,162.977,3133
2026-07-17T15:00:00+00:00,162.977,162.994,162.924,162.959,2298
2026-07-17T15:15:00+00:00,162.959,162.959,162.918,162.93099999999998,1579
2026-07-17T15:30:00+00:00,162.93099999999998,162.992,162.923,162.98499999999999,1881
2026-07-17T15:45:00+00:00,162.98499999999999,163.012,162.97,163.005,1856
2026-07-17T16:00:00+00:00,163.005,163.067,163.003,163.043,3452
2026-07-17T16:15:00+00:00,163.043,163.066,163.03799999999998,163.039,1542
2026-07-17T16:30:00+00:00,163.039,163.071,163.03799999999998,163.063,1400
2026-07-17T16:45:00+00:00,163.063,163.089,162.99699999999999,162.99699999999999,1067
2026-07-17T17:00:00+00:00,162.99699999999999,163.029,162.969,163.027,1584
2026-07-17T17:15:00+00:00,163.027,163.047,163.01999999999998,163.027,2197
2026-07-17T17:30:00+00:00,163.027,163.03799999999998,163.01999999999998,163.03199999999998,1476
2026-07-17T17:45:00+00:00,163.03199999999998,163.042,163.01399999999998,163.016,855
2026-07-17T18:00:00+00:00,163.016,163.031,162.986,163.006,1471
2026-07-17T18:15:00+00:00,163.006,163.03,163,163,2277
2026-07-17T18:30:00+00:00,163,163.018,163,163.015,1445
2026-07-17T18:45:00+00:00,163.015,163.016,162.998,163.01399999999998,1553
2026-07-17T19:00:00+00:00,163.01399999999998,163.01999999999998,162.98499999999999,163.017,808
2026-07-17T19:15:00+00:00,163.017,163.04399999999998,163.016,163.029,832
2026-07-17T19:30:00+00:00,163.029,163.04399999999998,163.013,163.024,808
2026-07-17T19:45:00+00:00,163.024,163.041,162.953,162.956,1701
2026-07-17T20:00:00+00:00,162.956,162.98,162.932,162.97899999999998,785
2026-07-17T20:15:00+00:00,162.97899999999998,163.015,162.975,162.99599999999998,368
2026-07-17T20:30:00+00:00,162.99599999999998,163.005,162.98499999999999,162.99099999999999,468
2026-07-17T20:45:00+00:00,162.99099999999999,162.995,162.92,162.926,943.7819011406843
2026-07-19T21:00:00+00:00,162.926,162.963,162.926,162.956,72.60344421951612
2026-07-19T21:15:00+00:00,162.956,162.95999999999998,162.94299999999998,162.94699999999997,91.43786775845463
2026-07-19T21:30:00+00:00,162.94699999999997,162.951,162.85299999999998,162.90499999999997,413.8898089302488
2026-07-19T21:45:00+00:00,162.90499999999997,162.94199999999998,162.856,162.89399999999998,194.96509631890137
2026-07-19T22:00:00+00:00,162.89399999999998,163.09699999999998,162.89399999999998,163.02199999999996,1599
2026-07-19T22:15:00+00:00,163.02199999999996,163.05799999999996,162.98099999999997,163.03499999999997,1241
2026-07-19T22:30:00+00:00,163.03499999999997,163.04299999999998,163.00999999999996,163.03699999999998,699
2026-07-19T22:45:00+00:00,163.03699999999998,163.04899999999998,163.02099999999996,163.02299999999997,519
2026-07-19T23:00:00+00:00,163.02299999999997,163.05399999999997,162.99599999999998,163.05199999999996,741
2026-07-19T23:15:00+00:00,163.05199999999996,163.05199999999996,163.02199999999996,163.05099999999996,680
2026-07-19T23:30:00+00:00,163.05099999999996,163.06599999999997,163.03599999999997,163.03999999999996,614
2026-07-19T23:45:00+00:00,163.03999999999996,163.06499999999997,163.02499999999998,163.03399999999996,1391
2026-07-20T00:00:00+00:00,163.03399999999996,163.05499999999998,163.01199999999997,163.01599999999996,1400
2026-07-20T00:15:00+00:00,163.01599999999996,163.01599999999996,162.97099999999998,162.97599999999997,2394
2026-07-20T00:30:00+00:00,162.97599999999997,162.98099999999997,162.92399999999998,162.93699999999995,1995
2026-07-20T00:45:00+00:00,162.93699999999995,162.93999999999997,162.84399999999997,162.85499999999996,2400
2026-07-20T01:00:00+00:00,162.85499999999996,162.86799999999997,162.82299999999998,162.86499999999998,2302
2026-07-20T01:15:00+00:00,162.86499999999998,162.92899999999997,162.86099999999996,162.89699999999996,2951
2026-07-20T01:30:00+00:00,162.89699999999996,162.90199999999996,162.86099999999996,162.86799999999997,1510
2026-07-20T01:45:00+00:00,162.86799999999997,162.90299999999996,162.86499999999998,162.87799999999996,947
2026-07-20T02:00:00+00:00,162.87799999999996,162.88899999999998,162.84699999999998,162.86499999999998,1269
2026-07-20T02:15:00+00:00,162.86499999999998,162.87599999999998,162.84999999999997,162.85699999999997,854
2026-07-20T02:30:00+00:00,162.85699999999997,162.87799999999996,162.85199999999998,162.87699999999998,944
2026-07-20T02:45:00+00:00,162.87699999999998,162.88699999999997,162.85999999999996,162.88399999999996,928
2026-07-20T03:00:00+00:00,162.88399999999996,162.88899999999998,162.86699999999996,162.88199999999998,717
2026-07-20T03:15:00+00:00,162.88199999999998,162.89899999999997,162.87499999999997,162.88499999999996,627
2026-07-20T03:30:00+00:00,162.88499999999996,162.88899999999998,162.86899999999997,162.87499999999997,1002
2026-07-20T03:45:00+00:00,162.87499999999997,162.88999999999996,162.86999999999998,162.88899999999998,844
2026-07-20T04:00:00+00:00,162.88899999999998,162.89999999999998,162.88299999999998,162.89199999999997,467
2026-07-20T04:15:00+00:00,162.89199999999997,162.89799999999997,162.86799999999997,162.88599999999997,733
2026-07-20T04:30:00+00:00,162.88599999999997,162.88699999999997,162.85999999999996,162.87099999999998,844
2026-07-20T04:45:00+00:00,162.87099999999998,162.87399999999997,162.84799999999996,162.85499999999996,915
2026-07-20T05:00:00+00:00,162.85499999999996,162.86399999999998,162.83999999999997,162.86199999999997,863
2026-07-20T05:15:00+00:00,162.86199999999997,162.87999999999997,162.85799999999998,162.87599999999998,598
2026-07-20T05:30:00+00:00,162.87599999999998,162.87599999999998,162.84999999999997,162.86199999999997,1053
2026-07-20T05:45:00+00:00,162.86199999999997,162.89399999999998,162.86199999999997,162.89099999999996,840
2026-07-20T06:00:00+00:00,162.89099999999996,162.92599999999996,162.87899999999996,162.91799999999998,1666
2026-07-20T06:15:00+00:00,162.91799999999998,162.91999999999996,162.88899999999998,162.90899999999996,1297
2026-07-20T06:30:00+00:00,162.90899999999996,162.90899999999996,162.88199999999998,162.88799999999998,1268
2026-07-20T06:45:00+00:00,162.88799999999998,162.93199999999996,162.87899999999996,162.92699999999996,1093
2026-07-20T07:00:00+00:00,162.92699999999996,162.96599999999998,162.90599999999998,162.95299999999997,2223
2026-07-20T07:15:00+00:00,162.95299999999997,162.97099999999998,162.91499999999996,162.91499999999996,2352
2026-07-20T07:30:00+00:00,162.91499999999996,162.92299999999997,162.82999999999996,162.83699999999996,3440
2026-07-20T07:45:00+00:00,162.83699999999996,162.89299999999997,162.83499999999998,162.88299999999998,3430
2026-07-20T08:00:00+00:00,162.88299999999998,162.89699999999996,162.86999999999998,162.87099999999998,3144
2026-07-20T08:15:00+00:00,162.87099999999998,162.89299999999997,162.85399999999996,162.89199999999997,1867
2026-07-20T08:30:00+00:00,162.89199999999997,162.89499999999995,162.86199999999997,162.87699999999998,1678
2026-07-20T08:45:00+00:00,162.87699999999998,162.88899999999998,162.86199999999997,162.88899999999998,2019
2026-07-20T09:00:00+00:00,162.88899999999998,162.91899999999995,162.88399999999996,162.89599999999996,1817
2026-07-20T09:15:00+00:00,162.89599999999996,162.92099999999996,162.89199999999997,162.91899999999995,1369
2026-07-20T09:30:00+00:00,162.91899999999995,162.93599999999998,162.91899999999995,162.92899999999997,1871
2026-07-20T09:45:00+00:00,162.92899999999997,162.94999999999996,162.92899999999997,162.93299999999996,1394
2026-07-20T10:00:00+00:00,162.93299999999996,162.94799999999998,162.90999999999997,162.92199999999997,1383
2026-07-20T10:15:00+00:00,162.92199999999997,162.92399999999998,162.90799999999996,162.92199999999997,1072
2026-07-20T10:30:00+00:00,162.92199999999997,162.92399999999998,162.90599999999998,162.91899999999995,903
2026-07-20T10:45:00+00:00,162.91899999999995,162.92199999999997,162.90699999999995,162.92099999999996,1064
2026-07-20T11:00:00+00:00,162.92099999999996,162.94499999999996,162.90899999999996,162.93099999999995,1386
2026-07-20T11:15:00+00:00,162.93099999999995,162.94099999999997,162.91599999999997,162.91899999999995,669
2026-07-20T11:30:00+00:00,162.91899999999995,162.91999999999996,162.72599999999997,162.83399999999997,5714
2026-07-20T11:45:00+00:00,162.83399999999997,162.87299999999996,162.83399999999997,162.86299999999997,1971
2026-07-20T12:00:00+00:00,162.86299999999997,162.92199999999997,162.86099999999996,162.90999999999997,3157
2026-07-20T12:15:00+00:00,162.90999999999997,162.94799999999998,162.90699999999995,162.92199999999997,1623
2026-07-20T12:30:00+00:00,162.92199999999997,162.93599999999998,162.90599999999998,162.93299999999996,1363
2026-07-20T12:45:00+00:00,162.93299999999996,162.93299999999996,162.90299999999996,162.92499999999995,1577
2026-07-20T13:00:00+00:00,162.92499999999995,162.94499999999996,162.91999999999996,162.93399999999997,1604
2026-07-20T13:15:00+00:00,162.93399999999997,162.94099999999997,162.92099999999996,162.93599999999998,1534
2026-07-20T13:30:00+00:00,162.93599999999998,162.94299999999996,162.90599999999998,162.93199999999996,2153
2026-07-20T13:45:00+00:00,162.93199999999996,162.99499999999998,162.90599999999998,162.99499999999998,1687
2026-07-20T14:00:00+00:00,162.99499999999998,163.08199999999997,162.98099999999997,163.04999999999995,3308
2026-07-20T14:15:00+00:00,163.04999999999995,163.07399999999996,163.03399999999996,163.05999999999997,2421
2026-07-20T14:30:00+00:00,163.05999999999997,163.10399999999996,163.05999999999997,163.08699999999996,2097
2026-07-20T14:45:00+00:00,163.08699999999996,163.10499999999996,163.02599999999995,163.03999999999996,2609
2026-07-20T15:00:00+00:00,163.03999999999996,163.09099999999998,163.03899999999996,163.08899999999997,3028
2026-07-20T15:15:00+00:00,163.08899999999997,163.09399999999997,163.06199999999995,163.07499999999996,1301
2026-07-20T15:30:00+00:00,163.07499999999996,163.09999999999997,163.07299999999998,163.07799999999997,1156
2026-07-20T15:45:00+00:00,163.07799999999997,163.08699999999996,163.06199999999995,163.08599999999996,1286
2026-07-20T16:00:00+00:00,163.08599999999996,163.11599999999996,163.04799999999997,163.05099999999996,1302
2026-07-20T16:15:00+00:00,163.05099999999996,163.07599999999996,163.04899999999998,163.06399999999996,1020
2026-07-20T16:30:00+00:00,163.06399999999996,163.08999999999997,163.04699999999997,163.05199999999996,1612
2026-07-20T16:45:00+00:00,163.05199999999996,163.06899999999996,163.04099999999997,163.04199999999997,881
2026-07-20T17:00:00+00:00,163.04199999999997,163.04199999999997,162.99699999999996,163.01499999999996,1043
2026-07-20T17:15:00+00:00,163.01499999999996,163.01699999999997,162.97599999999997,162.98999999999998,1011
2026-07-20T17:30:00+00:00,162.98999999999998,163.00799999999998,162.98199999999997,162.98899999999998,1004
2026-07-20T17:45:00+00:00,162.98899999999998,162.99299999999997,162.97699999999998,162.98099999999997,818
2026-07-20T18:00:00+00:00,162.98099999999997,162.98099999999997,162.95899999999997,162.96199999999996,879
2026-07-20T18:15:00+00:00,162.96199999999996,162.99399999999997,162.93699999999995,162.97899999999996,2011
2026-07-20T18:30:00+00:00,162.97899999999996,163.01599999999996,162.97899999999996,163.01599999999996,1415
2026-07-20T18:45:00+00:00,163.01599999999996,163.04599999999996,163.00999999999996,163.01999999999995,1753
2026-07-20T19:00:00+00:00,163.01999999999995,163.02699999999996,163.00399999999996,163.01699999999997,1446
2026-07-20T19:15:00+00:00,163.01699999999997,163.02399999999997,162.97999999999996,162.98699999999997,1413
2026-07-20T19:30:00+00:00,162.98699999999997,163.01899999999998,162.97899999999996,163.01799999999997,1291
2026-07-20T19:45:00+00:00,163.01799999999997,163.03699999999998,162.98399999999998,163.03599999999997,1154
2026-07-20T20:00:00+00:00,163.03599999999997,163.04299999999998,163.00399999999996,163.02199999999996,940
2026-07-20T20:15:00+00:00,163.02199999999996,163.04799999999997,163.01899999999998,163.02899999999997,622
2026-07-20T20:30:00+00:00,163.02899999999997,163.04799999999997,163.02399999999997,163.04799999999997,546
2026-07-20T20:45:00+00:00,163.04799999999997,163.04999999999995,162.99699999999996,162.99699999999996,827
2026-07-20T21:00:00+00:00,162.99699999999996,162.99899999999997,162.95499999999996,162.98899999999998,49.52068358791338
2026-07-20T21:15:00+00:00,162.98899999999998,163.02799999999996,162.98299999999998,163.02699999999996,187
2026-07-20T21:30:00+00:00,163.02699999999996,163.03599999999997,163.00599999999997,163.01899999999998,1014
2026-07-20T21:45:00+00:00,163.01899999999998,163.01999999999998,163.00499999999997,163.00999999999996,527
2026-07-20T22:00:00+00:00,163.00999999999996,163.02499999999998,163.00399999999996,163.02299999999997,512
2026-07-20T22:15:00+00:00,163.02299999999997,163.02599999999995,163.00399999999996,163.01399999999998,207
2026-07-20T22:30:00+00:00,163.01399999999998,163.03599999999997,163.01099999999997,163.02799999999996,411
2026-07-20T22:45:00+00:00,163.02799999999996,163.02799999999996,163.01199999999997,163.02699999999996,586
2026-07-20T23:00:00+00:00,163.02699999999996,163.03199999999995,163.01299999999998,163.02699999999996,467
2026-07-20T23:15:00+00:00,163.02699999999996,163.03099999999998,163.01499999999996,163.02599999999995,388
2026-07-20T23:30:00+00:00,163.02599999999995,163.03199999999995,163.02099999999996,163.02499999999998,291
2026-07-20T23:45:00+00:00,163.02499999999998,163.03099999999998,163.00999999999996,163.01199999999997,895
2026-07-21T00:00:00+00:00,163.01199999999997,163.01699999999997,162.96999999999997,163.00899999999996,2128
2026-07-21T00:15:00+00:00,163.00899999999996,163.03399999999996,163.00499999999997,163.03399999999996,1843
2026-07-21T00:30:00+00:00,163.03399999999996,163.05799999999996,163.03199999999995,163.03199999999995,1003
2026-07-21T00:45:00+00:00,163.03199999999995,163.05899999999997,163.00599999999997,163.05899999999997,2479
2026-07-21T01:00:00+00:00,163.05899999999997,163.05899999999997,163.01999999999998,163.03199999999995,1336
2026-07-21T01:15:00+00:00,163.03199999999995,163.03799999999995,162.95499999999996,163.00299999999996,1835
2026-07-21T01:30:00+00:00,163.00299999999996,163.04799999999997,162.97899999999996,163.02499999999998,2173
2026-07-21T01:45:00+00:00,163.02499999999998,163.04399999999995,163.01699999999997,163.02899999999997,1185
2026-07-21T02:00:00+00:00,163.02899999999997,163.04699999999997,163.01999999999998,163.03099999999998,1188
2026-07-21T02:15:00+00:00,163.03099999999998,163.03599999999997,163.01099999999997,163.02599999999995,1058
2026-07-21T02:30:00+00:00,163.02599999999995,163.02699999999996,163.01099999999997,163.01899999999998,1113
2026-07-21T02:45:00+00:00,163.01899999999998,163.02399999999997,163.00599999999997,163.01599999999996,815
2026-07-21T03:00:00+00:00,163.01599999999996,163.03899999999996,163.00899999999996,163.03399999999996,1281
2026-07-21T03:15:00+00:00,163.03399999999996,163.03899999999996,163.01699999999997,163.01699999999997,909
2026-07-21T03:30:00+00:00,163.01699999999997,163.02299999999997,162.99499999999998,162.99699999999996,1021
2026-07-21T03:45:00+00:00,162.99699999999996,163.01099999999997,162.97499999999997,163.00999999999996,1390
2026-07-21T04:00:00+00:00,163.00999999999996,163.01499999999996,162.99399999999997,162.99999999999997,1152
2026-07-21T04:15:00+00:00,162.99999999999997,163.00899999999996,162.99599999999998,163.00399999999996,593
2026-07-21T04:30:00+00:00,163.00399999999996,163.02299999999997,162.99799999999996,163.01299999999998,1291
2026-07-21T04:45:00+00:00,163.01299999999998,163.02099999999996,163.00599999999997,163.01099999999997,859
2026-07-21T05:00:00+00:00,163.01099999999997,163.03999999999996,163.00699999999998,163.03699999999998,1088
2026-07-21T05:15:00+00:00,163.03699999999998,163.05099999999996,163.03199999999995,163.03799999999995,947
2026-07-21T05:30:00+00:00,163.03799999999995,163.03899999999996,162.99399999999997,162.99599999999998,1260
2026-07-21T05:45:00+00:00,162.99599999999998,163.04199999999997,162.99399999999997,163.02799999999996,1266
2026-07-21T06:00:00+00:00,163.02799999999996,163.04899999999998,163.00999999999996,163.04399999999995,1568
2026-07-21T06:15:00+00:00,163.04399999999995,163.05399999999997,163.03599999999997,163.04699999999997,1225
2026-07-21T06:30:00+00:00,163.04699999999997,163.07599999999996,163.04199999999997,163.07099999999997,1770
2026-07-21T06:45:00+00:00,163.07099999999997,163.08099999999996,163.04199999999997,163.05099999999996,1595
2026-07-21T07:00:00+00:00,163.05099999999996,163.08499999999998,163.04499999999996,163.08199999999997,1966
2026-07-21T07:15:00+00:00,163.08199999999997,163.11099999999996,163.06899999999996,163.11099999999996,1956
2026-07-21T07:30:00+00:00,163.11099999999996,163.12099999999998,163.07699999999997,163.10999999999996,1313
2026-07-21T07:45:00+00:00,163.10999999999996,163.14099999999996,163.10399999999996,163.12399999999997,1334
2026-07-21T08:00:00+00:00,163.12399999999997,163.17199999999997,163.11099999999996,163.16699999999997,1140
2026-07-21T08:15:00+00:00,163.16699999999997,163.20099999999996,163.16199999999998,163.19499999999996,1614
2026-07-21T08:30:00+00:00,163.19499999999996,163.22199999999998,163.19499999999996,163.20299999999997,1131
2026-07-21T08:45:00+00:00,163.20299999999997,163.22299999999996,163.20299999999997,163.20699999999997,870
2026-07-21T09:00:00+00:00,163.20699999999997,163.21999999999997,163.19299999999996,163.21799999999996,1168
2026-07-21T09:15:00+00:00,163.21799999999996,163.21899999999997,163.14299999999997,163.20499999999996,2455
2026-07-21T09:30:00+00:00,163.20499999999996,163.21799999999996,163.17899999999997,163.19199999999998,1336
2026-07-21T09:45:00+00:00,163.19199999999998,163.20799999999997,163.17799999999997,163.19599999999997,1162
2026-07-21T10:00:00+00:00,163.19599999999997,163.20899999999997,163.16099999999997,163.19299999999996,1940
2026-07-21T10:15:00+00:00,163.19299999999996,163.19899999999996,163.16999999999996,163.17799999999997,1568
2026-07-21T10:30:00+00:00,163.17799999999997,163.21499999999997,163.17099999999996,163.21199999999996,1749
2026-07-21T10:45:00+00:00,163.21199999999996,163.22199999999998,163.18099999999995,163.18899999999996,1695
2026-07-21T11:00:00+00:00,163.18899999999996,163.25799999999998,163.18399999999997,163.24599999999998,1404
2026-07-21T11:15:00+00:00,163.24599999999998,163.26899999999998,163.24499999999998,163.26399999999998,920
2026-07-21T11:30:00+00:00,163.26399999999998,163.27199999999996,163.24999999999997,163.25799999999998,1142
2026-07-21T11:45:00+00:00,163.25799999999998,163.27499999999998,163.24999999999997,163.25599999999997,695
2026-07-21T12:00:00+00:00,163.25599999999997,163.27399999999997,163.24299999999997,163.26299999999998,1529
2026-07-21T12:15:00+00:00,163.26299999999998,163.31999999999996,163.25799999999998,163.31299999999996,1351
2026-07-21T12:30:00+00:00,163.31299999999996,163.32299999999998,163.29599999999996,163.30999999999997,1224
2026-07-21T12:45:00+00:00,163.30999999999997,163.30999999999997,163.21499999999997,163.24799999999996,2232
2026-07-21T13:00:00+00:00,163.24799999999996,163.28999999999996,163.24699999999996,163.27699999999996,1643
2026-07-21T13:15:00+00:00,163.27699999999996,163.32699999999997,163.27399999999997,163.32099999999997,1512
2026-07-21T13:30:00+00:00,163.32099999999997,163.35999999999996,163.29399999999995,163.35299999999998,2119
2026-07-21T13:45:00+00:00,163.35299999999998,163.41299999999995,163.32399999999996,163.39199999999997,3053
2026-07-21T14:00:00+00:00,163.39199999999997,163.44799999999998,163.37799999999996,163.42099999999996,2235
2026-07-21T14:15:00+00:00,163.42099999999996,163.47199999999998,163.42099999999996,163.46999999999997,1542
2026-07-21T14:30:00+00:00,163.46999999999997,163.51199999999997,163.44399999999996,163.48699999999997,2414
2026-07-21T14:45:00+00:00,163.48699999999997,163.56299999999996,163.42599999999996,163.53999999999996,4317
2026-07-21T15:00:00+00:00,163.53999999999996,163.54299999999998,163.47899999999996,163.48299999999998,2247
2026-07-21T15:15:00+00:00,163.48299999999998,163.48599999999996,163.43499999999997,163.48499999999996,2077
2026-07-21T15:30:00+00:00,163.48499999999996,163.53799999999995,163.47099999999998,163.53499999999997,1970
2026-07-21T15:45:00+00:00,163.53499999999997,163.55899999999997,163.52699999999996,163.53699999999998,1085
2026-07-21T16:00:00+00:00,163.53699999999998,163.54899999999998,163.52199999999996,163.53699999999998,1475
2026-07-21T16:15:00+00:00,163.53699999999998,163.55199999999996,163.50899999999996,163.51899999999998,1376
2026-07-21T16:30:00+00:00,163.51899999999998,163.52399999999997,163.48099999999997,163.48599999999996,1026
2026-07-21T16:45:00+00:00,163.48599999999996,163.53099999999998,163.48099999999997,163.52499999999998,866
2026-07-21T17:00:00+00:00,163.52499999999998,163.53699999999998,163.49899999999997,163.53699999999998,641
2026-07-21T17:15:00+00:00,163.53699999999998,163.53999999999996,163.49899999999997,163.50099999999998,529
2026-07-21T17:30:00+00:00,163.50099999999998,163.53799999999995,163.49999999999997,163.52799999999996,684
2026-07-21T17:45:00+00:00,163.52799999999996,163.55199999999996,163.52799999999996,163.55099999999996,521
2026-07-21T18:00:00+00:00,163.55099999999996,163.73999999999998,163.54999999999995,163.66199999999998,3038
2026-07-21T18:15:00+00:00,163.66199999999998,163.70099999999996,163.65099999999995,163.67699999999996,2516
2026-07-21T18:30:00+00:00,163.67699999999996,163.75099999999998,163.66999999999996,163.75099999999998,1948
2026-07-21T18:45:00+00:00,163.75099999999998,163.75599999999997,163.70099999999996,163.70899999999997,1084
2026-07-21T19:00:00+00:00,163.70899999999997,163.74199999999996,163.68399999999997,163.73699999999997,1270
2026-07-21T19:15:00+00:00,163.73699999999997,163.73799999999997,163.68499999999997,163.69499999999996,1469
2026-07-21T19:30:00+00:00,163.69499999999996,163.72599999999997,163.68299999999996,163.72299999999996,1235
2026-07-21T19:45:00+00:00,163.72299999999996,163.73099999999997,163.70699999999997,163.72699999999998,1991
2026-07-21T20:00:00+00:00,163.72699999999998,163.75099999999998,163.72199999999998,163.74799999999996,1132
2026-07-21T20:15:00+00:00,163.74799999999996,163.76099999999997,163.74699999999996,163.75199999999998,375
2026-07-21T20:30:00+00:00,163.75199999999998,163.75699999999998,163.72399999999996,163.73699999999997,561
2026-07-21T20:45:00+00:00,163.73699999999997,163.74199999999996,163.67199999999997,163.67199999999997,1196
2026-07-21T21:00:00+00:00,163.67199999999997,163.69899999999996,163.64199999999997,163.66699999999997,148.08343306548127
2026-07-21T21:15:00+00:00,163.66699999999997,163.70599999999996,163.66699999999997,163.70399999999998,388
2026-07-21T21:30:00+00:00,163.70399999999998,163.70499999999996,163.67299999999997,163.67299999999997,166
2026-07-21T21:45:00+00:00,163.67299999999997,163.67699999999996,163.66999999999996,163.67699999999996,102
2026-07-21T22:00:00+00:00,163.67699999999996,163.71299999999997,163.67699999999996,163.71199999999996,416
2026-07-21T22:15:00+00:00,163.71199999999996,163.71599999999998,163.69799999999998,163.71199999999996,442.64901368402343
2026-07-21T22:30:00+00:00,163.71199999999996,163.71799999999996,163.69699999999997,163.71199999999996,195
2026-07-21T22:45:00+00:00,163.71199999999996,163.72699999999998,163.70699999999997,163.72399999999996,171.07775768535262
2026-07-21T23:00:00+00:00,163.72399999999996,163.74199999999996,163.72099999999998,163.72899999999996,323
2026-07-21T23:15:00+00:00,163.72899999999996,163.74499999999998,163.72099999999998,163.72999999999996,331
2026-07-21T23:30:00+00:00,163.72999999999996,163.74099999999996,163.72399999999996,163.73999999999998,250
2026-07-21T23:45:00+00:00,163.73999999999998,163.74099999999996,163.70799999999997,163.70899999999997,305.2355356476297
2026-07-22T00:00:00+00:00,163.70899999999997,163.72499999999997,163.62899999999996,163.63299999999995,1934
2026-07-22T00:15:00+00:00,163.63299999999995,163.64999999999995,163.55099999999996,163.58399999999997,2200
2026-07-22T00:30:00+00:00,163.58399999999997,163.66599999999997,163.57099999999997,163.63799999999998,1749
2026-07-22T00:45:00+00:00,163.63799999999998,163.69699999999997,163.62299999999996,163.65799999999996,3535
2026-07-22T01:00:00+00:00,163.65799999999996,163.67999999999995,163.61999999999998,163.65899999999996,2681
2026-07-22T01:15:00+00:00,163.65899999999996,163.70499999999996,163.65499999999997,163.68599999999995,2004
2026-07-22T01:30:00+00:00,163.68599999999995,163.72399999999996,163.68399999999997,163.69999999999996,1890
2026-07-22T01:45:00+00:00,163.69999999999996,163.70099999999996,163.66899999999995,163.66999999999996,1226
2026-07-22T02:00:00+00:00,163.66999999999996,163.69899999999996,163.66799999999995,163.68699999999995,1706
2026-07-22T02:15:00+00:00,163.68699999999995,163.69099999999997,163.59199999999996,163.61699999999996,2212
2026-07-22T02:30:00+00:00,163.61699999999996,163.63199999999998,163.60399999999996,163.61899999999997,1360
2026-07-22T02:45:00+00:00,163.61899999999997,163.64999999999995,163.61099999999996,163.63799999999998,1172
2026-07-22T03:00:00+00:00,163.63799999999998,163.67499999999995,163.63299999999995,163.66399999999996,1458
2026-07-22T03:15:00+00:00,163.66399999999996,163.67499999999995,163.64799999999997,163.64899999999997,1097
2026-07-22T03:30:00+00:00,163.64899999999997,163.66499999999996,163.63599999999997,163.65899999999996,1237
2026-07-22T03:45:00+00:00,163.65899999999996,163.68599999999995,163.65599999999995,163.67599999999996,1185
2026-07-22T04:00:00+00:00,163.67599999999996,163.71699999999996,163.67099999999996,163.70899999999997,1181
2026-07-22T04:15:00+00:00,163.70899999999997,163.71799999999996,163.69499999999996,163.69899999999996,1046
2026-07-22T04:30:00+00:00,163.69899999999996,163.70399999999995,163.67199999999997,163.67499999999995,744
2026-07-22T04:45:00+00:00,163.67499999999995,163.70099999999996,163.67199999999997,163.69299999999996,733
2026-07-22T05:00:00+00:00,163.69299999999996,163.69699999999997,163.67299999999997,163.67899999999997,688
2026-07-22T05:15:00+00:00,163.67899999999997,163.69499999999996,163.66799999999995,163.69199999999995,789
2026-07-22T05:30:00+00:00,163.69199999999995,163.70799999999997,163.66499999999996,163.66799999999995,1071
2026-07-22T05:45:00+00:00,163.66799999999995,163.68699999999995,163.60499999999996,163.60999999999996,1684
2026-07-22T06:00:00+00:00,163.60999999999996,163.61399999999998,163.57299999999995,163.60299999999995,2368
2026-07-22T06:15:00+00:00,163.60299999999995,163.64499999999995,163.59499999999997,163.62899999999996,1902
2026-07-22T06:30:00+00:00,163.62899999999996,163.66499999999996,163.61399999999998,163.63899999999995,1494
2026-07-22T06:45:00+00:00,163.63899999999995,163.65699999999995,163.61099999999996,163.61199999999997,1691
2026-07-22T07:00:00+00:00,163.61199999999997,163.63499999999996,163.58699999999996,163.60499999999996,1880
2026-07-22T07:15:00+00:00,163.60499999999996,163.65699999999995,163.60499999999996,163.65199999999996,1300
2026-07-22T07:30:00+00:00,163.65199999999996,163.65399999999997,163.21399999999997,163.46299999999997,6706
2026-07-22T07:45:00+00:00,163.46299999999997,163.49399999999997,163.42099999999996,163.46499999999997,3488
2026-07-22T08:00:00+00:00,163.46499999999997,163.57799999999997,163.42999999999995,163.57599999999996,3064
2026-07-22T08:15:00+00:00,163.57599999999996,163.63199999999998,163.57399999999996,163.59499999999997,2181
2026-07-22T08:30:00+00:00,163.59499999999997,163.59499999999997,163.52299999999997,163.53399999999996,1974
2026-07-22T08:45:00+00:00,163.53399999999996,163.55999999999997,163.47299999999996,163.47899999999996,2540
2026-07-22T09:00:00+00:00,163.47899999999996,163.51199999999997,163.46399999999997,163.50399999999996,2747
2026-07-22T09:15:00+00:00,163.50399999999996,163.51599999999996,163.47999999999996,163.49999999999997,2750
2026-07-22T09:30:00+00:00,163.49999999999997,163.54799999999997,163.49899999999997,163.52099999999996,2010
2026-07-22T09:45:00+00:00,163.52099999999996,163.57199999999997,163.50899999999996,163.55299999999997,1788
2026-07-22T10:00:00+00:00,163.55299999999997,163.59799999999996,163.53699999999995,163.59799999999996,1524
2026-07-22T10:15:00+00:00,163.59799999999996,163.59799999999996,163.55799999999996,163.56399999999996,1203
2026-07-22T10:30:00+00:00,163.56399999999996,163.57499999999996,163.53199999999995,163.54799999999997,913
2026-07-22T10:45:00+00:00,163.54799999999997,163.58599999999996,163.52499999999995,163.53999999999996,1268
2026-07-22T11:00:00+00:00,163.53999999999996,163.55499999999995,163.51299999999998,163.53199999999995,1307
2026-07-22T11:15:00+00:00,163.53199999999995,163.56399999999996,163.52799999999996,163.55999999999997,925
2026-07-22T11:30:00+00:00,163.55999999999997,163.58799999999997,163.53399999999996,163.57199999999997,1438
2026-07-22T11:45:00+00:00,163.57199999999997,163.60099999999997,163.55499999999995,163.59499999999997,1180
2026-07-22T12:00:00+00:00,163.59499999999997,163.60099999999997,163.56999999999996,163.56999999999996,1953
2026-07-22T12:15:00+00:00,163.56999999999996,163.59599999999998,163.56799999999996,163.58399999999997,1519
2026-07-22T12:30:00+00:00,163.58399999999997,163.58699999999996,163.56099999999995,163.57199999999997,1614
2026-07-22T12:45:00+00:00,163.57199999999997,163.65699999999995,163.57199999999997,163.62599999999998,2147
2026-07-22T13:00:00+00:00,163.62599999999998,163.62899999999996,163.58999999999997,163.61399999999998,2386
2026-07-22T13:15:00+00:00,163.61399999999998,163.63099999999997,163.57599999999996,163.58799999999997,1831
2026-07-22T13:30:00+00:00,163.58799999999997,163.59399999999997,163.53399999999996,163.54999999999995,2289
2026-07-22T13:45:00+00:00,163.54999999999995,163.60899999999995,163.54799999999997,163.57899999999995,2209
2026-07-22T14:00:00+00:00,163.57899999999995,163.60299999999995,163.56799999999996,163.57999999999996,1567
2026-07-22T14:15:00+00:00,163.57999999999996,163.60299999999995,163.56799999999996,163.59499999999997,2062
2026-07-22T14:30:00+00:00,163.59499999999997,163.60299999999995,163.57199999999997,163.57699999999997,2167
2026-07-22T14:45:00+00:00,163.57699999999997,163.64099999999996,163.56099999999995,163.63699999999997,2522
2026-07-22T15:00:00+00:00,163.63699999999997,163.63799999999998,163.59599999999998,163.62099999999995,1895
2026-07-22T15:15:00+00:00,163.62099999999995,163.64199999999997,163.61899999999997,163.62599999999998,1044
2026-07-22T15:30:00+00:00,163.62599999999998,163.65399999999997,163.62099999999995,163.62699999999995,1294
2026-07-22T15:45:00+00:00,163.62699999999995,163.63799999999998,163.59099999999995,163.59899999999996,1709
2026-07-22T16:00:00+00:00,163.59899999999996,163.62699999999995,163.58499999999995,163.62399999999997,1395
2026-07-22T16:15:00+00:00,163.62399999999997,163.64099999999996,163.60599999999997,163.61199999999997,1155
2026-07-22T16:30:00+00:00,163.61199999999997,163.63499999999996,163.59999999999997,163.63099999999997,926
2026-07-22T16:45:00+00:00,163.63099999999997,163.63499999999996,163.61299999999997,163.63099999999997,882
2026-07-22T17:00:00+00:00,163.63099999999997,163.65499999999997,163.62499999999997,163.65399999999997,932
2026-07-22T17:15:00+00:00,163.65399999999997,163.66599999999997,163.64199999999997,163.65599999999995,1269
2026-07-22T17:30:00+00:00,163.65599999999995,163.69699999999997,163.65599999999995,163.68299999999996,1074
2026-07-22T17:45:00+00:00,163.68299999999996,163.68499999999997,163.66599999999997,163.67599999999996,1143
2026-07-22T18:00:00+00:00,163.67599999999996,163.69499999999996,163.66799999999995,163.67799999999997,1112
2026-07-22T18:15:00+00:00,163.67799999999997,163.69199999999995,163.64599999999996,163.64799999999997,1386
2026-07-22T18:30:00+00:00,163.64799999999997,163.65499999999997,163.63399999999996,163.63899999999995,779
2026-07-22T18:45:00+00:00,163.63899999999995,163.65799999999996,163.62799999999996,163.64799999999997,689
2026-07-22T19:00:00+00:00,163.64799999999997,163.66699999999997,163.63799999999998,163.66399999999996,1644
2026-07-22T19:15:00+00:00,163.66399999999996,163.66699999999997,163.65399999999997,163.66299999999995,1092
2026-07-22T19:30:00+00:00,163.66299999999995,163.67399999999995,163.65399999999997,163.67199999999997,1393
2026-07-22T19:45:00+00:00,163.67199999999997,163.68099999999995,163.66299999999995,163.66899999999995,1326
2026-07-22T20:00:00+00:00,163.66899999999995,163.67399999999995,163.65499999999997,163.67099999999996,912
2026-07-22T20:15:00+00:00,163.67099999999996,163.67599999999996,163.66199999999995,163.66699999999997,412
2026-07-22T20:30:00+00:00,163.66699999999997,163.67199999999997,163.66399999999996,163.66999999999996,458
2026-07-22T20:45:00+00:00,163.66999999999996,163.68599999999995,163.65999999999997,163.65999999999997,2677
2026-07-22T21:00:00+00:00,163.65999999999997,163.65999999999997,163.58899999999997,163.60699999999997,110.62348168492929
2026-07-22T21:15:00+00:00,163.60699999999997,163.61999999999998,163.60699999999997,163.61199999999997,137.93104809526943
2026-07-22T21:30:00+00:00,163.61199999999997,163.63699999999997,163.60799999999998,163.63199999999998,224
2026-07-22T21:45:00+00:00,163.63199999999998,163.63499999999996,163.60899999999998,163.61099999999996,172
2026-07-22T22:00:00+00:00,163.61099999999996,163.64899999999997,163.60199999999998,163.61399999999998,393
2026-07-22T22:15:00+00:00,163.61399999999998,163.62699999999998,163.60299999999998,163.62299999999996,408
2026-07-22T22:30:00+00:00,163.62299999999996,163.66999999999996,163.62199999999996,163.65099999999995,525
2026-07-22T22:45:00+00:00,163.65099999999995,163.65099999999995,163.63199999999998,163.63699999999997,230
2026-07-22T23:00:00+00:00,163.63699999999997,163.64599999999996,163.61499999999998,163.63699999999997,422
2026-07-22T23:15:00+00:00,163.63699999999997,163.63799999999998,163.61699999999996,163.63099999999997,200.01526265972552
2026-07-22T23:30:00+00:00,163.63099999999997,163.63399999999996,163.61699999999996,163.61799999999997,283
2026-07-22T23:45:00+00:00,163.61799999999997,163.63299999999995,163.60899999999995,163.60899999999995,703
2026-07-23T00:00:00+00:00,163.60899999999995,163.62399999999997,163.58399999999997,163.62099999999995,1239
2026-07-23T00:15:00+00:00,163.62099999999995,163.63499999999996,163.60299999999995,163.61799999999997,1657
2026-07-23T00:30:00+00:00,163.61799999999997,163.62499999999997,163.60599999999997,163.61599999999996,1930
2026-07-23T00:45:00+00:00,163.61599999999996,163.65799999999996,163.56599999999997,163.57699999999997,1801
2026-07-23T01:00:00+00:00,163.57699999999997,163.60599999999997,163.54399999999995,163.58499999999995,3370
2026-07-23T01:15:00+00:00,163.58499999999995,163.59199999999996,163.56699999999995,163.58999999999997,791
2026-07-23T01:30:00+00:00,163.58999999999997,163.59299999999996,163.51399999999995,163.54499999999996,2346
2026-07-23T01:45:00+00:00,163.54499999999996,163.58599999999996,163.54499999999996,163.58399999999997,2142
2026-07-23T02:00:00+00:00,163.58399999999997,163.59599999999998,163.56699999999995,163.58299999999997,1653
2026-07-23T02:15:00+00:00,163.58299999999997,163.59699999999995,163.56599999999997,163.58999999999997,1248
2026-07-23T02:30:00+00:00,163.58999999999997,163.61799999999997,163.58199999999997,163.59499999999997,1180
2026-07-23T02:45:00+00:00,163.59499999999997,163.60499999999996,163.58199999999997,163.58999999999997,1109
2026-07-23T03:00:00+00:00,163.58999999999997,163.60499999999996,163.57799999999997,163.60499999999996,1431
2026-07-23T03:15:00+00:00,163.60499999999996,163.60599999999997,163.56399999999996,163.57599999999996,1127
2026-07-23T03:30:00+00:00,163.57599999999996,163.58299999999997,163.56299999999996,163.56599999999997,666
2026-07-23T03:45:00+00:00,163.56599999999997,163.57799999999997,163.55099999999996,163.56199999999995,792
2026-07-23T04:00:00+00:00,163.56199999999995,163.57999999999996,163.54799999999997,163.57099999999997,1128
2026-07-23T04:15:00+00:00,163.57099999999997,163.58199999999997,163.55999999999997,163.56399999999996,620
2026-07-23T04:30:00+00:00,163.56399999999996,163.57999999999996,163.56399999999996,163.57599999999996,435
2026-07-23T04:45:00+00:00,163.57599999999996,163.60199999999998,163.57399999999996,163.59199999999996,677
2026-07-23T05:00:00+00:00,163.59199999999996,163.60399999999996,163.58599999999996,163.59899999999996,524
2026-07-23T05:15:00+00:00,163.59899999999996,163.62799999999996,163.59899999999996,163.61399999999998,697.6554304799604
2026-07-23T05:30:00+00:00,163.61399999999998,163.61599999999996,163.58599999999996,163.60299999999995,873
2026-07-23T05:45:00+00:00,163.60299999999995,163.62999999999997,163.59899999999996,163.62899999999996,742
2026-07-23T06:00:00+00:00,163.62899999999996,163.63599999999997,163.59099999999995,163.59699999999995,1724
2026-07-23T06:15:00+00:00,163.59699999999995,163.62099999999995,163.58899999999997,163.59099999999995,1934
2026-07-23T06:30:00+00:00,163.59099999999995,163.61699999999996,163.58799999999997,163.60899999999995,2130
2026-07-23T06:45:00+00:00,163.60899999999995,163.63499999999996,163.60699999999997,163.62999999999997,1395
2026-07-23T07:00:00+00:00,163.62999999999997,163.67799999999997,163.62999999999997,163.65299999999996,2571
2026-07-23T07:15:00+00:00,163.65299999999996,163.69299999999996,163.65299999999996,163.68399999999997,1832
2026-07-23T07:30:00+00:00,163.68399999999997,163.78299999999996,163.68399999999997,163.74899999999997,1651
2026-07-23T07:45:00+00:00,163.74899999999997,163.94599999999997,163.70999999999995,163.83899999999997,6417
2026-07-23T08:00:00+00:00,163.83899999999997,163.91799999999995,163.80599999999995,163.90199999999996,3248
2026-07-23T08:15:00+00:00,163.90199999999996,163.92099999999996,163.88099999999997,163.91799999999995,1375
2026-07-23T08:30:00+00:00,163.91799999999995,163.96199999999996,163.89199999999997,163.91399999999996,1615
2026-07-23T08:45:00+00:00,163.91399999999996,163.91799999999995,163.85399999999996,163.86199999999997,2068
2026-07-23T09:00:00+00:00,163.86199999999997,163.88299999999995,163.80899999999997,163.88199999999998,1751
2026-07-23T09:15:00+00:00,163.88199999999998,163.91599999999997,163.85899999999995,163.89799999999997,1360
2026-07-23T09:30:00+00:00,163.89799999999997,163.89999999999995,163.83899999999997,163.85799999999998,917
2026-07-23T09:45:00+00:00,163.85799999999998,163.89699999999996,163.85299999999995,163.88799999999998,831
2026-07-23T10:00:00+00:00,163.88799999999998,163.90299999999996,163.87499999999997,163.87799999999996,1032
2026-07-23T10:15:00+00:00,163.87799999999996,163.89199999999997,163.86699999999996,163.88099999999997,1382
2026-07-23T10:30:00+00:00,163.88099999999997,163.89599999999996,163.86899999999997,163.87999999999997,1455
2026-07-23T10:45:00+00:00,163.87999999999997,163.90399999999997,163.87799999999996,163.89699999999996,2084
2026-07-23T11:00:00+00:00,163.89699999999996,163.90499999999997,163.87999999999997,163.87999999999997,1370
2026-07-23T11:15:00+00:00,163.87999999999997,163.94599999999997,163.87999999999997,163.93799999999996,1128
2026-07-23T11:30:00+00:00,163.93799999999996,164.15299999999996,163.93599999999995,164.11099999999996,4705
2026-07-23T11:45:00+00:00,164.11099999999996,164.11199999999997,163.83699999999996,164.01199999999997,5725
2026-07-23T12:00:00+00:00,164.01199999999997,164.03499999999997,163.97999999999996,163.99699999999996,2321
2026-07-23T12:15:00+00:00,163.99699999999996,164.11499999999995,163.98799999999997,164.09799999999996,2291
2026-07-23T12:30:00+00:00,164.09799999999996,164.27599999999995,164.09799999999996,164.23199999999997,3484
2026-07-23T12:45:00+00:00,164.23199999999997,164.24499999999998,164.17299999999997,164.19499999999996,5198
2026-07-23T13:00:00+00:00,164.19499999999996,164.36799999999997,164.18699999999995,164.33299999999997,3273
2026-07-23T13:15:00+00:00,164.33299999999997,164.34299999999996,164.29499999999996,164.30799999999996,3007
2026-07-23T13:30:00+00:00,164.30799999999996,164.36599999999996,164.25499999999997,164.36599999999996,3854
2026-07-23T13:45:00+00:00,164.36599999999996,164.48399999999995,164.36199999999997,164.48199999999997,3348
2026-07-23T14:00:00+00:00,164.48199999999997,164.48299999999998,164.40199999999996,164.41399999999996,3687
2026-07-23T14:15:00+00:00,164.41399999999996,164.47099999999998,164.39399999999998,164.45799999999997,4205
2026-07-23T14:30:00+00:00,164.45799999999997,164.47399999999996,164.41599999999997,164.45999999999995,2399
2026-07-23T14:45:00+00:00,164.45999999999995,164.50899999999996,164.44099999999997,164.44099999999997,2113
2026-07-23T15:00:00+00:00,164.44099999999997,164.47399999999996,164.36899999999997,164.37999999999997,2811
2026-07-23T15:15:00+00:00,164.37999999999997,164.40599999999995,164.29499999999996,164.38899999999995,4251
2026-07-23T15:30:00+00:00,164.38899999999995,164.43599999999995,164.30999999999997,164.34199999999996,4743
2026-07-23T15:45:00+00:00,164.34199999999996,164.36499999999995,164.30599999999995,164.32499999999996,1845
2026-07-23T16:00:00+00:00,164.32499999999996,164.35499999999996,164.30099999999996,164.30299999999997,1309
2026-07-23T16:15:00+00:00,164.30299999999997,164.35299999999995,164.26599999999996,164.26899999999998,1510
2026-07-23T16:30:00+00:00,164.26899999999998,164.31599999999997,164.24399999999997,164.27599999999995,1604
2026-07-23T16:45:00+00:00,164.27599999999995,164.30099999999996,164.27099999999996,164.28899999999996,1772
2026-07-23T17:00:00+00:00,164.28899999999996,164.30899999999997,164.23799999999997,164.28999999999996,2797
2026-07-23T17:15:00+00:00,164.28999999999996,164.30599999999995,164.25999999999996,164.30299999999997,1976
2026-07-23T17:30:00+00:00,164.30299999999997,164.32899999999995,164.29999999999995,164.32699999999997,1732
2026-07-23T17:45:00+00:00,164.32699999999997,164.36599999999996,164.32699999999997,164.36199999999997,1198
2026-07-23T18:00:00+00:00,164.36199999999997,164.36799999999997,164.32399999999996,164.33099999999996,1157
2026-07-23T18:15:00+00:00,164.33099999999996,164.33299999999997,164.30399999999997,164.31699999999995,1236
2026-07-23T18:30:00+00:00,164.31699999999995,164.34099999999995,164.29999999999995,164.31499999999997,1385
2026-07-23T18:45:00+00:00,164.31499999999997,164.34199999999996,164.31399999999996,164.32599999999996,1291
2026-07-23T19:00:00+00:00,164.32599999999996,164.34199999999996,164.29799999999997,164.33999999999997,967
2026-07-23T19:15:00+00:00,164.33999999999997,164.35799999999998,164.33099999999996,164.33199999999997,830
2026-07-23T19:30:00+00:00,164.33199999999997,164.36599999999996,164.29499999999996,164.36599999999996,1286
2026-07-23T19:45:00+00:00,164.36599999999996,164.37999999999997,164.32899999999995,164.34499999999997,1272
2026-07-23T20:00:00+00:00,164.34499999999997,164.34799999999996,164.32399999999996,164.34399999999997,729
2026-07-23T20:15:00+00:00,164.34399999999997,164.36199999999997,164.33799999999997,164.34799999999996,629
2026-07-23T20:30:00+00:00,164.34799999999996,164.39799999999997,164.34299999999996,164.39599999999996,378
2026-07-23T20:45:00+00:00,164.39599999999996,164.39599999999996,164.35299999999995,164.35299999999995,889
2026-07-23T21:00:00+00:00,164.35299999999995,164.35299999999995,164.32699999999997,164.33799999999997,28.90010112610293
2026-07-23T21:15:00+00:00,164.33799999999997,164.38199999999995,164.33799999999997,164.36999999999995,191.57588383838385
2026-07-23T21:30:00+00:00,164.36999999999995,164.36999999999995,164.31099999999995,164.31499999999994,323
2026-07-23T21:45:00+00:00,164.31499999999994,164.32299999999995,164.28799999999995,164.31499999999994,476
2026-07-23T22:00:00+00:00,164.31499999999994,164.37299999999996,164.31299999999996,164.36199999999997,609
2026-07-23T22:15:00+00:00,164.36199999999997,164.37699999999995,164.36199999999997,164.37599999999995,174.73606505319097
2026-07-23T22:30:00+00:00,164.37599999999995,164.38199999999995,164.35799999999995,164.36499999999995,347
2026-07-23T22:45:00+00:00,164.36499999999995,164.37999999999997,164.36399999999995,164.37899999999996,353
2026-07-23T23:00:00+00:00,164.37899999999996,164.38399999999996,164.36899999999997,164.36899999999997,309
2026-07-23T23:15:00+00:00,164.36899999999997,164.36899999999997,164.34599999999995,164.34899999999996,427
2026-07-23T23:30:00+00:00,164.34899999999996,164.36499999999995,164.33599999999996,164.36199999999997,350
2026-07-23T23:45:00+00:00,164.36199999999997,164.40099999999995,164.35999999999996,164.37199999999996,992
2026-07-24T00:00:00+00:00,164.37199999999996,164.43099999999995,164.32599999999996,164.38199999999995,3033
2026-07-24T00:15:00+00:00,164.38199999999995,164.42099999999996,164.36199999999997,164.39099999999996,2311
2026-07-24T00:30:00+00:00,164.39099999999996,164.45699999999997,164.37399999999997,164.45699999999997,1442
2026-07-24T00:45:00+00:00,164.45699999999997,164.46799999999996,164.34499999999997,164.34499999999997,4434
2026-07-24T01:00:00+00:00,164.34499999999997,164.39199999999997,164.33299999999997,164.37999999999997,2120
2026-07-24T01:15:00+00:00,164.37999999999997,164.38499999999996,164.30699999999996,164.37699999999995,2731
2026-07-24T01:30:00+00:00,164.37699999999995,164.38099999999997,164.25699999999995,164.26799999999997,2830
2026-07-24T01:45:00+00:00,164.26799999999997,164.31399999999996,164.26799999999997,164.30899999999997,1633
2026-07-24T02:00:00+00:00,164.30899999999997,164.33999999999995,164.29499999999996,164.30599999999995,2073
2026-07-24T02:15:00+00:00,164.30599999999995,164.31799999999996,164.28199999999995,164.30999999999995,2176
2026-07-24T02:30:00+00:00,164.30999999999995,164.31299999999996,164.25999999999996,164.29899999999995,1607
2026-07-24T02:45:00+00:00,164.29899999999995,164.31399999999996,164.28399999999996,164.30799999999996,1106
2026-07-24T03:00:00+00:00,164.30799999999996,164.35799999999995,164.30099999999996,164.35299999999995,1441
2026-07-24T03:15:00+00:00,164.35299999999995,164.39999999999995,164.34799999999996,164.38899999999995,939
2026-07-24T03:30:00+00:00,164.38899999999995,164.39199999999997,164.33999999999995,164.35099999999997,1765
2026-07-24T03:45:00+00:00,164.35099999999997,164.35899999999995,164.32599999999996,164.33599999999996,1588
2026-07-24T04:00:00+00:00,164.33599999999996,164.34899999999996,164.31499999999997,164.34099999999995,3662
2026-07-24T04:15:00+00:00,164.34099999999995,164.36899999999997,164.34099999999995,164.36799999999997,1425
2026-07-24T04:30:00+00:00,164.36799999999997,164.37599999999995,164.34599999999995,164.36199999999997,1186
2026-07-24T04:45:00+00:00,164.36199999999997,164.37599999999995,164.35699999999997,164.35799999999995,776
2026-07-24T05:00:00+00:00,164.35799999999995,164.36099999999996,164.33599999999996,164.34999999999997,662
2026-07-24T05:15:00+00:00,164.34999999999997,164.35999999999996,164.33199999999997,164.33999999999995,1222
2026-07-24T05:30:00+00:00,164.33999999999995,164.35599999999997,164.32699999999997,164.34599999999995,1090
2026-07-24T05:45:00+00:00,164.34599999999995,164.37899999999996,164.33399999999995,164.37199999999996,1117
2026-07-24T06:00:00+00:00,164.37199999999996,164.37999999999997,164.30799999999996,164.33999999999995,1948
2026-07-24T06:15:00+00:00,164.33999999999995,164.34199999999996,164.29899999999995,164.31799999999996,2204
2026-07-24T06:30:00+00:00,164.31799999999996,164.33599999999996,164.30599999999995,164.31199999999995,1504
2026-07-24T06:45:00+00:00,164.31199999999995,164.32799999999995,164.29699999999997,164.29699999999997,1798
2026-07-24T07:00:00+00:00,164.29699999999997,164.31199999999995,164.18299999999996,164.22499999999997,4011
2026-07-24T07:15:00+00:00,164.22499999999997,164.28499999999997,164.22299999999996,164.22599999999997,1929
2026-07-24T07:30:00+00:00,164.22599999999997,164.32399999999996,164.19599999999997,164.30099999999996,2115
2026-07-24T07:45:00+00:00,164.30099999999996,164.33599999999996,164.28999999999996,164.29599999999996,1744
2026-07-24T08:00:00+00:00,164.29599999999996,164.34299999999996,164.28699999999995,164.29899999999995,1639
2026-07-24T08:15:00+00:00,164.29899999999995,164.32599999999996,164.26899999999995,164.26999999999995,2105
2026-07-24T08:30:00+00:00,164.26999999999995,164.31699999999995,164.25499999999997,164.30599999999995,1621
2026-07-24T08:45:00+00:00,164.30599999999995,164.33499999999995,164.25599999999997,164.26499999999996,1733
2026-07-24T09:00:00+00:00,164.26499999999996,164.29599999999996,164.26399999999995,164.26999999999995,2043
2026-07-24T09:15:00+00:00,164.26999999999995,164.28399999999996,164.25799999999995,164.27299999999997,1628
2026-07-24T09:30:00+00:00,164.27299999999997,164.29299999999995,164.25799999999995,164.26599999999996,1790
2026-07-24T09:45:00+00:00,164.26599999999996,164.27699999999996,164.21899999999997,164.22099999999995,1721
2026-07-24T10:00:00+00:00,164.22099999999995,164.26799999999997,164.20799999999997,164.25899999999996,1190
2026-07-24T10:15:00+00:00,164.25899999999996,164.26199999999997,164.23699999999997,164.25299999999996,1160
2026-07-24T10:30:00+00:00,164.25299999999996,164.28999999999996,164.23799999999997,164.28699999999995,1033
2026-07-24T10:45:00+00:00,164.28699999999995,164.33799999999997,164.28599999999994,164.32199999999995,1102
2026-07-24T11:00:00+00:00,164.32199999999995,164.33199999999997,164.29199999999994,164.29599999999996,1366
2026-07-24T11:15:00+00:00,164.29599999999996,164.31999999999996,164.29299999999995,164.31599999999995,1030
2026-07-24T11:30:00+00:00,164.31599999999995,164.33499999999995,164.29199999999994,164.33099999999996,1344
2026-07-24T11:45:00+00:00,164.33099999999996,164.36999999999995,164.31499999999997,164.33899999999997,2578
2026-07-24T12:00:00+00:00,164.33899999999997,164.36399999999995,164.33099999999996,164.33799999999997,2703
2026-07-24T12:15:00+00:00,164.33799999999997,164.37099999999995,164.33099999999996,164.35999999999996,1666
2026-07-24T12:30:00+00:00,164.35999999999996,164.37599999999995,164.33699999999996,164.36199999999997,1640
2026-07-24T12:45:00+00:00,164.36199999999997,164.39499999999995,164.35499999999996,164.38199999999995,1064
2026-07-24T13:00:00+00:00,164.38199999999995,164.40899999999996,164.37099999999995,164.37599999999995,1579
2026-07-24T13:15:00+00:00,164.37599999999995,164.40499999999997,164.37399999999997,164.39699999999996,1482
2026-07-24T13:30:00+00:00,164.39699999999996,164.40299999999996,164.35599999999997,164.36799999999997,1670
2026-07-24T13:45:00+00:00,164.36799999999997,164.38999999999996,164.31399999999996,164.31399999999996,2142
2026-07-24T14:00:00+00:00,164.31399999999996,164.36699999999996,164.29599999999996,164.35999999999996,1757
2026-07-24T14:15:00+00:00,164.35999999999996,164.35999999999996,164.30899999999997,164.32099999999997,1321
2026-07-24T14:30:00+00:00,164.32099999999997,164.33399999999995,164.28699999999995,164.29499999999996,1749
2026-07-24T14:45:00+00:00,164.29499999999996,164.30299999999997,164.22699999999995,164.28799999999995,2711
2026-07-24T15:00:00+00:00,164.28799999999995,164.30699999999996,164.19799999999995,164.21299999999997,2856
2026-07-24T15:15:00+00:00,164.21299999999997,164.23699999999997,164.17599999999996,164.22599999999997,3168
2026-07-24T15:30:00+00:00,164.22599999999997,164.28299999999996,164.21599999999995,164.26399999999995,1803
2026-07-24T15:45:00+00:00,164.26399999999995,164.27199999999996,164.23799999999997,164.24099999999996,825
2026-07-24T16:00:00+00:00,164.24099999999996,164.27699999999996,164.23799999999997,164.24199999999996,1738
2026-07-24T16:15:00+00:00,164.24199999999996,164.26699999999997,164.23399999999995,164.25699999999995,1246
2026-07-24T16:30:00+00:00,164.25699999999995,164.28999999999996,164.24699999999996,164.28299999999996,1660
2026-07-24T16:45:00+00:00,164.28299999999996,164.31199999999995,164.27699999999996,164.31199999999995,1241
2026-07-24T17:00:00+00:00,164.31199999999995,164.35399999999996,164.31199999999995,164.34599999999995,1288
2026-07-24T17:15:00+00:00,164.34599999999995,164.36199999999997,164.33399999999995,164.34299999999996,840
2026-07-24T17:30:00+00:00,164.34299999999996,164.36999999999995,164.34299999999996,164.35599999999997,706
2026-07-24T17:45:00+00:00,164.35599999999997,164.36999999999995,164.34299999999996,164.34299999999996,465
2026-07-24T18:00:00+00:00,164.34299999999996,164.35899999999995,164.34099999999995,164.34699999999995,492
2026-07-24T18:15:00+00:00,164.34699999999995,164.37199999999996,164.32999999999996,164.37099999999995,561
2026-07-24T18:30:00+00:00,164.37099999999995,164.38599999999997,164.35799999999995,164.37099999999995,647
2026-07-24T18:45:00+00:00,164.37099999999995,164.37699999999995,164.36199999999997,164.37199999999996,521
2026-07-24T19:00:00+00:00,164.37199999999996,164.37199999999996,164.33999999999995,164.35899999999995,485
2026-07-24T19:15:00+00:00,164.35899999999995,164.38399999999996,164.35899999999995,164.38299999999995,577
2026-07-24T19:30:00+00:00,164.38299999999995,164.38499999999996,164.34499999999997,164.35799999999995,1116
2026-07-24T19:45:00+00:00,164.35799999999995,164.38399999999996,164.35499999999996,164.38199999999995,556
2026-07-24T20:00:00+00:00,164.38199999999995,164.38599999999997,164.37199999999996,164.38499999999996,323
2026-07-24T20:15:00+00:00,164.38499999999996,164.39399999999995,164.38299999999995,164.38799999999995,313
2026-07-24T20:30:00+00:00,164.38799999999995,164.39899999999997,164.38099999999997,164.38299999999995,170
2026-07-24T20:45:00+00:00,164.38299999999995,164.39299999999997,164.35599999999994,164.35699999999994,661.8509048453006
2026-07-26T21:00:00+00:00,164.35699999999994,164.38299999999995,164.29499999999996,164.30399999999995,81.61552452499203
2026-07-26T21:15:00+00:00,164.30399999999995,164.43499999999995,164.29399999999993,164.40199999999993,486
2026-07-26T21:30:00+00:00,164.40199999999993,164.42299999999994,164.33799999999994,164.42299999999994,435
2026-07-26T21:45:00+00:00,164.42299999999994,164.42399999999995,164.31799999999993,164.37199999999993,534
2026-07-26T22:00:00+00:00,164.37199999999993,164.44799999999995,164.32299999999995,164.42099999999994,2023
2026-07-26T22:15:00+00:00,164.42099999999994,164.47299999999993,164.41799999999995,164.46199999999993,892
2026-07-26T22:30:00+00:00,164.46199999999993,164.46499999999995,164.43399999999994,164.44899999999993,644
2026-07-26T22:45:00+00:00,164.44899999999993,164.46699999999993,164.43799999999993,164.46199999999993,546
2026-07-26T23:00:00+00:00,164.46199999999993,164.46399999999994,164.44099999999995,164.45199999999994,570
2026-07-26T23:15:00+00:00,164.45199999999994,164.45499999999993,164.43599999999995,164.44799999999995,379
2026-07-26T23:30:00+00:00,164.44799999999995,164.45099999999994,164.41399999999993,164.42999999999995,472
2026-07-26T23:45:00+00:00,164.42999999999995,164.42999999999995,164.37599999999995,164.38499999999993,467
2026-07-27T00:00:00+00:00,164.38499999999993,164.38799999999995,164.30199999999994,164.30299999999994,2773
2026-07-27T00:15:00+00:00,164.30299999999994,164.36099999999993,164.29299999999995,164.30599999999993,3837
2026-07-27T00:30:00+00:00,164.30599999999993,164.35699999999994,164.28699999999995,164.33699999999993,1821
2026-07-27T00:45:00+00:00,164.33699999999993,164.41699999999994,164.32599999999994,164.39699999999993,2233
2026-07-27T01:00:00+00:00,164.39699999999993,164.39999999999995,164.32499999999993,164.32799999999995,1306
2026-07-27T01:15:00+00:00,164.32799999999995,164.34699999999995,164.30899999999994,164.32899999999995,1429
2026-07-27T01:30:00+00:00,164.32899999999995,164.34199999999993,164.29799999999994,164.31599999999995,1147
2026-07-27T01:45:00+00:00,164.31599999999995,164.32599999999994,164.24499999999995,164.24599999999995,1437
2026-07-27T02:00:00+00:00,164.24599999999995,164.31399999999994,164.22299999999993,164.31199999999993,1505
2026-07-27T02:15:00+00:00,164.31199999999993,164.31599999999995,164.28099999999995,164.28699999999995,1143
2026-07-27T02:30:00+00:00,164.28699999999995,164.31099999999995,164.26899999999995,164.29699999999994,1235
2026-07-27T02:45:00+00:00,164.29699999999994,164.34399999999994,164.28999999999994,164.34099999999995,931
2026-07-27T03:00:00+00:00,164.34099999999995,164.35799999999995,164.31899999999993,164.35599999999994,1201
2026-07-27T03:15:00+00:00,164.35599999999994,164.36999999999995,164.33499999999995,164.35299999999995,1174
2026-07-27T03:30:00+00:00,164.35299999999995,164.37899999999993,164.35199999999995,164.36499999999995,1224
2026-07-27T03:45:00+00:00,164.36499999999995,164.36599999999993,164.33199999999994,164.34399999999994,965
2026-07-27T04:00:00+00:00,164.34399999999994,164.34499999999994,164.31799999999993,164.32599999999994,806
2026-07-27T04:15:00+00:00,164.32599999999994,164.34999999999994,164.31399999999994,164.34299999999993,907
2026-07-27T04:30:00+00:00,164.34299999999993,164.35699999999994,164.33999999999995,164.35499999999993,1131
2026-07-27T04:45:00+00:00,164.35499999999993,164.36499999999995,164.33699999999993,164.34299999999993,1129
2026-07-27T05:00:00+00:00,164.34299999999993,164.36399999999995,164.32799999999995,164.33099999999993,1306
2026-07-27T05:15:00+00:00,164.33099999999993,164.35399999999993,164.32999999999993,164.33299999999994,1200
2026-07-27T05:30:00+00:00,164.33299999999994,164.36199999999994,164.32599999999994,164.35999999999993,1449
2026-07-27T05:45:00+00:00,164.35999999999993,164.37199999999993,164.34599999999995,164.35499999999993,1226
2026-07-27T06:00:00+00:00,164.35499999999993,164.36999999999995,164.29999999999993,164.30099999999993,1933
2026-07-27T06:15:00+00:00,164.30099999999993,164.33099999999993,164.29099999999994,164.32899999999995,1613
2026-07-27T06:30:00+00:00,164.32899999999995,164.35399999999993,164.28699999999995,164.29499999999993,1326
2026-07-27T06:45:00+00:00,164.29499999999993,164.31699999999995,164.27499999999995,164.28499999999994,1622
2026-07-27T07:00:00+00:00,164.28499999999994,164.30199999999994,164.23699999999994,164.23699999999994,2315
2026-07-27T07:15:00+00:00,164.23699999999994,164.26499999999993,164.09399999999994,164.09999999999994,3690
2026-07-27T07:30:00+00:00,164.09999999999994,164.23699999999994,164.09699999999995,164.22099999999995,2620
2026-07-27T07:45:00+00:00,164.22099999999995,164.29299999999995,164.20399999999995,164.28999999999994,2607
2026-07-27T08:00:00+00:00,164.28999999999994,164.30399999999995,164.25799999999995,164.29199999999994,1683
2026-07-27T08:15:00+00:00,164.29199999999994,164.31899999999993,164.28399999999993,164.30499999999995,1191
2026-07-27T08:30:00+00:00,164.30499999999995,164.32299999999995,164.26999999999992,164.28899999999993,1151
2026-07-27T08:45:00+00:00,164.28899999999993,164.30999999999995,164.27099999999993,164.28499999999994,1690
2026-07-27T09:00:00+00:00,164.28499999999994,164.34299999999993,164.26199999999994,164.33799999999994,1807
2026-07-27T09:15:00+00:00,164.33799999999994,164.37099999999995,164.30099999999993,164.34099999999995,2509
2026-07-27T09:30:00+00:00,164.34099999999995,164.35599999999994,164.31499999999994,164.31499999999994,1959
2026-07-27T09:45:00+00:00,164.31499999999994,164.34399999999994,164.26899999999995,164.30099999999993,2101
2026-07-27T10:00:00+00:00,164.30099999999993,164.36499999999995,164.29599999999994,164.32899999999995,2494
2026-07-27T10:15:00+00:00,164.32899999999995,164.32999999999993,164.29799999999994,164.31699999999995,1682
2026-07-27T10:30:00+00:00,164.31699999999995,164.34099999999995,164.31199999999993,164.32499999999993,1710
2026-07-27T10:45:00+00:00,164.32499999999993,164.36499999999995,164.32499999999993,164.35599999999994,1684
2026-07-27T11:00:00+00:00,164.35599999999994,164.41099999999994,164.35499999999993,164.39899999999994,2313
2026-07-27T11:15:00+00:00,164.39899999999994,164.40699999999993,164.37699999999995,164.40699999999993,1824
2026-07-27T11:30:00+00:00,164.40699999999993,164.41299999999993,164.34799999999993,164.36799999999994,3477
2026-07-27T11:45:00+00:00,164.36799999999994,164.41599999999994,164.36399999999995,164.41399999999993,1673
2026-07-27T12:00:00+00:00,164.41399999999993,164.44899999999993,164.39199999999994,164.44399999999993,2287
2026-07-27T12:15:00+00:00,164.44399999999993,164.45499999999993,164.41999999999993,164.43099999999993,1840
2026-07-27T12:30:00+00:00,164.43099999999993,164.47099999999995,164.41699999999994,164.45399999999995,1385
2026-07-27T12:45:00+00:00,164.45399999999995,164.46199999999993,164.43599999999995,164.45699999999994,1702
2026-07-27T13:00:00+00:00,164.45699999999994,164.46499999999995,164.41999999999993,164.43199999999993,2562
2026-07-27T13:15:00+00:00,164.43199999999993,164.48699999999994,164.42399999999995,164.47399999999993,1443
2026-07-27T13:30:00+00:00,164.47399999999993,164.49199999999993,164.44799999999995,164.46599999999995,1856
2026-07-27T13:45:00+00:00,164.46599999999995,164.52599999999993,164.45999999999995,164.51399999999995,1675
2026-07-27T14:00:00+00:00,164.51399999999995,164.53299999999993,164.47799999999995,164.49199999999993,2000
2026-07-27T14:15:00+00:00,164.49199999999993,164.52799999999993,164.49199999999993,164.52399999999994,1514
2026-07-27T14:30:00+00:00,164.52399999999994,164.53599999999994,164.48899999999995,164.51599999999993,1699
2026-07-27T14:45:00+00:00,164.51599999999993,164.52899999999994,164.46299999999994,164.47399999999993,1717
2026-07-27T15:00:00+00:00,164.47399999999993,164.48999999999995,164.45299999999995,164.47499999999994,1535
2026-07-27T15:15:00+00:00,164.47499999999994,164.47599999999994,164.42299999999994,164.43399999999994,2482
2026-07-27T15:30:00+00:00,164.43399999999994,164.46399999999994,164.43199999999993,164.44299999999993,2647
2026-07-27T15:45:00+00:00,164.44299999999993,164.47899999999993,164.43799999999993,164.47899999999993,1534
2026-07-27T16:00:00+00:00,164.47899999999993,164.47999999999993,164.45599999999993,164.46299999999994,2325
2026-07-27T16:15:00+00:00,164.46299999999994,164.46499999999995,164.37999999999994,164.39299999999994,3355
2026-07-27T16:30:00+00:00,164.39299999999994,164.39299999999994,164.35199999999995,164.38799999999995,2756
2026-07-27T16:45:00+00:00,164.38799999999995,164.42499999999993,164.38799999999995,164.41799999999995,2166
2026-07-27T17:00:00+00:00,164.41799999999995,164.46499999999995,164.41699999999994,164.45999999999995,2439
2026-07-27T17:15:00+00:00,164.45999999999995,164.47999999999993,164.45799999999994,164.47399999999993,1171
2026-07-27T17:30:00+00:00,164.47399999999993,164.48999999999995,164.45899999999995,164.48799999999994,1054
2026-07-27T17:45:00+00:00,164.48799999999994,164.50099999999995,164.47999999999993,164.49299999999994,1039
2026-07-27T18:00:00+00:00,164.49299999999994,164.49299999999994,164.46299999999994,164.47299999999993,1599
2026-07-27T18:15:00+00:00,164.47299999999993,164.51199999999994,164.46999999999994,164.49799999999993,906
2026-07-27T18:30:00+00:00,164.49799999999993,164.51099999999994,164.45799999999994,164.49899999999994,1209
2026-07-27T18:45:00+00:00,164.49899999999994,164.55799999999994,164.49499999999995,164.54499999999993,1252
2026-07-27T19:00:00+00:00,164.54499999999993,164.54499999999993,164.51799999999994,164.52399999999994,569
2026-07-27T19:15:00+00:00,164.52399999999994,164.52899999999994,164.49599999999995,164.49699999999993,407
2026-07-27T19:30:00+00:00,164.49699999999993,164.49899999999994,164.46399999999994,164.46999999999994,822
2026-07-27T19:45:00+00:00,164.46999999999994,164.50399999999993,164.46699999999993,164.50399999999993,1149
2026-07-27T20:00:00+00:00,164.50399999999993,164.51199999999994,164.49599999999995,164.50999999999993,506
2026-07-27T20:15:00+00:00,164.50999999999993,164.51099999999994,164.49399999999994,164.50699999999995,214
2026-07-27T20:30:00+00:00,164.50699999999995,164.53699999999995,164.50599999999994,164.53199999999993,348
2026-07-27T20:45:00+00:00,164.53199999999993,164.53699999999995,164.48499999999993,164.48499999999993,927
2026-07-27T21:00:00+00:00,164.48499999999993,164.48499999999993,164.36999999999992,164.44099999999995,87.67882194025668
2026-07-27T21:15:00+00:00,164.44099999999995,164.45799999999994,164.44099999999995,164.45099999999994,119
2026-07-27T21:30:00+00:00,164.45099999999994,164.48599999999993,164.44699999999995,164.47699999999995,1197
2026-07-27T21:45:00+00:00,164.47699999999995,164.47699999999995,164.43999999999994,164.44899999999996,912
2026-07-27T22:00:00+00:00,164.44899999999996,164.52599999999995,164.44899999999996,164.51699999999994,585
2026-07-27T22:15:00+00:00,164.51699999999994,164.52699999999993,164.50899999999996,164.52399999999994,214
2026-07-27T22:30:00+00:00,164.52399999999994,164.52599999999995,164.50999999999993,164.51599999999993,176.55996021597045
2026-07-27T22:45:00+00:00,164.51599999999993,164.52199999999993,164.51399999999992,164.51799999999994,284
2026-07-27T23:00:00+00:00,164.51799999999994,164.51899999999992,164.48699999999994,164.49099999999993,719
2026-07-27T23:15:00+00:00,164.49099999999993,164.50699999999992,164.49099999999993,164.50299999999993,517
2026-07-27T23:30:00+00:00,164.50299999999993,164.53299999999993,164.50199999999992,164.51799999999994,399
2026-07-27T23:45:00+00:00,164.51799999999994,164.55599999999993,164.50699999999992,164.54899999999992,596
2026-07-28T00:00:00+00:00,164.54899999999992,164.61199999999994,164.54599999999994,164.58599999999993,1414
2026-07-28T00:15:00+00:00,164.58599999999993,164.58999999999992,164.52599999999993,164.54799999999992,1642
2026-07-28T00:30:00+00:00,164.54799999999992,164.56099999999992,164.52999999999992,164.53699999999992,1604
2026-07-28T00:45:00+00:00,164.53699999999992,164.59199999999993,164.50899999999993,164.51799999999994,1812
2026-07-28T01:00:00+00:00,164.51799999999994,164.52999999999992,164.48499999999993,164.52499999999992,1818
2026-07-28T01:15:00+00:00,164.52499999999992,164.53599999999992,164.50599999999994,164.51699999999994,1433
2026-07-28T01:30:00+00:00,164.51699999999994,164.54599999999994,164.50799999999992,164.53299999999993,1824
2026-07-28T01:45:00+00:00,164.53299999999993,164.56199999999993,164.51899999999992,164.53599999999992,1853
2026-07-28T02:00:00+00:00,164.53599999999992,164.56099999999992,164.53399999999993,164.54999999999993,1108
2026-07-28T02:15:00+00:00,164.54999999999993,164.54999999999993,164.50999999999993,164.52399999999992,871
2026-07-28T02:30:00+00:00,164.52399999999992,164.53699999999992,164.50799999999992,164.50999999999993,816
2026-07-28T02:45:00+00:00,164.50999999999993,164.51799999999994,164.44199999999992,164.48299999999992,1302
2026-07-28T03:00:00+00:00,164.48299999999992,164.51099999999994,164.46999999999994,164.50899999999993,1176
2026-07-28T03:15:00+00:00,164.50899999999993,164.51199999999994,164.49199999999993,164.49399999999994,1443
2026-07-28T03:30:00+00:00,164.49399999999994,164.53599999999992,164.48299999999992,164.53499999999994,1574
2026-07-28T03:45:00+00:00,164.53499999999994,164.53999999999994,164.52199999999993,164.53499999999994,1454
2026-07-28T04:00:00+00:00,164.53499999999994,164.54599999999994,164.52899999999994,164.54199999999992,1691
2026-07-28T04:15:00+00:00,164.54199999999992,164.54799999999992,164.52899999999994,164.53599999999992,959
2026-07-28T04:30:00+00:00,164.53599999999992,164.54699999999994,164.52099999999993,164.52999999999992,964
2026-07-28T04:45:00+00:00,164.52999999999992,164.53699999999992,164.51599999999993,164.52199999999993,790
2026-07-28T05:00:00+00:00,164.52199999999993,164.53899999999993,164.51899999999992,164.53699999999992,1191
2026-07-28T05:15:00+00:00,164.53699999999992,164.54299999999992,164.49699999999993,164.49699999999993,675
2026-07-28T05:30:00+00:00,164.49699999999993,164.52299999999994,164.49399999999994,164.51799999999994,1129
2026-07-28T05:45:00+00:00,164.51799999999994,164.53499999999994,164.49699999999993,164.51099999999994,980
2026-07-28T06:00:00+00:00,164.51099999999994,164.51099999999994,164.46299999999994,164.46399999999994,1796
2026-07-28T06:15:00+00:00,164.46399999999994,164.49799999999993,164.44899999999993,164.46999999999994,1927
2026-07-28T06:30:00+00:00,164.46999999999994,164.48599999999993,164.43899999999994,164.45999999999992,1597
2026-07-28T06:45:00+00:00,164.45999999999992,164.48299999999992,164.43999999999994,164.47999999999993,1603
2026-07-28T07:00:00+00:00,164.47999999999993,164.52099999999993,164.47999999999993,164.50899999999993,1644
2026-07-28T07:15:00+00:00,164.50899999999993,164.53699999999992,164.49399999999994,164.52699999999993,1437
2026-07-28T07:30:00+00:00,164.52699999999993,164.54599999999994,164.51499999999993,164.53999999999994,1649
2026-07-28T07:45:00+00:00,164.53999999999994,164.56499999999994,164.53999999999994,164.55499999999992,1516
2026-07-28T08:00:00+00:00,164.55499999999992,164.56599999999992,164.53099999999992,164.56599999999992,1689
2026-07-28T08:15:00+00:00,164.56599999999992,164.61399999999992,164.55699999999993,164.60999999999993,1367
2026-07-28T08:30:00+00:00,164.60999999999993,164.62499999999994,164.59699999999992,164.61199999999994,1581
2026-07-28T08:45:00+00:00,164.61199999999994,164.61199999999994,164.58399999999992,164.59599999999992,893
2026-07-28T09:00:00+00:00,164.59599999999992,164.59999999999994,164.57799999999992,164.59199999999993,1379
2026-07-28T09:15:00+00:00,164.59199999999993,164.60099999999994,164.57899999999992,164.59699999999992,898
2026-07-28T09:30:00+00:00,164.59699999999992,164.62399999999994,164.59699999999992,164.60799999999992,1316
2026-07-28T09:45:00+00:00,164.60799999999992,164.65999999999994,164.60699999999994,164.64799999999994,1164
2026-07-28T10:00:00+00:00,164.64799999999994,164.67199999999994,164.63599999999994,164.66499999999994,1605
2026-07-28T10:15:00+00:00,164.66499999999994,164.70599999999993,164.66399999999993,164.70099999999994,1327
2026-07-28T10:30:00+00:00,164.70099999999994,164.71499999999992,164.67799999999994,164.71499999999992,843
2026-07-28T10:45:00+00:00,164.71499999999992,164.71999999999994,164.69299999999993,164.70599999999993,721
2026-07-28T11:00:00+00:00,164.70599999999993,164.70799999999994,164.68899999999994,164.70299999999992,790
2026-07-28T11:15:00+00:00,164.70299999999992,164.70699999999994,164.67799999999994,164.69099999999992,1049
2026-07-28T11:30:00+00:00,164.69099999999992,164.70199999999994,164.67899999999992,164.69999999999993,1175
2026-07-28T11:45:00+00:00,164.69999999999993,164.70799999999994,164.69099999999992,164.70099999999994,622
2026-07-28T12:00:00+00:00,164.70099999999994,164.70399999999992,164.68499999999992,164.69199999999992,1343
2026-07-28T12:15:00+00:00,164.69199999999992,164.69599999999994,164.65399999999994,164.66199999999992,977
2026-07-28T12:30:00+00:00,164.66199999999992,164.67499999999993,164.65099999999993,164.65499999999992,1266
2026-07-28T12:45:00+00:00,164.65499999999992,164.65699999999993,164.61499999999992,164.64999999999992,1778
2026-07-28T13:00:00+00:00,164.64999999999992,164.65499999999992,164.62599999999992,164.64299999999994,1517
2026-07-28T13:15:00+00:00,164.64299999999994,164.64399999999992,164.61399999999992,164.64299999999994,1308
2026-07-28T13:30:00+00:00,164.64299999999994,164.65099999999993,164.61699999999993,164.62499999999994,1383
2026-07-28T13:45:00+00:00,164.62499999999994,164.63099999999994,164.58899999999994,164.60299999999992,1704
2026-07-28T14:00:00+00:00,164.60299999999992,164.63199999999992,164.59799999999993,164.63199999999992,1834
2026-07-28T14:15:00+00:00,164.63199999999992,164.63199999999992,164.60399999999993,164.61399999999992,1546
2026-07-28T14:30:00+00:00,164.61399999999992,164.62799999999993,164.60299999999992,164.61999999999992,1434
2026-07-28T14:45:00+00:00,164.61999999999992,164.65299999999993,164.61999999999992,164.63699999999994,2244
2026-07-28T15:00:00+00:00,164.63699999999994,164.63699999999994,164.51099999999994,164.51899999999992,3010
2026-07-28T15:15:00+00:00,164.51899999999992,164.52799999999993,164.42499999999993,164.46299999999994,3812
2026-07-28T15:30:00+00:00,164.46299999999994,164.48399999999992,164.42799999999994,164.44299999999993,1841
2026-07-28T15:45:00+00:00,164.44299999999993,164.48299999999992,164.41899999999993,164.41899999999993,2566
2026-07-28T16:00:00+00:00,164.41899999999993,164.46999999999994,164.41499999999994,164.44199999999992,2395
2026-07-28T16:15:00+00:00,164.44199999999992,164.45699999999994,164.42699999999994,164.44899999999993,1578
2026-07-28T16:30:00+00:00,164.44899999999993,164.47999999999993,164.44299999999993,164.47999999999993,1312
2026-07-28T16:45:00+00:00,164.47999999999993,164.51999999999992,164.47599999999994,164.51699999999994,1225
2026-07-28T17:00:00+00:00,164.51699999999994,164.52399999999992,164.48699999999994,164.51999999999992,1741
2026-07-28T17:15:00+00:00,164.51999999999992,164.54999999999993,164.49599999999992,164.54299999999992,1650
2026-07-28T17:30:00+00:00,164.54299999999992,164.55899999999994,164.53399999999993,164.55799999999994,743
2026-07-28T17:45:00+00:00,164.55799999999994,164.58599999999993,164.54799999999992,164.57499999999993,984
2026-07-28T18:00:00+00:00,164.57499999999993,164.58599999999993,164.54299999999992,164.56599999999992,866
2026-07-28T18:15:00+00:00,164.56599999999992,164.59199999999993,164.54699999999994,164.58899999999994,1100
2026-07-28T18:30:00+00:00,164.58899999999994,164.60299999999992,164.58299999999994,164.60199999999992,647
2026-07-28T18:45:00+00:00,164.60199999999992,164.63299999999992,164.60199999999992,164.62999999999994,536
2026-07-28T19:00:00+00:00,164.62999999999994,164.63999999999993,164.59799999999993,164.62399999999994,1035
2026-07-28T19:15:00+00:00,164.62399999999994,164.62499999999994,164.59899999999993,164.61799999999994,865
2026-07-28T19:30:00+00:00,164.61799999999994,164.61899999999994,164.59699999999992,164.60999999999993,900
2026-07-28T19:45:00+00:00,164.60999999999993,164.63299999999992,164.59799999999993,164.62699999999992,977
2026-07-28T20:00:00+00:00,164.62699999999992,164.64899999999992,164.61899999999994,164.62199999999993,447
2026-07-28T20:15:00+00:00,164.62199999999993,164.63999999999993,164.60999999999993,164.63499999999993,299
2026-07-28T20:30:00+00:00,164.63499999999993,164.65599999999992,164.62999999999994,164.63199999999992,275
2026-07-28T20:45:00+00:00,164.63199999999992,164.63599999999994,164.60499999999993,164.61499999999992,748
2026-07-28T21:00:00+00:00,164.61499999999992,164.62299999999993,164.53199999999993,164.62299999999993,78.52383863080685
2026-07-28T21:15:00+00:00,164.62299999999993,164.63399999999993,164.57499999999993,164.57899999999992,233
2026-07-28T21:30:00+00:00,164.57899999999992,164.60499999999993,164.57899999999992,164.60499999999993,306
2026-07-28T21:45:00+00:00,164.60499999999993,164.61999999999992,164.5709999999999,164.60499999999993,385
2026-07-28T22:00:00+00:00,164.60499999999993,164.63899999999992,164.60499999999993,164.63899999999992,325.0119581464873
2026-07-28T22:15:00+00:00,164.63899999999992,164.68099999999993,164.63899999999992,164.65299999999993,519
2026-07-28T22:30:00+00:00,164.65299999999993,164.66899999999993,164.65099999999993,164.66799999999992,493
2026-07-28T22:45:00+00:00,164.66799999999992,164.67499999999993,164.65399999999994,164.65699999999993,348
2026-07-28T23:00:00+00:00,164.65699999999993,164.67299999999992,164.65399999999994,164.66099999999992,596
2026-07-28T23:15:00+00:00,164.66099999999992,164.67899999999992,164.66099999999992,164.66899999999993,447
2026-07-28T23:30:00+00:00,164.66899999999993,164.67399999999992,164.6599999999999,164.66699999999992,225.06657575694487
2026-07-28T23:45:00+00:00,164.66699999999992,164.67399999999992,164.65499999999992,164.67399999999992,524
2026-07-29T00:00:00+00:00,164.67399999999992,164.68699999999993,164.65499999999992,164.67999999999992,1112
2026-07-29T00:15:00+00:00,164.67999999999992,164.68199999999993,164.60199999999992,164.60499999999993,2043
2026-07-29T00:30:00+00:00,164.60499999999993,164.61899999999991,164.56699999999992,164.5699999999999,912
2026-07-29T00:45:00+00:00,164.5699999999999,164.57899999999992,164.47899999999993,164.50999999999993,3060
2026-07-29T01:00:00+00:00,164.50999999999993,164.54499999999993,164.48599999999993,164.53999999999994,1927
2026-07-29T01:15:00+00:00,164.53999999999994,164.5699999999999,164.51399999999992,164.54899999999992,2110
2026-07-29T01:30:00+00:00,164.54899999999992,164.58499999999992,164.5349999999999,164.57199999999992,1380
2026-07-29T01:45:00+00:00,164.57199999999992,164.5769999999999,164.5109999999999,164.52799999999993,1274
2026-07-29T02:00:00+00:00,164.52799999999993,164.55599999999993,164.50199999999992,164.51599999999993,1430
2026-07-29T02:15:00+00:00,164.51599999999993,164.53099999999992,164.48999999999992,164.51599999999993,1695
2026-07-29T02:30:00+00:00,164.51599999999993,164.52199999999993,164.46499999999992,164.50399999999993,1327
2026-07-29T02:45:00+00:00,164.50399999999993,164.53899999999993,164.50199999999992,164.52599999999993,1099
2026-07-29T03:00:00+00:00,164.52599999999993,164.52599999999993,164.49599999999992,164.50099999999992,1154
2026-07-29T03:15:00+00:00,164.50099999999992,164.50599999999991,164.4689999999999,164.4749999999999,1285
2026-07-29T03:30:00+00:00,164.4749999999999,164.49099999999993,164.4339999999999,164.43599999999992,1090
2026-07-29T03:45:00+00:00,164.43599999999992,164.43599999999992,164.3679999999999,164.4279999999999,2006
2026-07-29T04:00:00+00:00,164.4279999999999,164.4279999999999,164.3449999999999,164.3569999999999,1655
2026-07-29T04:15:00+00:00,164.3569999999999,164.37099999999992,164.2849999999999,164.31899999999993,1840
2026-07-29T04:30:00+00:00,164.31899999999993,164.32999999999993,164.1009999999999,164.10399999999993,3954
2026-07-29T04:45:00+00:00,164.10399999999993,164.3199999999999,164.07999999999993,164.2309999999999,6327
2026-07-29T05:00:00+00:00,164.2309999999999,164.2609999999999,164.20399999999992,164.22099999999992,1809
2026-07-29T05:15:00+00:00,164.22099999999992,164.2259999999999,164.15099999999993,164.19199999999992,1503
2026-07-29T05:30:00+00:00,164.19199999999992,164.2849999999999,164.1899999999999,164.22199999999992,2055
2026-07-29T05:45:00+00:00,164.22199999999992,164.30099999999993,164.2079999999999,164.29999999999993,1706
2026-07-29T06:00:00+00:00,164.29999999999993,164.37199999999993,164.25799999999992,164.31199999999993,2436
2026-07-29T06:15:00+00:00,164.31199999999993,164.36599999999993,164.2849999999999,164.35299999999992,1831
2026-07-29T06:30:00+00:00,164.35299999999992,164.38299999999992,164.26999999999992,164.3029999999999,2115
2026-07-29T06:45:00+00:00,164.3029999999999,164.3559999999999,164.3029999999999,164.33399999999992,3063
2026-07-29T07:00:00+00:00,164.33399999999992,164.36499999999992,164.3209999999999,164.34599999999992,3311
2026-07-29T07:15:00+00:00,164.34599999999992,164.39699999999993,164.29899999999992,164.3919999999999,2838
2026-07-29T07:30:00+00:00,164.3919999999999,164.41499999999994,164.35799999999992,164.40899999999993,2195
2026-07-29T07:45:00+00:00,164.40899999999993,164.4989999999999,164.39299999999992,164.4869999999999,2131
2026-07-29T08:00:00+00:00,164.4869999999999,164.49999999999991,164.45499999999993,164.45499999999993,2022
2026-07-29T08:15:00+00:00,164.45499999999993,164.46199999999993,164.41299999999993,164.4159999999999,1682
2026-07-29T08:30:00+00:00,164.4159999999999,164.44899999999993,164.39299999999992,164.39899999999992,2149
2026-07-29T08:45:00+00:00,164.39899999999992,164.40799999999993,164.36099999999993,164.38799999999992,1443
2026-07-29T09:00:00+00:00,164.38799999999992,164.42299999999992,164.3449999999999,164.34699999999992,1464
2026-07-29T09:15:00+00:00,164.34699999999992,164.36699999999993,164.3329999999999,164.34099999999992,952
2026-07-29T09:30:00+00:00,164.34099999999992,164.38199999999992,164.31099999999992,164.36899999999991,1270
2026-07-29T09:45:00+00:00,164.36899999999991,164.4039999999999,164.3569999999999,164.4019999999999,1677
2026-07-29T10:00:00+00:00,164.4019999999999,164.4339999999999,164.39399999999992,164.42999999999992,1566
2026-07-29T10:15:00+00:00,164.42999999999992,164.45899999999992,164.4079999999999,164.44099999999992,1189
2026-07-29T10:30:00+00:00,164.44099999999992,164.4849999999999,164.4319999999999,164.4699999999999,1204
2026-07-29T10:45:00+00:00,164.4699999999999,164.4819999999999,164.4459999999999,164.4509999999999,1221
2026-07-29T11:00:00+00:00,164.4509999999999,164.47799999999992,164.4379999999999,164.47199999999992,1045
2026-07-29T11:15:00+00:00,164.47199999999992,164.47699999999992,164.42999999999992,164.42999999999992,1095
2026-07-29T11:30:00+00:00,164.42999999999992,164.47099999999992,164.4279999999999,164.4609999999999,1432
2026-07-29T11:45:00+00:00,164.4609999999999,164.4729999999999,164.43499999999992,164.43499999999992,1255
2026-07-29T12:00:00+00:00,164.43499999999992,164.5099999999999,164.4219999999999,164.48799999999991,1801
2026-07-29T12:15:00+00:00,164.48799999999991,164.5579999999999,164.4869999999999,164.54799999999992,2613
2026-07-29T12:30:00+00:00,164.54799999999992,164.58399999999992,164.5279999999999,164.5589999999999,1538
2026-07-29T12:45:00+00:00,164.5589999999999,164.6119999999999,164.5569999999999,164.5889999999999,1745
2026-07-29T13:00:00+00:00,164.5889999999999,164.6039999999999,164.5639999999999,164.5649999999999,1705
2026-07-29T13:15:00+00:00,164.5649999999999,164.5689999999999,164.51999999999992,164.5389999999999,1638
2026-07-29T13:30:00+00:00,164.5389999999999,164.5749999999999,164.51899999999992,164.52599999999993,1565
2026-07-29T13:45:00+00:00,164.52599999999993,164.5579999999999,164.51999999999992,164.54299999999992,1707
2026-07-29T14:00:00+00:00,164.54299999999992,164.5759999999999,164.5289999999999,164.5689999999999,1410
2026-07-29T14:15:00+00:00,164.5689999999999,164.58499999999992,164.5399999999999,164.54899999999992,1135
2026-07-29T14:30:00+00:00,164.54899999999992,164.6279999999999,164.53799999999993,164.6169999999999,1297
2026-07-29T14:45:00+00:00,164.6169999999999,164.67899999999992,164.61399999999992,164.67899999999992,2121
2026-07-29T15:00:00+00:00,164.67899999999992,164.67899999999992,164.61999999999992,164.6339999999999,2020
2026-07-29T15:15:00+00:00,164.6339999999999,164.6649999999999,164.6229999999999,164.6419999999999,1268
2026-07-29T15:30:00+00:00,164.6419999999999,164.6599999999999,164.63199999999992,164.64999999999992,2336
2026-07-29T15:45:00+00:00,164.64999999999992,164.6599999999999,164.6339999999999,164.64899999999992,1326
2026-07-29T16:00:00+00:00,164.64899999999992,164.6939999999999,164.6479999999999,164.6829999999999,1314
2026-07-29T16:15:00+00:00,164.6829999999999,164.6889999999999,164.65699999999993,164.6709999999999,1255
2026-07-29T16:30:00+00:00,164.6709999999999,164.6869999999999,164.65599999999992,164.66799999999992,610
2026-07-29T16:45:00+00:00,164.66799999999992,164.68599999999992,164.66099999999992,164.68599999999992,858
2026-07-29T17:00:00+00:00,164.68599999999992,164.6879999999999,164.6349999999999,164.6349999999999,1227
2026-07-29T17:15:00+00:00,164.6349999999999,164.64499999999992,164.61399999999992,164.6339999999999,910
2026-07-29T17:30:00+00:00,164.6339999999999,164.6479999999999,164.6039999999999,164.60799999999992,1061
2026-07-29T17:45:00+00:00,164.60799999999992,164.61499999999992,164.5569999999999,164.5639999999999,1421
2026-07-29T18:00:00+00:00,164.5639999999999,164.6009999999999,164.2129999999999,164.2949999999999,8304
2026-07-29T18:15:00+00:00,164.2949999999999,164.40099999999993,164.2729999999999,164.33999999999992,3208
2026-07-29T18:30:00+00:00,164.33999999999992,164.44099999999992,164.2299999999999,164.2349999999999,5727
2026-07-29T18:45:00+00:00,164.2349999999999,164.2469999999999,164.1059999999999,164.1069999999999,6966
2026-07-29T19:00:00+00:00,164.1069999999999,164.2359999999999,164.0229999999999,164.15099999999993,7123
2026-07-29T19:15:00+00:00,164.15099999999993,164.22699999999992,164.0439999999999,164.19099999999992,6542
2026-07-29T19:30:00+00:00,164.19099999999992,164.29299999999992,164.1819999999999,164.2079999999999,6080
2026-07-29T19:45:00+00:00,164.2079999999999,164.3089999999999,164.2049999999999,164.30399999999992,3668
2026-07-29T20:00:00+00:00,164.30399999999992,164.3429999999999,164.2709999999999,164.3249999999999,1979
2026-07-29T20:15:00+00:00,164.3249999999999,164.35799999999992,164.3179999999999,164.34099999999992,1257
2026-07-29T20:30:00+00:00,164.34099999999992,164.3429999999999,164.2609999999999,164.2659999999999,1845
2026-07-29T20:45:00+00:00,164.2659999999999,164.2659999999999,164.1819999999999,164.1819999999999,3343
2026-07-29T21:00:00+00:00,164.1819999999999,164.1909999999999,164.1109999999999,164.1629999999999,74.63668261562998
2026-07-29T21:15:00+00:00,164.1629999999999,164.1909999999999,164.1629999999999,164.1679999999999,384
2026-07-29T21:30:00+00:00,164.1679999999999,164.2109999999999,164.1679999999999,164.1749999999999,1660
2026-07-29T21:45:00+00:00,164.1749999999999,164.1909999999999,164.1649999999999,164.1759999999999,568
2026-07-29T22:00:00+00:00,164.1759999999999,164.2259999999999,164.1679999999999,164.2039999999999,1796
2026-07-29T22:15:00+00:00,164.2039999999999,164.2409999999999,164.1869999999999,164.2329999999999,829
2026-07-29T22:30:00+00:00,164.2329999999999,164.2329999999999,164.2019999999999,164.2049999999999,573
2026-07-29T22:45:00+00:00,164.2049999999999,164.2049999999999,164.1739999999999,164.1769999999999,740
2026-07-29T23:00:00+00:00,164.1769999999999,164.1769999999999,164.0899999999999,164.1459999999999,1533
2026-07-29T23:15:00+00:00,164.1459999999999,164.1759999999999,164.1449999999999,164.1589999999999,976
2026-07-29T23:30:00+00:00,164.1589999999999,164.1749999999999,164.1539999999999,164.1679999999999,794
2026-07-29T23:45:00+00:00,164.1679999999999,164.1739999999999,164.0609999999999,164.0969999999999,1756
2026-07-30T00:00:00+00:00,164.0969999999999,164.0979999999999,164.0009999999999,164.0469999999999,3548
2026-07-30T00:15:00+00:00,164.0469999999999,164.2869999999999,164.0429999999999,164.2819999999999,5161
2026-07-30T00:30:00+00:00,164.2819999999999,164.3039999999999,164.2319999999999,164.2369999999999,4246
2026-07-30T00:45:00+00:00,164.2369999999999,164.28599999999992,164.1979999999999,164.2829999999999,4197
2026-07-30T01:00:00+00:00,164.2829999999999,164.2829999999999,164.2019999999999,164.2209999999999,3051
2026-07-30T01:15:00+00:00,164.2209999999999,164.3209999999999,164.2209999999999,164.2779999999999,2807
2026-07-30T01:30:00+00:00,164.2779999999999,164.27999999999992,164.2079999999999,164.26199999999992,1952
2026-07-30T01:45:00+00:00,164.26199999999992,164.3059999999999,164.25599999999991,164.2909999999999,1776
2026-07-30T02:00:00+00:00,164.2909999999999,164.2919999999999,164.2389999999999,164.2649999999999,1666
2026-07-30T02:15:00+00:00,164.2649999999999,164.2939999999999,164.2639999999999,164.2779999999999,1550
2026-07-30T02:30:00+00:00,164.2779999999999,164.2829999999999,164.2489999999999,164.2629999999999,1390
2026-07-30T02:45:00+00:00,164.2629999999999,164.27999999999992,164.2479999999999,164.2789999999999,1691
2026-07-30T03:00:00+00:00,164.2789999999999,164.3299999999999,164.2749999999999,164.3149999999999,2329
2026-07-30T03:15:00+00:00,164.3149999999999,164.3359999999999,164.2849999999999,164.3029999999999,2547
2026-07-30T03:30:00+00:00,164.3029999999999,164.3409999999999,164.2929999999999,164.3009999999999,1546
2026-07-30T03:45:00+00:00,164.3009999999999,164.3049999999999,164.2839999999999,164.2899999999999,960
2026-07-30T04:00:00+00:00,164.2899999999999,164.3119999999999,164.2719999999999,164.2729999999999,1085
2026-07-30T04:15:00+00:00,164.2729999999999,164.2839999999999,164.2529999999999,164.26799999999992,1343
2026-07-30T04:30:00+00:00,164.26799999999992,164.2769999999999,164.2529999999999,164.26799999999992,1585
2026-07-30T04:45:00+00:00,164.26799999999992,164.3029999999999,164.26799999999992,164.2779999999999,1325
2026-07-30T05:00:00+00:00,164.2779999999999,164.2969999999999,164.2469999999999,164.2509999999999,1040
2026-07-30T05:15:00+00:00,164.2509999999999,164.2819999999999,164.2509999999999,164.27999999999992,1178
2026-07-30T05:30:00+00:00,164.27999999999992,164.3109999999999,164.2759999999999,164.2939999999999,1844
2026-07-30T05:45:00+00:00,164.2939999999999,164.3389999999999,164.2729999999999,164.3279999999999,1992
2026-07-30T06:00:00+00:00,164.3279999999999,164.3909999999999,164.3249999999999,164.38699999999992,2111
2026-07-30T06:15:00+00:00,164.38699999999992,164.4229999999999,164.3739999999999,164.3889999999999,1714
2026-07-30T06:30:00+00:00,164.3889999999999,164.4159999999999,164.3429999999999,164.3709999999999,1890
2026-07-30T06:45:00+00:00,164.3709999999999,164.4329999999999,164.3499999999999,164.4289999999999,2138
2026-07-30T07:00:00+00:00,164.4289999999999,164.4359999999999,164.3489999999999,164.3909999999999,3399
2026-07-30T07:15:00+00:00,164.3909999999999,164.4409999999999,164.3899999999999,164.4359999999999,3959
2026-07-30T07:30:00+00:00,164.4359999999999,164.4909999999999,164.4339999999999,164.4909999999999,3743
2026-07-30T07:45:00+00:00,164.4909999999999,164.5279999999999,164.4899999999999,164.5199999999999,3235
2026-07-30T08:00:00+00:00,164.5199999999999,164.5209999999999,164.4139999999999,164.4339999999999,2501
2026-07-30T08:15:00+00:00,164.4339999999999,164.4539999999999,164.3999999999999,164.4059999999999,2662
2026-07-30T08:30:00+00:00,164.4059999999999,164.44499999999988,164.3959999999999,164.4119999999999,3453
2026-07-30T08:45:00+00:00,164.4119999999999,164.45199999999988,164.3999999999999,164.44399999999987,2805
2026-07-30T09:00:00+00:00,164.44399999999987,164.44399999999987,164.2829999999999,164.3239999999999,3901
2026-07-30T09:15:00+00:00,164.3239999999999,164.3339999999999,164.24899999999988,164.2569999999999,3678
2026-07-30T09:30:00+00:00,164.2569999999999,164.2799999999999,164.1749999999999,164.1909999999999,3053
2026-07-30T09:45:00+00:00,164.1909999999999,164.2039999999999,164.07099999999988,164.0979999999999,4609
2026-07-30T10:00:00+00:00,164.0979999999999,164.10499999999988,163.72599999999989,163.77799999999988,7303
2026-07-30T10:15:00+00:00,163.77799999999988,163.77899999999988,163.0729999999999,163.6609999999999,14591
2026-07-30T10:30:00+00:00,163.6609999999999,163.6609999999999,163.4959999999999,163.52799999999988,8039
2026-07-30T10:45:00+00:00,163.52799999999988,163.6509999999999,163.48099999999988,163.6159999999999,5875
2026-07-30T11:00:00+00:00,163.6159999999999,163.6279999999999,163.5119999999999,163.58799999999988,5705
2026-07-30T11:15:00+00:00,163.58799999999988,163.77199999999988,163.56899999999987,163.7529999999999,3888
2026-07-30T11:30:00+00:00,163.7529999999999,163.83299999999988,163.72599999999989,163.7739999999999,3797
2026-07-30T11:45:00+00:00,163.7739999999999,163.7749999999999,163.6729999999999,163.68299999999988,4285
2026-07-30T12:00:00+00:00,163.68299999999988,163.73699999999988,163.6449999999999,163.6689999999999,5894
2026-07-30T12:15:00+00:00,163.6689999999999,163.7329999999999,163.6619999999999,163.6809999999999,3751
2026-07-30T12:30:00+00:00,163.6809999999999,163.7229999999999,163.4959999999999,163.5119999999999,5914
2026-07-30T12:45:00+00:00,163.5119999999999,163.7509999999999,163.48699999999988,163.7499999999999,8157
2026-07-30T13:00:00+00:00,163.7499999999999,163.7519999999999,163.6439999999999,163.67099999999988,7679
2026-07-30T13:15:00+00:00,163.67099999999988,163.69499999999988,163.5019999999999,163.56999999999988,7801
2026-07-30T13:30:00+00:00,163.56999999999988,163.6029999999999,161.07599999999988,161.39199999999988,22938
2026-07-30T13:45:00+00:00,161.39199999999988,161.96899999999988,160.5329999999999,160.5369999999999,29132
2026-07-30T14:00:00+00:00,160.5369999999999,160.74199999999988,159.5859999999999,159.6639999999999,32501
2026-07-30T14:15:00+00:00,159.6639999999999,160.14699999999988,158.7569999999999,160.01099999999988,27077
2026-07-30T14:30:00+00:00,160.01099999999988,160.4469999999999,159.47499999999988,160.23699999999988,14647
2026-07-30T14:45:00+00:00,160.23699999999988,160.46199999999988,160.06899999999987,160.07499999999987,12044
2026-07-30T15:00:00+00:00,160.07499999999987,160.40399999999988,159.6869999999999,160.2149999999999,11845
2026-07-30T15:15:00+00:00,160.2149999999999,160.3039999999999,160.1449999999999,160.2449999999999,7562
2026-07-30T15:30:00+00:00,160.2449999999999,160.33799999999988,160.07699999999988,160.1039999999999,5735
2026-07-30T15:45:00+00:00,160.1039999999999,160.2769999999999,160.07499999999987,160.2629999999999,5986
2026-07-30T16:00:00+00:00,160.2629999999999,160.32099999999988,160.1789999999999,160.2399999999999,6178
2026-07-30T16:15:00+00:00,160.2399999999999,160.28999999999988,160.1609999999999,160.2289999999999,5006
2026-07-30T16:30:00+00:00,160.2289999999999,160.39099999999988,160.2029999999999,160.38599999999988,3947
2026-07-30T16:45:00+00:00,160.38599999999988,160.47999999999988,160.3579999999999,160.3629999999999,3500
2026-07-30T17:00:00+00:00,160.3629999999999,160.48699999999988,160.3519999999999,160.4589999999999,3241
2026-07-30T17:15:00+00:00,160.4589999999999,160.6369999999999,160.45599999999988,160.58199999999988,3224
2026-07-30T17:30:00+00:00,160.58199999999988,160.6159999999999,159.30799999999988,159.57699999999988,11756
2026-07-30T17:45:00+00:00,159.57699999999988,159.93399999999988,159.56499999999988,159.78399999999988,10132
2026-07-30T18:00:00+00:00,159.78399999999988,159.8719999999999,159.6339999999999,159.6679999999999,6623
2026-07-30T18:15:00+00:00,159.6679999999999,159.8899999999999,159.64199999999988,159.80699999999987,3636
2026-07-30T18:30:00+00:00,159.80699999999987,159.89099999999988,159.7329999999999,159.82099999999988,2575
2026-07-30T18:45:00+00:00,159.82099999999988,159.86199999999988,159.67599999999987,159.6869999999999,4194
2026-07-30T19:00:00+00:00,159.6869999999999,160.0009999999999,159.6869999999999,159.96999999999989,3987
2026-07-30T19:15:00+00:00,159.96999999999989,160.12299999999988,159.96799999999988,160.1039999999999,2683
2026-07-30T19:30:00+00:00,160.1039999999999,160.22499999999988,160.0959999999999,160.1869999999999,2244
2026-07-30T19:45:00+00:00,160.1869999999999,160.2159999999999,160.0779999999999,160.1389999999999,3193
2026-07-30T20:00:00+00:00,160.1389999999999,160.1909999999999,160.1319999999999,160.1849999999999,1492
2026-07-30T20:15:00+00:00,160.1849999999999,160.31399999999988,160.1809999999999,160.2889999999999,1710
2026-07-30T20:30:00+00:00,160.2889999999999,160.3349999999999,160.14099999999988,160.33299999999988,1711
2026-07-30T20:45:00+00:00,160.33299999999988,160.39799999999988,160.2339999999999,160.2889999999999,1767
2026-07-30T21:00:00+00:00,160.2889999999999,160.2889999999999,160.13399999999987,160.19799999999987,146.86217091282475
2026-07-30T21:15:00+00:00,160.19799999999987,160.22999999999988,160.19199999999987,160.22999999999988,172
2026-07-30T21:30:00+00:00,160.22999999999988,160.30599999999987,160.22099999999986,160.30599999999987,237
2026-07-30T21:45:00+00:00,160.30599999999987,160.37099999999987,160.28799999999987,160.34499999999986,355
2026-07-30T22:00:00+00:00,160.34499999999986,160.41199999999986,160.20299999999986,160.38799999999986,2956
2026-07-30T22:15:00+00:00,160.38799999999986,160.49699999999987,160.37599999999986,160.43999999999988,1666
2026-07-30T22:30:00+00:00,160.43999999999988,160.46699999999987,160.07799999999986,160.29799999999986,3913
2026-07-30T22:45:00+00:00,160.29799999999986,160.42499999999987,160.26699999999988,160.36699999999988,2462
2026-07-30T23:00:00+00:00,160.36699999999988,160.57899999999987,160.28999999999988,160.55499999999986,3022
2026-07-30T23:15:00+00:00,160.55499999999986,160.63699999999986,160.48699999999988,160.62899999999988,3450
2026-07-30T23:30:00+00:00,160.62899999999988,160.90299999999988,160.60899999999987,160.90199999999987,5090
2026-07-30T23:45:00+00:00,160.90199999999987,160.91599999999988,160.83999999999986,160.90099999999987,3241
2026-07-31T00:00:00+00:00,160.90099999999987,161.11399999999986,160.87199999999987,161.02299999999988,8829
2026-07-31T00:15:00+00:00,161.02299999999988,161.06499999999988,160.85499999999988,160.97799999999987,6053
2026-07-31T00:30:00+00:00,160.97799999999987,161.25299999999987,160.96199999999988,161.23399999999987,5696
2026-07-31T00:45:00+00:00,161.23399999999987,161.39599999999987,161.14299999999986,161.24999999999986,9595
2026-07-31T01:00:00+00:00,161.24999999999986,161.35299999999987,161.05199999999988,161.19599999999988,7810
2026-07-31T01:15:00+00:00,161.19599999999988,161.29899999999986,161.13399999999987,161.21799999999988,6805
2026-07-31T01:30:00+00:00,161.21799999999988,161.32799999999986,161.15799999999987,161.31499999999988,5805
2026-07-31T01:45:00+00:00,161.31499999999988,161.45799999999988,161.28999999999988,161.44799999999987,4477
2026-07-31T02:00:00+00:00,161.44799999999987,161.44799999999987,161.24899999999988,161.26899999999986,5500
2026-07-31T02:15:00+00:00,161.26899999999986,161.32599999999988,161.21299999999988,161.31199999999987,3384
2026-07-31T02:30:00+00:00,161.31199999999987,161.34399999999988,161.19199999999987,161.32799999999986,2196
2026-07-31T02:45:00+00:00,161.32799999999986,161.36599999999987,161.15499999999986,161.22199999999987,3935
2026-07-31T03:00:00+00:00,161.22199999999987,161.58699999999988,161.18099999999987,161.45499999999987,6564
2026-07-31T03:15:00+00:00,161.45499999999987,161.55799999999988,161.42299999999986,161.54399999999987,4557
2026-07-31T03:30:00+00:00,161.54399999999987,161.57099999999988,161.36499999999987,161.38799999999986,4791
2026-07-31T03:45:00+00:00,161.38799999999986,161.40199999999987,161.20799999999988,161.32599999999988,4645
2026-07-31T04:00:00+00:00,161.32599999999988,161.40399999999988,161.27299999999988,161.40199999999987,3711
2026-07-31T04:15:00+00:00,161.40199999999987,161.45899999999986,161.35099999999986,161.44199999999987,5048
2026-07-31T04:30:00+00:00,161.44199999999987,161.46699999999987,161.40099999999987,161.41999999999987,4822
2026-07-31T04:45:00+00:00,161.41999999999987,161.52099999999987,161.37499999999986,161.39299999999986,3415
2026-07-31T05:00:00+00:00,161.39299999999986,161.41499999999988,161.30199999999988,161.37899999999988,4268
2026-07-31T05:15:00+00:00,161.37899999999988,161.45499999999987,161.30399999999986,161.45099999999988,3666
2026-07-31T05:30:00+00:00,161.45099999999988,161.45899999999986,161.25499999999988,161.38799999999986,6244
2026-07-31T05:45:00+00:00,161.38799999999986,161.41399999999987,161.27199999999988,161.31099999999986,4659
2026-07-31T06:00:00+00:00,161.31099999999986,161.31999999999988,161.03299999999987,161.08699999999988,7426
2026-07-31T06:15:00+00:00,161.08699999999988,161.24599999999987,160.94099999999986,161.04599999999988,8800
2026-07-31T06:30:00+00:00,161.04599999999988,161.24799999999988,161.04599999999988,161.18499999999986,10473
2026-07-31T06:45:00+00:00,161.18499999999986,161.18599999999986,160.64499999999987,160.99999999999986,12289
2026-07-31T07:00:00+00:00,160.99999999999986,161.14999999999986,160.99999999999986,161.06299999999987,8191
2026-07-31T07:15:00+00:00,161.06299999999987,161.22499999999988,160.98999999999987,161.20599999999988,7309
2026-07-31T07:30:00+00:00,161.20599999999988,161.35499999999988,161.20399999999987,161.28499999999988,5307
2026-07-31T07:45:00+00:00,161.28499999999988,161.31599999999986,160.91499999999988,160.91699999999986,13053
2026-07-31T08:00:00+00:00,160.91699999999986,161.22399999999988,160.91499999999988,161.05999999999986,7891
2026-07-31T08:15:00+00:00,161.05999999999986,161.07299999999987,160.87499999999986,160.99299999999988,9186
2026-07-31T08:30:00+00:00,160.99299999999988,161.00499999999988,160.63699999999986,160.71699999999987,8371
2026-07-31T08:45:00+00:00,160.71699999999987,160.86599999999987,159.24899999999988,159.63999999999987,15371
2026-07-31T09:00:00+00:00,159.63999999999987,160.34799999999987,159.28499999999988,160.25199999999987,29883
2026-07-31T09:15:00+00:00,160.25199999999987,160.57199999999986,160.18199999999987,160.57099999999988,11614
2026-07-31T09:30:00+00:00,160.57099999999988,160.66699999999986,160.13599999999988,160.58899999999986,8218
2026-07-31T09:45:00+00:00,160.58899999999986,160.79599999999988,160.52499999999986,160.70999999999987,5055
2026-07-31T10:00:00+00:00,160.70999999999987,160.75399999999988,160.56799999999987,160.67099999999988,4480
2026-07-31T10:15:00+00:00,160.67099999999988,160.84799999999987,160.65599999999986,160.67099999999988,3985
2026-07-31T10:30:00+00:00,160.67099999999988,160.72699999999986,160.58999999999986,160.68599999999986,3831
2026-07-31T10:45:00+00:00,160.68599999999986,160.74199999999988,160.66099999999986,160.70099999999988,2603
2026-07-31T11:00:00+00:00,160.70099999999988,160.80899999999988,160.69999999999987,160.74099999999987,2765
2026-07-31T11:15:00+00:00,160.74099999999987,160.86799999999988,160.70699999999988,160.85099999999986,3676
2026-07-31T11:30:00+00:00,160.85099999999986,160.96699999999987,160.81899999999987,160.87899999999988,3027
2026-07-31T11:45:00+00:00,160.87899999999988,160.96299999999988,160.84999999999988,160.92099999999988,2737
2026-07-31T12:00:00+00:00,160.92099999999988,160.98699999999988,160.87699999999987,160.96099999999987,3157
2026-07-31T12:15:00+00:00,160.96099999999987,161.11099999999988,160.90499999999986,161.05999999999986,4148
2026-07-31T12:30:00+00:00,161.05999999999986,161.16299999999987,161.00399999999988,161.14899999999986,2610
2026-07-31T12:45:00+00:00,161.14899999999986,161.16399999999987,161.02999999999986,161.08499999999987,3341
2026-07-31T13:00:00+00:00,161.08499999999987,161.14999999999986,161.01299999999986,161.14099999999988,4264
2026-07-31T13:15:00+00:00,161.14099999999988,161.24999999999986,160.18299999999988,160.23399999999987,14834
2026-07-31T13:30:00+00:00,160.23399999999987,160.35499999999988,159.83799999999988,160.29499999999987,17641
2026-07-31T13:45:00+00:00,160.29499999999987,160.54999999999987,160.09399999999988,160.20199999999988,12362
2026-07-31T14:00:00+00:00,160.20199999999988,160.21799999999988,159.61599999999987,160.06999999999988,17037
2026-07-31T14:15:00+00:00,160.06999999999988,160.16899999999987,159.89899999999986,159.94999999999987,10211
2026-07-31T14:30:00+00:00,159.94999999999987,160.23599999999988,159.94899999999987,160.07399999999987,8129
2026-07-31T14:45:00+00:00,160.07399999999987,160.26199999999986,159.89999999999986,159.94999999999987,9870
2026-07-31T15:00:00+00:00,159.94999999999987,160.02599999999987,159.56499999999988,159.86199999999988,12723
2026-07-31T15:15:00+00:00,159.86199999999988,160.07499999999987,159.66799999999986,160.06499999999988,6949
2026-07-31T15:30:00+00:00,160.06499999999988,160.13399999999987,159.89599999999987,159.94899999999987,5616
2026-07-31T15:45:00+00:00,159.94899999999987,159.97299999999987,159.80399999999986,159.87999999999988,4361
2026-07-31T16:00:00+00:00,159.87999999999988,159.98899999999986,159.83599999999987,159.92199999999988,3204
2026-07-31T16:15:00+00:00,159.92199999999988,159.99399999999986,159.90199999999987,159.93799999999987,2411
2026-07-31T16:30:00+00:00,159.93799999999987,159.98999999999987,159.89799999999988,159.98999999999987,1733
2026-07-31T16:45:00+00:00,159.98999999999987,160.08099999999988,159.95399999999987,160.07999999999987,1945
2026-07-31T17:00:00+00:00,160.07999999999987,160.21499999999986,160.02999999999986,160.14099999999988,2064
2026-07-31T17:15:00+00:00,160.14099999999988,160.19499999999988,159.41799999999986,159.42899999999986,7698
2026-07-31T17:30:00+00:00,159.42899999999986,159.46999999999986,158.87299999999988,158.90899999999988,14075
2026-07-31T17:45:00+00:00,158.90899999999988,159.65899999999988,158.87599999999986,159.22199999999987,15466
2026-07-31T18:00:00+00:00,159.22199999999987,159.52399999999986,159.02099999999987,159.44999999999987,9192
2026-07-31T18:15:00+00:00,159.44999999999987,159.56299999999987,159.31299999999987,159.51899999999986,3761
2026-07-31T18:30:00+00:00,159.51899999999986,159.61499999999987,159.47699999999986,159.61499999999987,2775
2026-07-31T18:45:00+00:00,159.61499999999987,159.83899999999986,159.59699999999987,159.60699999999986,4773
2026-07-31T19:00:00+00:00,159.60699999999986,159.72799999999987,159.58799999999988,159.69999999999987,1882
2026-07-31T19:15:00+00:00,159.69999999999987,159.81599999999986,159.69899999999987,159.74899999999988,1177
2026-07-31T19:30:00+00:00,159.74899999999988,159.94399999999987,159.74899999999988,159.78199999999987,2677
2026-07-31T19:45:00+00:00,159.78199999999987,159.89199999999988,159.70199999999988,159.88799999999986,4359
2026-07-31T20:00:00+00:00,159.88799999999986,159.90999999999988,159.22899999999987,159.23299999999986,5053
2026-07-31T20:15:00+00:00,159.23299999999986,159.36999999999986,158.71099999999987,158.72999999999988,18631
2026-07-31T20:30:00+00:00,158.72999999999988,158.89699999999988,158.35899999999987,158.36699999999988,14862
2026-07-31T20:45:00+00:00,158.36699999999988,158.63899999999987,157.9559999999999,158.1849999999999,11571.042110679055
2026-08-02T21:00:00+00:00,158.1849999999999,158.52699999999987,158.17999999999986,158.51499999999987,731
2026-08-02T21:15:00+00:00,158.51499999999987,158.63199999999986,158.45799999999988,158.5119999999999,738
2026-08-02T21:30:00+00:00,158.5119999999999,158.58699999999985,158.44399999999985,158.51599999999985,897.80324191661
2026-08-02T21:45:00+00:00,158.51599999999985,158.61599999999984,158.49799999999985,158.54399999999987,872
2026-08-02T22:00:00+00:00,158.54399999999987,158.55499999999986,158.06299999999985,158.06999999999985,8216
2026-08-02T22:15:00+00:00,158.06999999999985,158.55899999999986,158.06499999999986,158.32099999999986,5320
2026-08-02T22:30:00+00:00,158.32099999999986,158.46399999999986,158.26699999999985,158.32799999999986,4253
2026-08-02T22:45:00+00:00,158.32799999999986,158.39299999999986,158.17199999999985,158.37799999999984,2972
2026-08-02T23:00:00+00:00,158.37799999999984,158.68899999999985,158.12499999999986,158.62199999999984,6466
2026-08-02T23:15:00+00:00,158.62199999999984,158.92499999999987,158.60599999999985,158.77699999999984,4959
2026-08-02T23:30:00+00:00,158.77699999999984,158.94199999999987,158.68599999999986,158.90199999999984,3639
2026-08-02T23:45:00+00:00,158.90199999999984,158.93699999999987,158.64499999999987,158.65699999999987,4107
2026-08-03T00:00:00+00:00,158.65699999999987,158.91899999999987,158.64299999999986,158.89999999999986,7228
2026-08-03T00:15:00+00:00,158.89999999999986,158.95199999999986,157.59499999999986,157.72399999999988,12990
2026-08-03T00:30:00+00:00,157.72399999999988,157.75999999999988,156.42999999999986,156.49499999999986,27614
2026-08-03T00:45:00+00:00,156.49499999999986,157.25499999999985,156.29499999999987,157.19199999999987,29312
2026-08-03T01:00:00+00:00,157.19199999999987,157.46899999999985,156.49299999999985,157.18999999999986,25607
2026-08-03T01:15:00+00:00,157.18999999999986,157.40799999999987,157.11599999999987,157.31199999999987,11507
2026-08-03T01:30:00+00:00,157.31199999999987,157.51899999999986,157.24599999999987,157.42799999999986,9380
2026-08-03T01:45:00+00:00,157.42799999999986,157.44999999999987,157.29199999999986,157.42899999999986,5553
2026-08-03T02:00:00+00:00,157.42899999999986,157.69899999999987,157.42599999999987,157.59699999999987,4276
2026-08-03T02:15:00+00:00,157.59699999999987,157.61799999999985,157.48099999999985,157.53899999999987,4842
2026-08-03T02:30:00+00:00,157.53899999999987,157.56799999999987,157.28299999999987,157.48799999999986,6565
2026-08-03T02:45:00+00:00,157.48799999999986,157.57499999999987,157.47799999999987,157.55199999999988,2272
2026-08-03T03:00:00+00:00,157.55199999999988,157.71099999999987,157.54899999999986,157.61499999999987,3069
2026-08-03T03:15:00+00:00,157.61499999999987,157.66599999999985,157.52499999999986,157.60399999999987,4589
2026-08-03T03:30:00+00:00,157.60399999999987,157.65199999999987,157.37399999999985,157.59699999999987,2923
2026-08-03T03:45:00+00:00,157.59699999999987,157.65199999999987,157.56299999999987,157.59099999999987,1809
2026-08-03T04:00:00+00:00,157.59099999999987,157.60499999999988,157.47499999999985,157.51499999999987,3155
2026-08-03T04:15:00+00:00,157.51499999999987,157.61499999999987,157.49099999999987,157.57499999999987,2117
2026-08-03T04:30:00+00:00,157.57499999999987,157.61299999999986,157.44299999999987,157.45299999999986,2458
2026-08-03T04:45:00+00:00,157.45299999999986,157.61499999999987,157.43999999999986,157.53099999999986,2280
2026-08-03T05:00:00+00:00,157.53099999999986,157.56499999999986,157.43599999999986,157.51599999999988,2035
2026-08-03T05:15:00+00:00,157.51599999999988,157.57699999999986,157.46699999999987,157.52999999999986,2043
2026-08-03T05:30:00+00:00,157.52999999999986,157.55899999999986,157.45399999999987,157.48699999999985,1928
2026-08-03T05:45:00+00:00,157.48699999999985,157.51999999999987,157.45499999999987,157.46599999999987,1519
2026-08-03T06:00:00+00:00,157.46599999999987,157.53799999999987,157.39299999999986,157.48999999999987,2975
2026-08-03T06:15:00+00:00,157.48999999999987,157.76199999999986,157.48199999999986,157.70199999999986,2551
2026-08-03T06:30:00+00:00,157.70199999999986,157.84699999999987,157.64399999999986,157.81499999999986,3096
2026-08-03T06:45:00+00:00,157.81499999999986,157.91599999999985,157.81499999999986,157.84099999999987,2944
2026-08-03T07:00:00+00:00,157.84099999999987,157.86899999999986,157.63899999999987,157.65699999999987,4711
2026-08-03T07:15:00+00:00,157.65699999999987,157.82199999999986,157.60699999999986,157.66999999999987,6307
2026-08-03T07:30:00+00:00,157.66999999999987,157.81899999999987,157.54699999999985,157.81499999999986,3682
2026-08-03T07:45:00+00:00,157.81499999999986,157.85899999999987,157.76899999999986,157.84299999999988,3559
2026-08-03T08:00:00+00:00,157.84299999999988,157.85399999999987,157.72299999999987,157.80999999999986,3850
2026-08-03T08:15:00+00:00,157.80999999999986,157.87999999999985,157.77399999999986,157.85999999999987,3024
2026-08-03T08:30:00+00:00,157.85999999999987,157.98799999999986,157.62799999999987,157.98799999999986,7775
2026-08-03T08:45:00+00:00,157.98799999999986,158.05299999999986,157.94099999999986,158.05199999999988,3946
2026-08-03T09:00:00+00:00,158.05199999999988,158.10599999999985,157.99099999999987,158.03099999999986,3116
2026-08-03T09:15:00+00:00,158.03099999999986,158.07799999999986,157.96099999999987,158.05999999999986,3035
2026-08-03T09:30:00+00:00,158.05999999999986,158.20199999999986,158.03799999999987,158.14799999999985,2815
2026-08-03T09:45:00+00:00,158.14799999999985,158.17699999999988,157.93399999999986,158.15699999999987,4858
2026-08-03T10:00:00+00:00,158.15699999999987,158.16199999999986,158.00799999999987,158.02399999999986,3918
2026-08-03T10:15:00+00:00,158.02399999999986,158.06999999999985,157.98199999999986,157.99899999999985,4128
2026-08-03T10:30:00+00:00,157.99899999999985,158.03699999999986,157.93999999999986,158.02499999999986,3980
2026-08-03T10:45:00+00:00,158.02499999999986,158.07999999999987,157.73399999999987,157.89199999999985,5729
2026-08-03T11:00:00+00:00,157.89199999999985,157.93399999999986,157.82499999999987,157.85099999999986,3872
2026-08-03T11:15:00+00:00,157.85099999999986,158.02899999999985,157.83299999999986,158.02699999999987,2854
2026-08-03T11:30:00+00:00,158.02699999999987,158.06199999999987,157.98599999999988,158.00999999999988,2524
2026-08-03T11:45:00+00:00,158.00999999999988,158.01299999999986,157.65399999999985,157.72899999999987,5901
2026-08-03T12:00:00+00:00,157.72899999999987,157.80399999999986,157.65599999999986,157.68499999999986,5241
2026-08-03T12:15:00+00:00,157.68499999999986,157.79099999999985,157.68099999999987,157.76599999999988,3869
2026-08-03T12:30:00+00:00,157.76599999999988,157.94999999999987,157.75099999999986,157.93099999999987,3453
2026-08-03T12:45:00+00:00,157.93099999999987,157.96199999999988,157.82499999999987,157.88799999999986,3623
2026-08-03T13:00:00+00:00,157.88799999999986,157.92799999999986,157.83499999999987,157.84999999999985,5442
2026-08-03T13:15:00+00:00,157.84999999999985,157.85599999999985,157.46699999999987,157.53599999999986,7444
2026-08-03T13:30:00+00:00,157.53599999999986,157.58599999999987,157.37199999999987,157.42199999999985,7306
2026-08-03T13:45:00+00:00,157.42199999999985,157.58699999999988,157.39899999999986,157.53799999999987,7350
2026-08-03T14:00:00+00:00,157.53799999999987,157.68499999999986,157.51299999999986,157.68399999999986,7085
2026-08-03T14:15:00+00:00,157.68399999999986,157.68399999999986,157.30599999999987,157.60099999999986,7380
2026-08-03T14:30:00+00:00,157.60099999999986,157.76699999999985,157.54199999999986,157.72599999999986,6080
2026-08-03T14:45:00+00:00,157.72599999999986,157.81599999999986,157.55299999999986,157.62799999999987,6343
2026-08-03T15:00:00+00:00,157.62799999999987,157.84099999999987,157.62399999999985,157.82799999999986,4617
2026-08-03T15:15:00+00:00,157.82799999999986,157.92999999999986,157.80799999999988,157.85099999999986,3108
2026-08-03T15:30:00+00:00,157.85099999999986,157.96999999999986,157.79099999999985,157.96099999999987,2695
2026-08-03T15:45:00+00:00,157.96099999999987,158.10099999999986,157.94299999999987,158.03599999999986,3901
2026-08-03T16:00:00+00:00,158.03599999999986,158.04099999999985,157.91699999999986,157.91999999999987,2895
2026-08-03T16:15:00+00:00,157.91999999999987,157.97999999999988,157.65799999999987,157.94199999999987,3593
2026-08-03T16:30:00+00:00,157.94199999999987,158.03499999999985,157.91199999999986,157.95199999999986,2267
2026-08-03T16:45:00+00:00,157.95199999999986,157.98199999999986,157.91999999999987,157.95699999999985,1849
2026-08-03T17:00:00+00:00,157.95699999999985,158.04299999999986,157.94999999999987,158.01599999999988,1484
2026-08-03T17:15:00+00:00,158.01599999999988,158.06099999999986,158.01199999999986,158.04099999999985,1018
2026-08-03T17:30:00+00:00,158.04099999999985,158.07799999999986,157.97699999999986,158.02599999999987,1321
2026-08-03T17:45:00+00:00,158.02599999999987,158.10399999999987,157.98799999999986,158.08899999999986,1523
2026-08-03T18:00:00+00:00,158.08899999999986,158.14899999999986,158.00499999999985,158.02899999999985,3047
2026-08-03T18:15:00+00:00,158.02899999999985,158.02899999999985,157.90899999999988,157.96799999999988,3345
2026-08-03T18:30:00+00:00,157.96799999999988,157.98299999999986,157.89499999999987,157.90999999999985,4658
2026-08-03T18:45:00+00:00,157.90999999999985,157.96899999999985,157.74299999999985,157.83599999999987,6285
2026-08-03T19:00:00+00:00,157.83599999999987,157.92899999999986,157.81899999999987,157.90899999999988,3290
2026-08-03T19:15:00+00:00,157.90899999999988,157.94299999999987,157.90399999999985,157.91799999999986,1227
2026-08-03T19:30:00+00:00,157.91799999999986,157.97699999999986,157.91799999999986,157.95699999999985,1444
2026-08-03T19:45:00+00:00,157.95699999999985,158.03299999999987,157.95299999999986,158.02099999999987,1480
2026-08-03T20:00:00+00:00,158.02099999999987,158.11799999999985,158.01699999999985,158.11599999999987,1011
2026-08-03T20:15:00+00:00,158.11599999999987,158.29099999999985,157.97999999999988,158.24599999999987,2155
2026-08-03T20:30:00+00:00,158.24599999999987,158.26399999999987,158.13499999999988,158.21199999999988,1592
2026-08-03T20:45:00+00:00,158.21199999999988,158.27999999999986,158.20799999999986,158.20899999999986,2010
2026-08-03T21:00:00+00:00,158.20899999999986,158.24199999999988,158.20699999999985,158.24199999999988,79.4109916833776
2026-08-03T21:15:00+00:00,158.24199999999988,158.24899999999985,158.22399999999988,158.24299999999985,142
2026-08-03T21:30:00+00:00,158.24299999999985,158.26099999999985,158.23699999999985,158.24599999999987,357
2026-08-03T21:45:00+00:00,158.24599999999987,158.26899999999986,158.24399999999986,158.26299999999986,804
2026-08-03T22:00:00+00:00,158.26299999999986,158.50899999999987,158.24599999999987,158.47599999999986,1220
2026-08-03T22:15:00+00:00,158.47599999999986,158.48299999999986,158.42999999999986,158.45999999999987,758
2026-08-03T22:30:00+00:00,158.45999999999987,158.47399999999988,158.36299999999986,158.44899999999987,1502
2026-08-03T22:45:00+00:00,158.44899999999987,158.45199999999986,158.40699999999987,158.42599999999987,1031
2026-08-03T23:00:00+00:00,158.42599999999987,158.42999999999986,158.36699999999988,158.41299999999987,1239
2026-08-03T23:15:00+00:00,158.41299999999987,158.44699999999986,158.32899999999987,158.44399999999987,630
2026-08-03T23:30:00+00:00,158.44399999999987,158.61799999999985,158.43899999999988,158.59899999999988,1873
2026-08-03T23:45:00+00:00,158.59899999999988,158.73399999999987,158.59899999999988,158.60499999999988,2311
2026-08-04T00:00:00+00:00,158.60499999999988,158.61499999999987,158.40399999999985,158.49399999999986,4863
2026-08-04T00:15:00+00:00,158.49399999999986,158.51699999999985,158.29099999999985,158.40099999999987,4848
2026-08-04T00:30:00+00:00,158.40099999999987,158.51299999999986,158.36299999999986,158.47399999999988,4737
2026-08-04T00:45:00+00:00,158.47399999999988,158.61399999999986,158.45899999999986,158.56999999999985,6711
2026-08-04T01:00:00+00:00,158.56999999999985,158.68399999999986,158.56999999999985,158.64599999999987,4883
2026-08-04T01:15:00+00:00,158.64599999999987,158.64599999999987,158.53399999999988,158.62099999999987,2975
2026-08-04T01:30:00+00:00,158.62099999999987,158.62099999999987,158.45799999999986,158.49599999999987,3490
2026-08-04T01:45:00+00:00,158.49599999999987,158.68099999999987,158.49299999999985,158.67999999999986,3093
2026-08-04T02:00:00+00:00,158.67999999999986,158.79399999999987,158.65799999999987,158.71699999999987,3447
2026-08-04T02:15:00+00:00,158.71699999999987,158.81399999999988,158.67399999999986,158.76699999999985,3440
2026-08-04T02:30:00+00:00,158.76699999999985,158.76799999999986,158.70299999999986,158.70899999999986,3023
2026-08-04T02:45:00+00:00,158.70899999999986,158.79699999999985,158.69299999999987,158.78499999999985,2081
2026-08-04T03:00:00+00:00,158.78499999999985,158.78499999999985,158.71099999999987,158.74599999999987,1655
2026-08-04T03:15:00+00:00,158.74599999999987,158.74599999999987,158.63099999999986,158.66899999999987,2554
2026-08-04T03:30:00+00:00,158.66899999999987,158.70499999999987,158.49699999999987,158.67399999999986,4989
2026-08-04T03:45:00+00:00,158.67399999999986,158.72499999999985,158.65499999999986,158.71999999999986,1535
2026-08-04T04:00:00+00:00,158.71999999999986,158.72999999999988,158.67299999999986,158.70599999999988,1815
2026-08-04T04:15:00+00:00,158.70599999999988,158.73699999999985,158.66899999999987,158.68599999999986,1705
2026-08-04T04:30:00+00:00,158.68599999999986,158.69399999999987,158.53999999999988,158.58199999999985,1807
2026-08-04T04:45:00+00:00,158.58199999999985,158.63199999999986,158.55299999999986,158.60999999999987,1643
2026-08-04T05:00:00+00:00,158.60999999999987,158.66099999999986,158.56499999999986,158.65399999999985,1584
2026-08-04T05:15:00+00:00,158.65399999999985,158.69699999999986,158.61299999999986,158.64199999999985,1937
2026-08-04T05:30:00+00:00,158.64199999999985,158.77099999999987,158.63099999999986,158.76999999999987,2002
2026-08-04T05:45:00+00:00,158.76999999999987,158.80999999999986,158.74599999999987,158.77799999999988,1827
2026-08-04T06:00:00+00:00,158.77799999999988,158.83499999999987,158.69999999999987,158.73099999999985,2777
2026-08-04T06:15:00+00:00,158.73099999999985,158.75599999999986,158.62499999999986,158.75499999999985,3844
2026-08-04T06:30:00+00:00,158.75499999999985,158.81599999999986,158.68099999999987,158.79199999999986,3353
2026-08-04T06:45:00+00:00,158.79199999999986,158.83799999999985,158.70499999999987,158.74799999999988,3273
2026-08-04T07:00:00+00:00,158.74799999999988,158.82899999999987,158.71999999999986,158.81399999999988,3421
2026-08-04T07:15:00+00:00,158.81399999999988,158.82799999999986,158.68699999999987,158.73999999999987,2769
2026-08-04T07:30:00+00:00,158.73999999999987,158.90699999999987,158.67599999999987,158.87999999999985,3012
2026-08-04T07:45:00+00:00,158.87999999999985,158.89499999999987,158.81899999999987,158.87899999999988,3457
2026-08-04T08:00:00+00:00,158.87899999999988,158.88199999999986,158.84799999999987,158.86099999999988,3257
2026-08-04T08:15:00+00:00,158.86099999999988,158.88299999999987,158.79199999999986,158.81999999999985,2869
2026-08-04T08:30:00+00:00,158.81999999999985,158.87899999999988,158.80799999999988,158.82399999999987,2962
2026-08-04T08:45:00+00:00,158.82399999999987,158.88599999999985,158.81699999999987,158.86899999999986,2028
2026-08-04T09:00:00+00:00,158.86899999999986,159.00799999999987,158.85899999999987,158.95399999999987,2824
2026-08-04T09:15:00+00:00,158.95399999999987,158.98299999999986,158.91399999999987,158.92899999999986,3275
2026-08-04T09:30:00+00:00,158.92899999999986,158.97799999999987,158.91899999999987,158.97199999999987,2203
2026-08-04T09:45:00+00:00,158.97199999999987,159.02599999999987,158.95999999999987,158.97799999999987,1559
2026-08-04T10:00:00+00:00,158.97799999999987,159.02299999999985,158.92899999999986,158.99799999999988,2345
2026-08-04T10:15:00+00:00,158.99799999999988,159.01999999999987,158.94099999999986,158.95699999999985,2128
2026-08-04T10:30:00+00:00,158.95699999999985,158.97299999999987,158.82099999999986,158.88299999999987,3274
2026-08-04T10:45:00+00:00,158.88299999999987,158.94099999999986,158.83799999999985,158.88799999999986,4373
2026-08-04T11:00:00+00:00,158.88799999999986,158.92099999999988,158.82199999999986,158.83699999999988,2107
2026-08-04T11:15:00+00:00,158.83699999999988,158.85099999999986,158.74899999999985,158.76099999999985,3021
2026-08-04T11:30:00+00:00,158.76099999999985,158.81299999999987,158.59499999999986,158.64399999999986,7300
2026-08-04T11:45:00+00:00,158.64399999999986,158.71399999999986,158.43099999999987,158.53099999999986,7367
2026-08-04T12:00:00+00:00,158.53099999999986,158.55899999999986,158.36899999999986,158.52699999999987,6027
2026-08-04T12:15:00+00:00,158.52699999999987,158.65999999999985,158.52399999999986,158.64399999999986,4108
2026-08-04T12:30:00+00:00,158.64399999999986,158.64499999999987,158.51099999999985,158.54999999999987,3157
2026-08-04T12:45:00+00:00,158.54999999999987,158.59699999999987,158.47399999999988,158.59499999999986,2686
2026-08-04T13:00:00+00:00,158.59499999999986,158.62199999999987,158.56099999999986,158.58799999999985,3115
2026-08-04T13:15:00+00:00,158.58799999999985,158.63899999999987,158.43399999999986,158.48499999999987,6403
2026-08-04T13:30:00+00:00,158.48499999999987,158.48499999999987,158.28299999999987,158.36399999999986,5960
2026-08-04T13:45:00+00:00,158.36399999999986,158.52499999999986,158.36299999999986,158.49299999999985,4627
2026-08-04T14:00:00+00:00,158.49299999999985,158.51399999999987,158.36499999999987,158.43799999999987,4423
2026-08-04T14:15:00+00:00,158.43799999999987,158.56199999999987,158.38499999999988,158.54399999999987,5640
2026-08-04T14:30:00+00:00,158.54399999999987,158.64599999999987,158.51899999999986,158.62599999999986,5619
2026-08-04T14:45:00+00:00,158.62599999999986,158.70399999999987,158.61999999999986,158.62299999999988,3888
2026-08-04T15:00:00+00:00,158.62299999999988,158.68599999999986,158.57999999999987,158.60899999999987,3500
2026-08-04T15:15:00+00:00,158.60899999999987,158.67899999999986,158.60799999999986,158.62199999999987,2267
2026-08-04T15:30:00+00:00,158.62199999999987,158.62499999999986,158.47299999999987,158.47499999999985,4557
2026-08-04T15:45:00+00:00,158.47499999999985,158.52699999999987,158.44699999999986,158.50699999999986,2818
2026-08-04T16:00:00+00:00,158.50699999999986,158.59799999999987,158.49999999999986,158.55899999999986,3014
2026-08-04T16:15:00+00:00,158.55899999999986,158.57199999999986,158.50199999999987,158.54099999999985,1434
2026-08-04T16:30:00+00:00,158.54099999999985,158.67199999999985,158.53499999999985,158.65999999999985,2302
2026-08-04T16:45:00+00:00,158.65999999999985,158.70199999999986,158.63699999999986,158.64499999999987,1310
2026-08-04T17:00:00+00:00,158.64499999999987,158.68599999999986,158.59499999999986,158.63799999999986,1644
2026-08-04T17:15:00+00:00,158.63799999999986,158.71399999999986,158.63699999999986,158.68599999999986,2573
2026-08-04T17:30:00+00:00,158.68599999999986,158.70099999999985,158.64399999999986,158.64999999999986,1223
2026-08-04T17:45:00+00:00,158.64999999999986,158.67599999999987,158.64699999999988,158.67499999999987,1268
2026-08-04T18:00:00+00:00,158.67499999999987,158.71899999999985,158.66899999999987,158.69899999999987,1897
2026-08-04T18:15:00+00:00,158.69899999999987,158.76199999999986,158.69899999999987,158.73399999999987,4769
2026-08-04T18:30:00+00:00,158.73399999999987,158.74999999999986,158.71399999999986,158.73399999999987,3683
2026-08-04T18:45:00+00:00,158.73399999999987,158.75499999999985,158.67999999999986,158.71799999999988,2627
2026-08-04T19:00:00+00:00,158.71799999999988,158.86099999999988,158.70599999999988,158.85999999999987,3818
2026-08-04T19:15:00+00:00,158.85999999999987,158.86299999999986,158.83599999999987,158.84799999999987,1798
2026-08-04T19:30:00+00:00,158.84799999999987,158.86099999999988,158.82199999999986,158.85799999999986,1390
2026-08-04T19:45:00+00:00,158.85799999999986,158.90199999999987,158.78399999999988,158.83699999999988,1828
2026-08-04T20:00:00+00:00,158.83699999999988,158.84999999999985,158.80399999999986,158.80699999999987,3169
2026-08-04T20:15:00+00:00,158.80699999999987,158.80999999999986,158.74399999999986,158.78799999999987,1208
2026-08-04T20:30:00+00:00,158.78799999999987,158.82299999999987,158.78299999999987,158.80899999999986,763
2026-08-04T20:45:00+00:00,158.80899999999986,158.82099999999986,158.76399999999987,158.76399999999987,2881
2026-08-04T21:00:00+00:00,158.76399999999987,158.87199999999984,158.73499999999987,158.86999999999986,144.82609729267685
2026-08-04T21:15:00+00:00,158.86999999999986,158.87599999999986,158.80799999999985,158.81699999999987,624
2026-08-04T21:30:00+00:00,158.81699999999987,158.86699999999985,158.81399999999985,158.86699999999985,1108
2026-08-04T21:45:00+00:00,158.86699999999985,158.89799999999985,158.80599999999984,158.82699999999986,888
2026-08-04T22:00:00+00:00,158.82699999999986,158.84499999999986,158.78699999999986,158.82099999999986,877
2026-08-04T22:15:00+00:00,158.82099999999986,158.85899999999984,158.81099999999986,158.85599999999985,543
2026-08-04T22:30:00+00:00,158.85599999999985,158.86199999999985,158.82299999999987,158.82399999999984,535
2026-08-04T22:45:00+00:00,158.82399999999984,158.83699999999985,158.79899999999986,158.82399999999984,819
2026-08-04T23:00:00+00:00,158.82399999999984,158.88799999999986,158.81299999999985,158.88599999999985,654
2026-08-04T23:15:00+00:00,158.88599999999985,158.88899999999984,158.86199999999985,158.88799999999986,279
2026-08-04T23:30:00+00:00,158.88799999999986,158.90299999999985,158.87299999999985,158.89799999999985,392.8422966507177
2026-08-04T23:45:00+00:00,158.89799999999985,158.89799999999985,158.75299999999984,158.79999999999984,995
2026-08-05T00:00:00+00:00,158.79999999999984,158.84599999999986,158.75999999999985,158.77299999999985,2778
2026-08-05T00:15:00+00:00,158.77299999999985,158.80699999999985,158.66899999999984,158.73699999999985,4296
2026-08-05T00:30:00+00:00,158.73699999999985,158.75699999999986,158.67399999999986,158.75699999999986,1868
2026-08-05T00:45:00+00:00,158.75699999999986,158.76499999999984,158.54299999999986,158.65099999999984,5656
2026-08-05T01:00:00+00:00,158.65099999999984,158.72399999999985,158.62299999999985,158.63699999999986,6443
2026-08-05T01:15:00+00:00,158.63699999999986,158.73799999999986,158.60499999999985,158.71999999999986,5436
2026-08-05T01:30:00+00:00,158.71999999999986,158.77099999999984,158.69399999999985,158.72199999999984,1966
2026-08-05T01:45:00+00:00,158.72199999999984,158.74099999999984,158.69599999999986,158.73599999999985,2632
2026-08-05T02:00:00+00:00,158.73599999999985,158.79099999999985,158.66099999999986,158.66199999999986,3799
2026-08-05T02:15:00+00:00,158.66199999999986,158.67199999999985,158.48599999999985,158.58799999999985,5814
2026-08-05T02:30:00+00:00,158.58799999999985,158.58799999999985,158.40299999999985,158.40299999999985,5096
2026-08-05T02:45:00+00:00,158.40299999999985,158.55299999999986,158.39899999999986,158.55099999999985,4746
2026-08-05T03:00:00+00:00,158.55099999999985,158.55499999999986,158.45199999999986,158.47199999999984,5543
2026-08-05T03:15:00+00:00,158.47199999999984,158.53299999999984,158.44899999999984,158.52899999999985,3729
2026-08-05T03:30:00+00:00,158.52899999999985,158.62399999999985,158.52799999999985,158.57199999999986,3564
2026-08-05T03:45:00+00:00,158.57199999999986,158.58199999999985,158.50199999999984,158.51399999999984,3996
2026-08-05T04:00:00+00:00,158.51399999999984,158.51899999999986,158.46299999999985,158.48699999999985,1709
2026-08-05T04:15:00+00:00,158.48699999999985,158.51299999999986,158.46599999999987,158.50299999999984,1547
2026-08-05T04:30:00+00:00,158.50299999999984,158.66199999999986,158.50299999999984,158.65999999999985,2032
2026-08-05T04:45:00+00:00,158.65999999999985,158.77499999999986,158.65999999999985,158.74599999999984,3096
2026-08-05T05:00:00+00:00,158.74599999999984,158.79999999999984,158.73999999999984,158.74399999999986,3355
2026-08-05T05:15:00+00:00,158.74399999999986,158.77199999999985,158.70799999999986,158.74699999999984,5359
2026-08-05T05:30:00+00:00,158.74699999999984,158.77199999999985,158.70699999999985,158.72299999999984,3069
2026-08-05T05:45:00+00:00,158.72299999999984,158.75999999999985,158.68399999999986,158.73199999999986,1637
2026-08-05T06:00:00+00:00,158.73199999999986,158.77799999999985,158.69599999999986,158.74799999999985,2277
2026-08-05T06:15:00+00:00,158.74799999999985,158.86099999999985,158.74799999999985,158.80199999999985,2827
2026-08-05T06:30:00+00:00,158.80199999999985,158.83499999999987,158.66999999999985,158.70999999999987,4780
2026-08-05T06:45:00+00:00,158.70999999999987,158.75999999999985,158.68199999999985,158.70899999999986,3247
2026-08-05T07:00:00+00:00,158.70899999999986,158.78599999999986,158.65399999999985,158.78399999999985,3975
2026-08-05T07:15:00+00:00,158.78399999999985,158.79999999999984,158.62999999999985,158.77399999999986,3050
2026-08-05T07:30:00+00:00,158.77399999999986,158.83199999999985,158.75499999999985,158.81199999999984,3181
2026-08-05T07:45:00+00:00,158.81199999999984,158.83399999999986,158.78199999999984,158.81299999999985,4024
2026-08-05T08:00:00+00:00,158.81299999999985,158.88599999999985,158.79699999999985,158.88399999999984,3273
2026-08-05T08:15:00+00:00,158.88399999999984,158.88899999999984,158.82699999999986,158.86999999999986,3187
2026-08-05T08:30:00+00:00,158.86999999999986,158.95899999999986,158.86899999999986,158.93199999999985,1876
2026-08-05T08:45:00+00:00,158.93199999999985,158.96699999999984,158.89499999999984,158.91299999999984,1816
2026-08-05T09:00:00+00:00,158.91299999999984,158.95899999999986,158.88099999999986,158.92299999999986,2266
2026-08-05T09:15:00+00:00,158.92299999999986,158.92299999999986,158.83099999999985,158.90099999999984,2072
2026-08-05T09:30:00+00:00,158.90099999999984,158.90999999999985,158.80599999999984,158.81799999999984,3444
2026-08-05T09:45:00+00:00,158.81799999999984,158.85999999999984,158.78699999999986,158.84699999999984,2961
2026-08-05T10:00:00+00:00,158.84699999999984,158.90599999999986,158.82399999999984,158.89299999999986,2605
2026-08-05T10:15:00+00:00,158.89299999999986,158.89699999999985,158.82899999999987,158.84599999999986,1431
2026-08-05T10:30:00+00:00,158.84599999999986,158.87199999999984,158.82199999999986,158.85499999999985,1352
2026-08-05T10:45:00+00:00,158.85499999999985,158.85499999999985,158.78699999999986,158.79699999999985,1253
2026-08-05T11:00:00+00:00,158.79699999999985,158.79699999999985,158.67099999999985,158.68999999999986,2808
2026-08-05T11:15:00+00:00,158.68999999999986,158.70299999999986,158.57999999999984,158.65399999999985,4953
2026-08-05T11:30:00+00:00,158.65399999999985,158.67499999999984,158.61999999999986,158.64499999999984,2842
2026-08-05T11:45:00+00:00,158.64499999999984,158.70299999999986,158.61799999999985,158.65399999999985,1748
2026-08-05T12:00:00+00:00,158.65399999999985,158.69999999999985,158.64099999999985,158.66199999999986,2186
2026-08-05T12:15:00+00:00,158.66199999999986,158.66499999999985,158.50999999999985,158.60499999999985,4364
2026-08-05T12:30:00+00:00,158.60499999999985,158.68699999999984,158.57699999999986,158.67899999999986,3059
2026-08-05T12:45:00+00:00,158.67899999999986,158.72799999999984,158.65199999999984,158.72399999999985,2910
2026-08-05T13:00:00+00:00,158.72399999999985,158.72399999999985,158.62899999999985,158.67499999999984,3512
2026-08-05T13:15:00+00:00,158.67499999999984,158.74199999999985,158.62899999999985,158.63899999999984,2788
2026-08-05T13:30:00+00:00,158.63899999999984,158.66499999999985,158.51199999999986,158.56099999999986,5169
2026-08-05T13:45:00+00:00,158.56099999999986,158.65599999999986,158.55699999999985,158.63499999999985,4490
2026-08-05T14:00:00+00:00,158.63499999999985,158.64099999999985,158.40499999999986,158.47399999999985,6463
2026-08-05T14:15:00+00:00,158.47399999999985,158.57599999999985,158.45399999999987,158.55799999999985,4308
2026-08-05T14:30:00+00:00,158.55799999999985,158.62999999999985,158.55799999999985,158.59099999999987,3943
2026-08-05T14:45:00+00:00,158.59099999999987,158.70099999999985,158.57999999999984,158.59399999999985,4440
2026-08-05T15:00:00+00:00,158.59399999999985,158.65399999999985,158.50499999999985,158.65299999999985,3811
2026-08-05T15:15:00+00:00,158.65299999999985,158.69899999999984,158.64399999999986,158.66199999999986,3584
2026-08-05T15:30:00+00:00,158.66199999999986,158.70099999999985,158.63699999999986,158.66599999999985,1820
2026-08-05T15:45:00+00:00,158.66599999999985,158.76099999999985,158.66499999999985,158.75399999999985,3023
2026-08-05T16:00:00+00:00,158.75399999999985,158.77099999999984,158.70099999999985,158.73199999999986,3391
2026-08-05T16:15:00+00:00,158.73199999999986,158.74699999999984,158.69599999999986,158.73599999999985,1561
2026-08-05T16:30:00+00:00,158.73599999999985,158.78599999999986,158.73599999999985,158.77399999999986,1588
2026-08-05T16:45:00+00:00,158.77399999999986,158.84799999999984,158.76599999999985,158.83799999999985,1833
2026-08-05T17:00:00+00:00,158.83799999999985,158.89099999999985,158.78699999999986,158.85999999999984,1426
2026-08-05T17:15:00+00:00,158.85999999999984,158.87399999999985,158.79999999999984,158.80599999999984,1149
2026-08-05T17:30:00+00:00,158.80599999999984,158.82999999999984,158.77099999999984,158.78399999999985,1366
2026-08-05T17:45:00+00:00,158.78399999999985,158.80899999999986,158.75199999999984,158.78099999999986,1546
2026-08-05T18:00:00+00:00,158.78099999999986,158.80299999999986,158.72799999999984,158.76899999999986,1709
2026-08-05T18:15:00+00:00,158.76899999999986,158.79899999999986,158.71699999999984,158.72299999999984,1719
2026-08-05T18:30:00+00:00,158.72299999999984,158.78199999999984,158.72299999999984,158.78099999999986,1975
2026-08-05T18:45:00+00:00,158.78099999999986,158.78799999999984,158.73399999999984,158.76499999999984,1205
2026-08-05T19:00:00+00:00,158.76499999999984,158.82299999999987,158.74399999999986,158.80099999999985,1677
2026-08-05T19:15:00+00:00,158.80099999999985,158.84299999999985,158.79999999999984,158.83899999999986,1255
2026-08-05T19:30:00+00:00,158.83899999999986,158.83899999999986,158.77199999999985,158.80299999999986,1872
2026-08-05T19:45:00+00:00,158.80299999999986,158.83999999999986,158.79199999999986,158.81499999999986,1421
2026-08-05T20:00:00+00:00,158.81499999999986,158.86699999999985,158.78699999999986,158.86399999999986,697
2026-08-05T20:15:00+00:00,158.86399999999986,158.90999999999985,158.86299999999986,158.88999999999984,551
2026-08-05T20:30:00+00:00,158.88999999999984,158.89799999999985,158.84299999999985,158.85899999999984,645
2026-08-05T20:45:00+00:00,158.85899999999984,158.86299999999986,158.83399999999986,158.83499999999987,1420
2026-08-05T21:00:00+00:00,158.83499999999987,158.83499999999987,158.76199999999986,158.78999999999985,135
2026-08-05T21:15:00+00:00,158.78999999999985,158.82499999999985,158.78999999999985,158.81199999999984,1503
2026-08-05T21:30:00+00:00,158.81199999999984,158.81999999999985,158.79599999999985,158.80299999999986,973
2026-08-05T21:45:00+00:00,158.80299999999986,158.81499999999986,158.74199999999985,158.78999999999985,1668
2026-08-05T22:00:00+00:00,158.78999999999985,158.81399999999985,158.78499999999985,158.80099999999985,602
2026-08-05T22:15:00+00:00,158.80099999999985,158.80499999999986,158.78999999999985,158.79199999999986,279
2026-08-05T22:30:00+00:00,158.79199999999986,158.79799999999986,158.78499999999985,158.78999999999985,195
2026-08-05T22:45:00+00:00,158.78999999999985,158.79399999999984,158.75099999999983,158.76399999999984,205.56973551091198
2026-08-05T23:00:00+00:00,158.76399999999984,158.76499999999984,158.71999999999986,158.72399999999985,467
2026-08-05T23:15:00+00:00,158.72399999999985,158.74999999999986,158.72099999999983,158.74899999999985,293
2026-08-05T23:30:00+00:00,158.74899999999985,158.75299999999984,158.70099999999985,158.70699999999985,413
2026-08-05T23:45:00+00:00,158.70699999999985,158.72399999999985,158.64999999999984,158.70299999999986,827
2026-08-06T00:00:00+00:00,158.70299999999986,158.79899999999984,158.70299999999986,158.78199999999984,2290
2026-08-06T00:15:00+00:00,158.78199999999984,158.81399999999985,158.75799999999984,158.78599999999986,3910
2026-08-06T00:30:00+00:00,158.78599999999986,158.80599999999984,158.75299999999984,158.78499999999985,2384
2026-08-06T00:45:00+00:00,158.78499999999985,158.85099999999986,158.74199999999985,158.81899999999985,4091
2026-08-06T01:00:00+00:00,158.81899999999985,158.83299999999986,158.78799999999984,158.82599999999985,1834
2026-08-06T01:15:00+00:00,158.82599999999985,158.84299999999985,158.73999999999984,158.76499999999984,1575
2026-08-06T01:30:00+00:00,158.76499999999984,158.77199999999985,158.68799999999985,158.71499999999986,1365
2026-08-06T01:45:00+00:00,158.71499999999986,158.76399999999984,158.70999999999984,158.75599999999986,1247
2026-08-06T02:00:00+00:00,158.75599999999986,158.77399999999986,158.68399999999986,158.73499999999984,1418
2026-08-06T02:15:00+00:00,158.73499999999984,158.77499999999984,158.72699999999983,158.75899999999984,1248
2026-08-06T02:30:00+00:00,158.75899999999984,158.77499999999984,158.73099999999985,158.73099999999985,1292
2026-08-06T02:45:00+00:00,158.73099999999985,158.76799999999986,158.73099999999985,158.76299999999983,1226
2026-08-06T03:00:00+00:00,158.76299999999983,158.82099999999986,158.76299999999983,158.81599999999986,1660
2026-08-06T03:15:00+00:00,158.81599999999986,158.83499999999984,158.80199999999985,158.82499999999985,2039
2026-08-06T03:30:00+00:00,158.82499999999985,158.83799999999985,158.78499999999985,158.83699999999985,1328
2026-08-06T03:45:00+00:00,158.83699999999985,158.83799999999985,158.81299999999985,158.82799999999986,1173
2026-08-06T04:00:00+00:00,158.82799999999986,158.82799999999986,158.80799999999985,158.81699999999984,1117
2026-08-06T04:15:00+00:00,158.81699999999984,158.82699999999986,158.80099999999985,158.82199999999986,991
2026-08-06T04:30:00+00:00,158.82199999999986,158.83899999999986,158.81199999999984,158.82499999999985,964
2026-08-06T04:45:00+00:00,158.82499999999985,158.84199999999984,158.81599999999986,158.83099999999985,1350
2026-08-06T05:00:00+00:00,158.83099999999985,158.86699999999985,158.82799999999986,158.85299999999984,799
2026-08-06T05:15:00+00:00,158.85299999999984,158.86199999999985,158.84499999999986,158.85999999999984,533
2026-08-06T05:30:00+00:00,158.85999999999984,158.86099999999985,158.80099999999985,158.80599999999984,822
2026-08-06T05:45:00+00:00,158.80599999999984,158.85399999999984,158.80599999999984,158.84499999999986,1596
2026-08-06T06:00:00+00:00,158.84499999999986,158.89199999999985,158.81799999999984,158.86899999999986,1501
2026-08-06T06:15:00+00:00,158.86899999999986,158.93899999999985,158.86899999999986,158.90999999999985,1825
2026-08-06T06:30:00+00:00,158.90999999999985,158.94399999999985,158.89399999999983,158.90999999999985,2104
2026-08-06T06:45:00+00:00,158.90999999999985,158.93499999999986,158.90099999999984,158.91899999999984,1353
2026-08-06T07:00:00+00:00,158.91899999999984,158.92199999999985,158.84499999999986,158.88899999999984,2419
2026-08-06T07:15:00+00:00,158.88899999999984,158.89099999999985,158.84399999999985,158.86299999999986,1290
2026-08-06T07:30:00+00:00,158.86299999999986,158.96199999999985,158.86099999999985,158.95199999999986,1603
2026-08-06T07:45:00+00:00,158.95199999999986,158.98899999999983,158.93699999999984,158.95699999999985,2361
2026-08-06T08:00:00+00:00,158.95699999999985,158.97399999999985,158.90899999999985,158.94699999999986,1760
2026-08-06T08:15:00+00:00,158.94699999999986,158.96899999999985,158.93399999999986,158.94099999999986,1640
2026-08-06T08:30:00+00:00,158.94099999999986,158.94799999999984,158.90799999999984,158.90999999999985,873
2026-08-06T08:45:00+00:00,158.90999999999985,158.93499999999986,158.88799999999983,158.93099999999984,1070
2026-08-06T09:00:00+00:00,158.93099999999984,158.94799999999984,158.91199999999984,158.92199999999985,937
2026-08-06T09:15:00+00:00,158.92199999999985,158.95199999999986,158.92199999999985,158.93899999999985,1008
2026-08-06T09:30:00+00:00,158.93899999999985,158.96899999999985,158.93599999999984,158.95999999999984,787
2026-08-06T09:45:00+00:00,158.95999999999984,158.97399999999985,158.94599999999986,158.96199999999985,910
2026-08-06T10:00:00+00:00,158.96199999999985,158.98299999999983,158.92699999999985,158.98099999999985,785
2026-08-06T10:15:00+00:00,158.98099999999985,158.98299999999983,158.94099999999986,158.94999999999985,996
2026-08-06T10:30:00+00:00,158.94999999999985,158.95799999999986,158.93399999999986,158.94999999999985,868
2026-08-06T10:45:00+00:00,158.94999999999985,158.97299999999984,158.93299999999985,158.96399999999986,747
2026-08-06T11:00:00+00:00,158.96399999999986,159.02699999999984,158.95799999999986,159.02499999999984,1140
2026-08-06T11:15:00+00:00,159.02499999999984,159.02999999999986,158.96799999999985,158.98399999999984,1792
2026-08-06T11:30:00+00:00,158.98399999999984,159.02399999999986,158.97499999999985,159.01999999999984,1066
2026-08-06T11:45:00+00:00,159.01999999999984,159.02999999999986,158.94599999999986,158.94799999999984,1982
2026-08-06T12:00:00+00:00,158.94799999999984,158.96299999999985,158.91099999999986,158.95499999999984,2036
2026-08-06T12:15:00+00:00,158.95499999999984,158.96599999999984,158.93199999999985,158.93799999999985,1284
2026-08-06T12:30:00+00:00,158.93799999999985,159.01799999999986,158.93599999999984,158.99799999999985,1964
2026-08-06T12:45:00+00:00,158.99799999999985,159.00899999999984,158.97599999999986,158.99499999999983,1260
2026-08-06T13:00:00+00:00,158.99499999999983,159.02099999999984,158.96399999999986,159.01599999999985,1498
2026-08-06T13:15:00+00:00,159.01599999999985,159.01699999999985,158.97399999999985,158.98599999999985,1549
2026-08-06T13:30:00+00:00,158.98599999999985,159.03799999999984,158.97599999999986,159.01999999999984,1888
2026-08-06T13:45:00+00:00,159.01999999999984,159.03299999999984,158.91299999999984,158.96099999999984,2731
2026-08-06T14:00:00+00:00,158.96099999999984,159.35499999999985,158.95799999999986,159.23699999999985,5492
2026-08-06T14:15:00+00:00,159.23699999999985,159.31699999999984,159.20499999999984,159.30999999999986,4200
2026-08-06T14:30:00+00:00,159.30999999999986,159.35099999999986,159.25399999999985,159.25899999999984,2935
2026-08-06T14:45:00+00:00,159.25899999999984,159.37599999999983,159.25899999999984,159.29699999999985,4183
2026-08-06T15:00:00+00:00,159.29699999999985,159.51099999999985,159.29199999999986,159.50999999999985,4663
2026-08-06T15:15:00+00:00,159.50999999999985,159.55499999999984,159.45499999999984,159.50699999999983,4047
2026-08-06T15:30:00+00:00,159.50699999999983,159.52899999999985,159.47499999999985,159.48499999999984,2650
2026-08-06T15:45:00+00:00,159.48499999999984,159.55399999999986,159.47899999999984,159.54199999999986,3129
2026-08-06T16:00:00+00:00,159.54199999999986,159.59299999999985,159.54199999999986,159.58699999999985,2223
2026-08-06T16:15:00+00:00,159.58699999999985,159.64599999999984,159.32099999999986,159.55399999999986,3410
2026-08-06T16:30:00+00:00,159.55399999999986,159.62199999999984,159.54299999999984,159.61499999999984,2127
2026-08-06T16:45:00+00:00,159.61499999999984,159.62599999999983,159.57799999999986,159.60199999999983,2052
2026-08-06T17:00:00+00:00,159.60199999999983,159.60399999999984,159.53899999999985,159.53899999999985,1589
2026-08-06T17:15:00+00:00,159.53899999999985,159.57999999999984,159.50799999999984,159.51799999999986,1710
2026-08-06T17:30:00+00:00,159.51799999999986,159.54599999999985,159.50699999999983,159.53599999999986,1052
2026-08-06T17:45:00+00:00,159.53599999999986,159.53899999999985,159.48299999999983,159.49499999999983,1118
2026-08-06T18:00:00+00:00,159.49499999999983,159.50999999999985,159.45499999999984,159.48799999999986,1642
2026-08-06T18:15:00+00:00,159.48799999999986,159.50199999999984,159.46799999999985,159.47699999999983,1248
2026-08-06T18:30:00+00:00,159.47699999999983,159.49599999999984,159.46999999999986,159.47899999999984,890
2026-08-06T18:45:00+00:00,159.47899999999984,159.47899999999984,159.41899999999984,159.42199999999985,1208
2026-08-06T19:00:00+00:00,159.42199999999985,159.47199999999984,159.38399999999984,159.46399999999986,1544
2026-08-06T19:15:00+00:00,159.46399999999986,159.57099999999986,159.43699999999984,159.54999999999984,2465
2026-08-06T19:30:00+00:00,159.54999999999984,159.55499999999984,159.52099999999984,159.54899999999984,1548
2026-08-06T19:45:00+00:00,159.54899999999984,159.56499999999986,159.46699999999984,159.49499999999983,2382
2026-08-06T20:00:00+00:00,159.49499999999983,159.55899999999986,159.48799999999986,159.54999999999984,589
2026-08-06T20:15:00+00:00,159.54999999999984,159.60099999999986,159.54799999999986,159.55999999999986,688
2026-08-06T20:30:00+00:00,159.55999999999986,159.56699999999984,159.54499999999985,159.54899999999984,490
2026-08-06T20:45:00+00:00,159.54899999999984,159.56999999999985,159.50299999999984,159.50299999999984,872
2026-08-06T21:00:00+00:00,159.50299999999984,159.51499999999984,159.45699999999985,159.50999999999985,86.83048048874457
2026-08-06T21:15:00+00:00,159.50999999999985,159.56899999999985,159.50999999999985,159.53499999999985,289
2026-08-06T21:30:00+00:00,159.53499999999985,159.54899999999984,159.53299999999984,159.53799999999984,319
2026-08-06T21:45:00+00:00,159.53799999999984,159.56599999999986,159.52599999999984,159.55799999999985,331
2026-08-06T22:00:00+00:00,159.55799999999985,159.59899999999985,159.55799999999985,159.58599999999984,507
2026-08-06T22:15:00+00:00,159.58599999999984,159.58699999999985,159.56199999999984,159.56199999999984,222
2026-08-06T22:30:00+00:00,159.56199999999984,159.56399999999985,159.53099999999984,159.53299999999984,374
2026-08-06T22:45:00+00:00,159.53299999999984,159.55899999999986,159.52699999999984,159.55399999999986,419
2026-08-06T23:00:00+00:00,159.55399999999986,159.55899999999986,159.49499999999983,159.49899999999985,712
2026-08-06T23:15:00+00:00,159.49899999999985,159.51599999999985,159.47199999999984,159.51299999999983,279
2026-08-06T23:30:00+00:00,159.51299999999983,159.51699999999985,159.47899999999984,159.50399999999985,286
2026-08-06T23:45:00+00:00,159.50399999999985,159.51599999999985,159.48099999999985,159.51599999999985,362
2026-08-07T00:00:00+00:00,159.51599999999985,159.60899999999984,159.51199999999986,159.60899999999984,1429
2026-08-07T00:15:00+00:00,159.60899999999984,159.62799999999984,159.58099999999985,159.60099999999986,2521
2026-08-07T00:30:00+00:00,159.60099999999986,159.61799999999985,159.58199999999985,159.61599999999984,1277
2026-08-07T00:45:00+00:00,159.61599999999984,159.66499999999985,159.56899999999985,159.61899999999986,3596
2026-08-07T01:00:00+00:00,159.61899999999986,159.62799999999984,159.49299999999985,159.52499999999984,2395
2026-08-07T01:15:00+00:00,159.52499999999984,159.52899999999985,159.44999999999985,159.50799999999984,2198
2026-08-07T01:30:00+00:00,159.50799999999984,159.50899999999984,159.30899999999986,159.36299999999986,3647
2026-08-07T01:45:00+00:00,159.36299999999986,159.42399999999984,159.35699999999986,159.42399999999984,1371
2026-08-07T02:00:00+00:00,159.42399999999984,159.46699999999984,159.40399999999985,159.42399999999984,1680
2026-08-07T02:15:00+00:00,159.42399999999984,159.46599999999984,159.41699999999986,159.43399999999986,1183
2026-08-07T02:30:00+00:00,159.43399999999986,159.45299999999986,159.41999999999985,159.43099999999984,660
2026-08-07T02:45:00+00:00,159.43099999999984,159.47799999999984,159.43099999999984,159.46399999999986,1108
2026-08-07T03:00:00+00:00,159.46399999999986,159.50599999999986,159.45699999999985,159.50299999999984,1075
2026-08-07T03:15:00+00:00,159.50299999999984,159.51299999999983,159.48399999999984,159.49399999999986,579
2026-08-07T03:30:00+00:00,159.49399999999986,159.53699999999984,159.48199999999986,159.52599999999984,919
2026-08-07T03:45:00+00:00,159.52599999999984,159.53799999999984,159.46699999999984,159.49699999999984,1229
2026-08-07T04:00:00+00:00,159.49699999999984,159.51899999999983,159.46799999999985,159.50699999999983,1176
2026-08-07T04:15:00+00:00,159.50699999999983,159.51699999999985,159.49099999999984,159.49999999999986,1330
2026-08-07T04:30:00+00:00,159.49999999999986,159.51999999999984,159.46799999999985,159.49399999999986,1187
2026-08-07T04:45:00+00:00,159.49399999999986,159.51199999999986,159.46799999999985,159.46999999999986,860
2026-08-07T05:00:00+00:00,159.46999999999986,159.48199999999986,159.44099999999986,159.46199999999985,752
2026-08-07T05:15:00+00:00,159.46199999999985,159.48599999999985,159.45899999999986,159.46799999999985,601
2026-08-07T05:30:00+00:00,159.46799999999985,159.47899999999984,159.44199999999984,159.45299999999986,935
2026-08-07T05:45:00+00:00,159.45299999999986,159.45499999999984,159.41499999999985,159.42699999999985,1027
2026-08-07T06:00:00+00:00,159.42699999999985,159.44799999999984,159.40099999999984,159.40299999999985,994
2026-08-07T06:15:00+00:00,159.40299999999985,159.42399999999984,159.38099999999986,159.39599999999984,801
2026-08-07T06:30:00+00:00,159.39599999999984,159.44399999999985,159.37999999999985,159.40099999999984,1990
2026-08-07T06:45:00+00:00,159.40099999999984,159.45899999999986,159.40099999999984,159.45499999999984,2023
2026-08-07T07:00:00+00:00,159.45499999999984,159.46499999999986,159.42099999999985,159.42399999999984,1819
2026-08-07T07:15:00+00:00,159.42399999999984,159.48099999999985,159.41499999999985,159.47399999999985,1819
2026-08-07T07:30:00+00:00,159.47399999999985,159.51699999999985,159.46999999999986,159.49399999999986,1265
2026-08-07T07:45:00+00:00,159.49399999999986,159.54899999999984,159.49199999999985,159.49999999999986,1595
2026-08-07T08:00:00+00:00,159.49999999999986,159.56899999999985,159.49099999999984,159.56199999999984,2639
2026-08-07T08:15:00+00:00,159.56199999999984,159.56999999999985,159.52799999999985,159.53999999999985,1499
2026-08-07T08:30:00+00:00,159.53999999999985,159.55299999999986,159.45499999999984,159.47499999999985,1849
2026-08-07T08:45:00+00:00,159.47499999999985,159.49399999999986,159.43599999999984,159.46799999999985,1819
2026-08-07T09:00:00+00:00,159.46799999999985,159.48799999999986,159.44399999999985,159.46099999999984,1698
2026-08-07T09:15:00+00:00,159.46099999999984,159.46499999999986,159.44199999999984,159.44999999999985,1214
2026-08-07T09:30:00+00:00,159.44999999999985,159.45199999999986,159.41199999999984,159.44199999999984,1063
2026-08-07T09:45:00+00:00,159.44199999999984,159.46499999999986,159.42599999999985,159.44699999999986,1471
2026-08-07T10:00:00+00:00,159.44699999999986,159.48699999999985,159.44699999999986,159.47199999999984,1409
2026-08-07T10:15:00+00:00,159.47199999999984,159.50699999999983,159.46999999999986,159.49699999999984,1289
2026-08-07T10:30:00+00:00,159.49699999999984,159.49899999999985,159.33799999999985,159.39299999999986,3172
2026-08-07T10:45:00+00:00,159.39299999999986,159.42299999999986,159.36999999999983,159.39999999999984,1664
2026-08-07T11:00:00+00:00,159.39999999999984,159.41499999999985,159.35599999999985,159.41499999999985,1806
2026-08-07T11:15:00+00:00,159.41499999999985,159.46399999999986,159.41499999999985,159.46199999999985,933
2026-08-07T11:30:00+00:00,159.46199999999985,159.46399999999986,159.38999999999984,159.42399999999984,1493
2026-08-07T11:45:00+00:00,159.42399999999984,159.43199999999985,159.39599999999984,159.42399999999984,1297
2026-08-07T12:00:00+00:00,159.42399999999984,159.43899999999985,159.38799999999983,159.43199999999985,2542
2026-08-07T12:15:00+00:00,159.43199999999985,159.48799999999986,159.40999999999985,159.40999999999985,3113
2026-08-07T12:30:00+00:00,159.40999999999985,159.40999999999985,157.75899999999984,158.35599999999985,25816
2026-08-07T12:45:00+00:00,158.35599999999985,158.48399999999984,158.18299999999985,158.47899999999984,14581
2026-08-07T13:00:00+00:00,158.47899999999984,158.58499999999984,158.33699999999985,158.35399999999984,10779
2026-08-07T13:15:00+00:00,158.35399999999984,158.51599999999985,158.34699999999984,158.49799999999985,6522
2026-08-07T13:30:00+00:00,158.49799999999985,158.74099999999984,158.47999999999985,158.62499999999986,7073
2026-08-07T13:45:00+00:00,158.62499999999986,158.85099999999986,158.60899999999984,158.83099999999985,6178
2026-08-07T14:00:00+00:00,158.83099999999985,158.88399999999984,158.80099999999985,158.82299999999984,6703
2026-08-07T14:15:00+00:00,158.82299999999984,158.87799999999984,158.76299999999983,158.86799999999985,4208
2026-08-07T14:30:00+00:00,158.86799999999985,158.96999999999986,158.81499999999986,158.94099999999986,2612
2026-08-07T14:45:00+00:00,158.94099999999986,159.04299999999984,158.90599999999984,159.01799999999986,6585
2026-08-07T15:00:00+00:00,159.01799999999986,159.07999999999984,158.90499999999986,158.90499999999986,5669
2026-08-07T15:15:00+00:00,158.90499999999986,158.92699999999985,158.76599999999985,158.79299999999984,5680
2026-08-07T15:30:00+00:00,158.79299999999984,158.83599999999984,158.53599999999986,158.60399999999984,6697
2026-08-07T15:45:00+00:00,158.60399999999984,158.70099999999985,158.56899999999985,158.63999999999984,5693
2026-08-07T16:00:00+00:00,158.63999999999984,158.63999999999984,158.51499999999984,158.51499999999984,5468
2026-08-07T16:15:00+00:00,158.51499999999984,158.59199999999984,158.39799999999985,158.46099999999984,7073
2026-08-07T16:30:00+00:00,158.46099999999984,158.51099999999985,158.41199999999984,158.49099999999984,4386
2026-08-07T16:45:00+00:00,158.49099999999984,158.56099999999984,158.42499999999984,158.53999999999985,4419
2026-08-07T17:00:00+00:00,158.53999999999985,158.59199999999984,158.51499999999984,158.51699999999985,1666
2026-08-07T17:15:00+00:00,158.51699999999985,158.53999999999985,158.47199999999984,158.49799999999985,1999
2026-08-07T17:30:00+00:00,158.49799999999985,158.53999999999985,158.46599999999984,158.53499999999985,2304
2026-08-07T17:45:00+00:00,158.53499999999985,158.58099999999985,158.52399999999986,158.57999999999984,1105
2026-08-07T18:00:00+00:00,158.57999999999984,158.69299999999984,158.57599999999985,158.67999999999984,2210
2026-08-07T18:15:00+00:00,158.67999999999984,158.70699999999985,158.65099999999984,158.70499999999984,2293
2026-08-07T18:30:00+00:00,158.70499999999984,158.72099999999986,158.65999999999985,158.68099999999984,2104
2026-08-07T18:45:00+00:00,158.68099999999984,158.68199999999985,158.63599999999985,158.65499999999986,1393
2026-08-07T19:00:00+00:00,158.65499999999986,158.72799999999987,158.60199999999986,158.72699999999986,1785
2026-08-07T19:15:00+00:00,158.72699999999986,158.73699999999985,158.61899999999986,158.61899999999986,2572
2026-08-07T19:30:00+00:00,158.61899999999986,158.63399999999984,158.56699999999987,158.62999999999985,1901
2026-08-07T19:45:00+00:00,158.62999999999985,158.68299999999985,158.58099999999985,158.67999999999986,2097
2026-08-07T20:00:00+00:00,158.67999999999986,158.80499999999986,158.65699999999984,158.80199999999985,1584
2026-08-07T20:15:00+00:00,158.80199999999985,158.88699999999986,158.79999999999984,158.85399999999984,1625
2026-08-07T20:30:00+00:00,158.85399999999984,158.98499999999984,158.85399999999984,158.90199999999984,1573
2026-08-07T20:45:00+00:00,158.90199999999984,158.95199999999986,158.87299999999988,158.8809999999999,1751.4502643126143
2026-08-09T21:00:00+00:00,158.8809999999999,158.8879999999999,158.8519999999999,158.8829999999999,72.61329503348792
2026-08-09T21:15:00+00:00,158.8829999999999,158.8859999999999,158.7979999999999,158.8699999999999,98.25391169966058
2026-08-09T21:30:00+00:00,158.8699999999999,158.8799999999999,158.8669999999999,158.87099999999992,187.26165746759227
2026-08-09T21:45:00+00:00,158.87099999999992,158.87499999999991,158.8609999999999,158.86999999999992,181.34564948046457
2026-08-09T22:00:00+00:00,158.86999999999992,159.06599999999992,158.8669999999999,159.0349999999999,979
2026-08-09T22:15:00+00:00,159.0349999999999,159.07799999999992,159.01799999999992,159.0709999999999,284
2026-08-09T22:30:00+00:00,159.0709999999999,159.1119999999999,159.05399999999992,159.1059999999999,488
2026-08-09T22:45:00+00:00,159.1059999999999,159.12699999999992,159.0819999999999,159.1079999999999,831.1932695632131
2026-08-09T23:00:00+00:00,159.1079999999999,159.1129999999999,159.0329999999999,159.0479999999999,941
2026-08-09T23:15:00+00:00,159.0479999999999,159.07099999999988,159.0089999999999,159.0219999999999,794
2026-08-09T23:30:00+00:00,159.0219999999999,159.0739999999999,159.0189999999999,159.0719999999999,1002
2026-08-09T23:45:00+00:00,159.0719999999999,159.09399999999988,159.0439999999999,159.08799999999988,984
2026-08-10T00:00:00+00:00,159.08799999999988,159.0929999999999,159.0189999999999,159.0389999999999,2894
2026-08-10T00:15:00+00:00,159.0389999999999,159.1169999999999,159.0369999999999,159.09999999999988,2155
2026-08-10T00:30:00+00:00,159.09999999999988,159.1279999999999,159.0909999999999,159.1169999999999,1244
2026-08-10T00:45:00+00:00,159.1169999999999,159.14799999999988,159.0739999999999,159.1279999999999,3034
2026-08-10T01:00:00+00:00,159.1279999999999,159.3239999999999,159.1079999999999,159.2379999999999,4037
2026-08-10T01:15:00+00:00,159.2379999999999,159.3059999999999,159.20099999999988,159.29099999999988,3089
2026-08-10T01:30:00+00:00,159.29099999999988,159.4089999999999,159.2899999999999,159.3839999999999,2444
2026-08-10T01:45:00+00:00,159.3839999999999,159.4959999999999,159.3519999999999,159.45199999999988,3127
2026-08-10T02:00:00+00:00,159.45199999999988,159.4829999999999,159.4149999999999,159.4669999999999,1904
2026-08-10T02:15:00+00:00,159.4669999999999,159.4739999999999,159.4259999999999,159.42799999999988,1140
2026-08-10T02:30:00+00:00,159.42799999999988,159.4489999999999,159.4009999999999,159.4419999999999,1288
2026-08-10T02:45:00+00:00,159.4419999999999,159.44599999999988,159.40399999999988,159.4059999999999,1135
2026-08-10T03:00:00+00:00,159.4059999999999,159.4129999999999,159.3629999999999,159.3779999999999,1950
2026-08-10T03:15:00+00:00,159.3779999999999,159.3869999999999,159.33199999999988,159.3419999999999,1742
2026-08-10T03:30:00+00:00,159.3419999999999,159.40399999999988,159.33199999999988,159.3769999999999,1336
2026-08-10T03:45:00+00:00,159.3769999999999,159.3869999999999,159.3539999999999,159.3789999999999,1084
2026-08-10T04:00:00+00:00,159.3789999999999,159.44499999999988,159.3789999999999,159.4309999999999,1303
2026-08-10T04:15:00+00:00,159.4309999999999,159.4659999999999,159.4179999999999,159.4479999999999,1317
2026-08-10T04:30:00+00:00,159.4479999999999,159.4599999999999,159.4359999999999,159.4549999999999,928
2026-08-10T04:45:00+00:00,159.4549999999999,159.52299999999988,159.4069999999999,159.51699999999988,1850
2026-08-10T05:00:00+00:00,159.51699999999988,159.5579999999999,159.4789999999999,159.5449999999999,2784
2026-08-10T05:15:00+00:00,159.5449999999999,159.5689999999999,159.5159999999999,159.5159999999999,1483
2026-08-10T05:30:00+00:00,159.5159999999999,159.5489999999999,159.4899999999999,159.5449999999999,2089
2026-08-10T05:45:00+00:00,159.5449999999999,159.5459999999999,159.4979999999999,159.5209999999999,1778
2026-08-10T06:00:00+00:00,159.5209999999999,159.6409999999999,159.5199999999999,159.5989999999999,2500
2026-08-10T06:15:00+00:00,159.5989999999999,159.6339999999999,159.5579999999999,159.5969999999999,3597
2026-08-10T06:30:00+00:00,159.5969999999999,159.6199999999999,159.58299999999988,159.5869999999999,1713
2026-08-10T06:45:00+00:00,159.5869999999999,159.59499999999989,159.5339999999999,159.56499999999988,1868
2026-08-10T07:00:00+00:00,159.56499999999988,159.6439999999999,159.5619999999999,159.6349999999999,2159
2026-08-10T07:15:00+00:00,159.6349999999999,159.67199999999988,159.6099999999999,159.6429999999999,2230
2026-08-10T07:30:00+00:00,159.6429999999999,159.7039999999999,159.6369999999999,159.6469999999999,2636
2026-08-10T07:45:00+00:00,159.6469999999999,159.7059999999999,159.5849999999999,159.6669999999999,3257
2026-08-10T08:00:00+00:00,159.6669999999999,159.6819999999999,159.6149999999999,159.64199999999988,2155
2026-08-10T08:15:00+00:00,159.64199999999988,159.6769999999999,159.6409999999999,159.6699999999999,1483
2026-08-10T08:30:00+00:00,159.6699999999999,159.7699999999999,159.66599999999988,159.74299999999988,4226
2026-08-10T08:45:00+00:00,159.74299999999988,159.86799999999988,159.7229999999999,159.84399999999988,2848
2026-08-10T09:00:00+00:00,159.84399999999988,159.9179999999999,159.8289999999999,159.8309999999999,2074
2026-08-10T09:15:00+00:00,159.8309999999999,159.8789999999999,159.8289999999999,159.86199999999988,1401
2026-08-10T09:30:00+00:00,159.86199999999988,159.96999999999989,159.8599999999999,159.9549999999999,1826
2026-08-10T09:45:00+00:00,159.9549999999999,160.0379999999999,159.9539999999999,160.02899999999988,1603
2026-08-10T10:00:00+00:00,160.02899999999988,160.0719999999999,160.0159999999999,160.0309999999999,1616
2026-08-10T10:15:00+00:00,160.0309999999999,160.04699999999988,159.9129999999999,159.9769999999999,3389
2026-08-10T10:30:00+00:00,159.9769999999999,160.0039999999999,159.9489999999999,159.9619999999999,2637
2026-08-10T10:45:00+00:00,159.9619999999999,159.98099999999988,159.9109999999999,159.9709999999999,2455
2026-08-10T11:00:00+00:00,159.9709999999999,160.02299999999988,159.9199999999999,159.9899999999999,2659
2026-08-10T11:15:00+00:00,159.9899999999999,159.9949999999999,159.95199999999988,159.96899999999988,2385
2026-08-10T11:30:00+00:00,159.96899999999988,160.0119999999999,159.9669999999999,160.00499999999988,1658
2026-08-10T11:45:00+00:00,160.00499999999988,160.0579999999999,159.9969999999999,159.9979999999999,1928
2026-08-10T12:00:00+00:00,159.9979999999999,160.0139999999999,159.5979999999999,159.87399999999988,7316
2026-08-10T12:15:00+00:00,159.87399999999988,159.97599999999989,159.84499999999989,159.92799999999988,3389
2026-08-10T12:30:00+00:00,159.92799999999988,160.0439999999999,159.9229999999999,160.0379999999999,2465
2026-08-10T12:45:00+00:00,160.0379999999999,160.1289999999999,160.0259999999999,160.12399999999988,2666
2026-08-10T13:00:00+00:00,160.12399999999988,160.1669999999999,160.0799999999999,160.0899999999999,3101
2026-08-10T13:15:00+00:00,160.0899999999999,160.13599999999988,160.0849999999999,160.1039999999999,1800
2026-08-10T13:30:00+00:00,160.1039999999999,160.1699999999999,160.09399999999988,160.1609999999999,2556
2026-08-10T13:45:00+00:00,160.1609999999999,160.2479999999999,160.0379999999999,160.1929999999999,5648
2026-08-10T14:00:00+00:00,160.1929999999999,160.19599999999988,160.0799999999999,160.1129999999999,3630
2026-08-10T14:15:00+00:00,160.1129999999999,160.1139999999999,160.0419999999999,160.0659999999999,3401
2026-08-10T14:30:00+00:00,160.0659999999999,160.13599999999988,160.0609999999999,160.0869999999999,2921
2026-08-10T14:45:00+00:00,160.0869999999999,160.1519999999999,160.0449999999999,160.1169999999999,3837
2026-08-10T15:00:00+00:00,160.1169999999999,160.1879999999999,160.06499999999988,160.1399999999999,3400
2026-08-10T15:15:00+00:00,160.1399999999999,160.1469999999999,160.03499999999988,160.08899999999988,2796
2026-08-10T15:30:00+00:00,160.08899999999988,160.1319999999999,160.0779999999999,160.1139999999999,3055
2026-08-10T15:45:00+00:00,160.1139999999999,160.1209999999999,160.0789999999999,160.0809999999999,2940
2026-08-10T16:00:00+00:00,160.0809999999999,160.1259999999999,160.0739999999999,160.1229999999999,1940
2026-08-10T16:15:00+00:00,160.1229999999999,160.1319999999999,160.0989999999999,160.11199999999988,1226
2026-08-10T16:30:00+00:00,160.11199999999988,160.1859999999999,160.10699999999989,160.1829999999999,2550
2026-08-10T16:45:00+00:00,160.1829999999999,160.22599999999989,160.1609999999999,160.2169999999999,1794
2026-08-10T17:00:00+00:00,160.2169999999999,160.34399999999988,160.20799999999988,160.2859999999999,2451
2026-08-10T17:15:00+00:00,160.2859999999999,160.32099999999988,160.2799999999999,160.28499999999988,1975
2026-08-10T17:30:00+00:00,160.28499999999988,160.2919999999999,160.2539999999999,160.2889999999999,1209
2026-08-10T17:45:00+00:00,160.2889999999999,160.32599999999988,160.2869999999999,160.3179999999999,957
2026-08-10T18:00:00+00:00,160.3179999999999,160.32099999999988,160.2879999999999,160.31999999999988,1107
2026-08-10T18:15:00+00:00,160.31999999999988,160.3689999999999,160.31999999999988,160.34399999999988,902
2026-08-10T18:30:00+00:00,160.34399999999988,160.35599999999988,160.2679999999999,160.34499999999989,2251
2026-08-10T18:45:00+00:00,160.34499999999989,160.5429999999999,160.3429999999999,160.4169999999999,3187
2026-08-10T19:00:00+00:00,160.4169999999999,160.4429999999999,160.4059999999999,160.4189999999999,1482
2026-08-10T19:15:00+00:00,160.4189999999999,160.4589999999999,160.4109999999999,160.4589999999999,953
2026-08-10T19:30:00+00:00,160.4589999999999,160.54699999999988,160.4549999999999,160.4879999999999,1732
2026-08-10T19:45:00+00:00,160.4879999999999,160.50499999999988,160.4559999999999,160.4829999999999,1201
2026-08-10T20:00:00+00:00,160.4829999999999,160.5039999999999,160.46299999999988,160.4969999999999,579
2026-08-10T20:15:00+00:00,160.4969999999999,160.5279999999999,160.4939999999999,160.5179999999999,492
2026-08-10T20:30:00+00:00,160.5179999999999,160.52299999999988,160.4889999999999,160.4949999999999,410
2026-08-10T20:45:00+00:00,160.4949999999999,160.5009999999999,160.46299999999988,160.46299999999988,564
2026-08-10T21:00:00+00:00,160.46299999999988,160.47599999999989,160.3669999999999,160.3729999999999,30.64371901793599
2026-08-10T21:15:00+00:00,160.3729999999999,160.3959999999999,160.3349999999999,160.3729999999999,181.6403141351837
2026-08-10T21:30:00+00:00,160.3729999999999,160.39399999999992,160.3529999999999,160.3829999999999,410
2026-08-10T21:45:00+00:00,160.3829999999999,160.3959999999999,160.3439999999999,160.3529999999999,596
2026-08-10T22:00:00+00:00,160.3529999999999,160.4459999999999,160.3529999999999,160.4379999999999,2288
2026-08-10T22:15:00+00:00,160.4379999999999,160.4459999999999,160.39399999999992,160.4209999999999,509
2026-08-10T22:30:00+00:00,160.4209999999999,160.4329999999999,160.38099999999991,160.38199999999992,590
2026-08-10T22:45:00+00:00,160.38199999999992,160.39399999999992,160.3679999999999,160.38199999999992,278
2026-08-10T23:00:00+00:00,160.38199999999992,160.4089999999999,160.3719999999999,160.39399999999992,438
2026-08-10T23:15:00+00:00,160.39399999999992,160.4099999999999,160.38199999999992,160.4029999999999,979
2026-08-10T23:30:00+00:00,160.4029999999999,160.4239999999999,160.3969999999999,160.4099999999999,646
2026-08-10T23:45:00+00:00,160.4099999999999,160.4099999999999,160.2669999999999,160.2939999999999,1742
2026-08-11T00:00:00+00:00,160.2939999999999,160.3199999999999,160.25699999999992,160.2829999999999,2321
2026-08-11T00:15:00+00:00,160.2829999999999,160.3349999999999,160.2819999999999,160.3319999999999,2889
2026-08-11T00:30:00+00:00,160.3319999999999,160.3329999999999,160.05399999999992,160.1529999999999,4412
2026-08-11T00:45:00+00:00,160.1529999999999,160.2889999999999,160.1419999999999,160.2829999999999,3490
2026-08-11T01:00:00+00:00,160.2829999999999,160.3169999999999,160.2179999999999,160.2549999999999,2114
2026-08-11T01:15:00+00:00,160.2549999999999,160.26199999999992,160.2039999999999,160.2179999999999,1997
2026-08-11T01:30:00+00:00,160.2179999999999,160.2759999999999,160.20899999999992,160.2709999999999,1461
2026-08-11T01:45:00+00:00,160.2709999999999,160.3149999999999,160.2419999999999,160.3069999999999,1195
2026-08-11T02:00:00+00:00,160.3069999999999,160.4009999999999,160.2959999999999,160.35799999999992,1512
2026-08-11T02:15:00+00:00,160.35799999999992,160.4449999999999,160.3479999999999,160.4179999999999,3002
2026-08-11T02:30:00+00:00,160.4179999999999,160.4459999999999,160.4059999999999,160.4329999999999,1992
2026-08-11T02:45:00+00:00,160.4329999999999,160.44099999999992,160.39299999999992,160.4009999999999,1560
2026-08-11T03:00:00+00:00,160.4009999999999,160.4019999999999,160.3559999999999,160.36899999999991,1473
2026-08-11T03:15:00+00:00,160.36899999999991,160.3739999999999,160.3019999999999,160.3049999999999,1519
2026-08-11T03:30:00+00:00,160.3049999999999,160.3479999999999,160.2779999999999,160.3419999999999,1032
2026-08-11T03:45:00+00:00,160.3419999999999,160.3469999999999,160.3019999999999,160.33999999999992,1026
2026-08-11T04:00:00+00:00,160.33999999999992,160.3429999999999,160.3149999999999,160.3249999999999,989
2026-08-11T04:15:00+00:00,160.3249999999999,160.3259999999999,160.29799999999992,160.3169999999999,844
2026-08-11T04:30:00+00:00,160.3169999999999,160.3789999999999,160.3139999999999,160.3569999999999,1727
2026-08-11T04:45:00+00:00,160.3569999999999,160.38799999999992,160.3229999999999,160.3249999999999,1510
2026-08-11T05:00:00+00:00,160.3249999999999,160.3499999999999,160.3189999999999,160.3349999999999,827
2026-08-11T05:15:00+00:00,160.3349999999999,160.3449999999999,160.3209999999999,160.3229999999999,1222
2026-08-11T05:30:00+00:00,160.3229999999999,160.3429999999999,160.2879999999999,160.2939999999999,1417
2026-08-11T05:45:00+00:00,160.2939999999999,160.3669999999999,160.2939999999999,160.3439999999999,1189
2026-08-11T06:00:00+00:00,160.3439999999999,160.3679999999999,160.31599999999992,160.3569999999999,1905
2026-08-11T06:15:00+00:00,160.3569999999999,160.3789999999999,160.3309999999999,160.3529999999999,2106
2026-08-11T06:30:00+00:00,160.3529999999999,160.3789999999999,160.31599999999992,160.3589999999999,1841
2026-08-11T06:45:00+00:00,160.3589999999999,160.3669999999999,160.33399999999992,160.3449999999999,1824
2026-08-11T07:00:00+00:00,160.3449999999999,160.45899999999992,160.3369999999999,160.4339999999999,2341
2026-08-11T07:15:00+00:00,160.4339999999999,160.4499999999999,160.3959999999999,160.40499999999992,1838
2026-08-11T07:30:00+00:00,160.40499999999992,160.4599999999999,160.40499999999992,160.4519999999999,1585
2026-08-11T07:45:00+00:00,160.4519999999999,160.5139999999999,160.4329999999999,160.50099999999992,1739
2026-08-11T08:00:00+00:00,160.50099999999992,160.5019999999999,160.4499999999999,160.4869999999999,1625
2026-08-11T08:15:00+00:00,160.4869999999999,160.49499999999992,160.42899999999992,160.4299999999999,1205
2026-08-11T08:30:00+00:00,160.4299999999999,160.4479999999999,160.4179999999999,160.4429999999999,1123
2026-08-11T08:45:00+00:00,160.4429999999999,160.50599999999991,160.4429999999999,160.4909999999999,1155
2026-08-11T09:00:00+00:00,160.4909999999999,160.5229999999999,160.4779999999999,160.4969999999999,1342
2026-08-11T09:15:00+00:00,160.4969999999999,160.5029999999999,160.46499999999992,160.4679999999999,1595
2026-08-11T09:30:00+00:00,160.4679999999999,160.4679999999999,160.4449999999999,160.4559999999999,1700
2026-08-11T09:45:00+00:00,160.4559999999999,160.4569999999999,160.4059999999999,160.4179999999999,1244
2026-08-11T10:00:00+00:00,160.4179999999999,160.4559999999999,160.41699999999992,160.4549999999999,1304
2026-08-11T10:15:00+00:00,160.4549999999999,160.4659999999999,160.32799999999992,160.39399999999992,2582
2026-08-11T10:30:00+00:00,160.39399999999992,160.4189999999999,160.36999999999992,160.3899999999999,1514
2026-08-11T10:45:00+00:00,160.3899999999999,160.4139999999999,160.3429999999999,160.3669999999999,1499
2026-08-11T11:00:00+00:00,160.3669999999999,160.38099999999991,160.1929999999999,160.2319999999999,6964
2026-08-11T11:15:00+00:00,160.2319999999999,160.3289999999999,160.2249999999999,160.3199999999999,2589
2026-08-11T11:30:00+00:00,160.3199999999999,160.3499999999999,160.3019999999999,160.3449999999999,2371
2026-08-11T11:45:00+00:00,160.3449999999999,160.3899999999999,160.3419999999999,160.38699999999992,2352
2026-08-11T12:00:00+00:00,160.38699999999992,160.4139999999999,160.3269999999999,160.3999999999999,3338
2026-08-11T12:15:00+00:00,160.3999999999999,160.49999999999991,160.3959999999999,160.4479999999999,3657
2026-08-11T12:30:00+00:00,160.4479999999999,160.4509999999999,160.38799999999992,160.39899999999992,2587
2026-08-11T12:45:00+00:00,160.39899999999992,160.4369999999999,160.3799999999999,160.4069999999999,1625
2026-08-11T13:00:00+00:00,160.4069999999999,160.4069999999999,160.3049999999999,160.3569999999999,2127
2026-08-11T13:15:00+00:00,160.3569999999999,160.3799999999999,160.3179999999999,160.3549999999999,1924
2026-08-11T13:30:00+00:00,160.3549999999999,160.39399999999992,160.3329999999999,160.3569999999999,2203
2026-08-11T13:45:00+00:00,160.3569999999999,160.3829999999999,160.3199999999999,160.3679999999999,2740
2026-08-11T14:00:00+00:00,160.3679999999999,160.42899999999992,160.3679999999999,160.4019999999999,2047
2026-08-11T14:15:00+00:00,160.4019999999999,160.4089999999999,160.3549999999999,160.3839999999999,2262
2026-08-11T14:30:00+00:00,160.3839999999999,160.3959999999999,160.3349999999999,160.3599999999999,1806
2026-08-11T14:45:00+00:00,160.3599999999999,160.3949999999999,160.3479999999999,160.3719999999999,1925
2026-08-11T15:00:00+00:00,160.3719999999999,160.3949999999999,160.3349999999999,160.39399999999992,2500
2026-08-11T15:15:00+00:00,160.39399999999992,160.4099999999999,160.3719999999999,160.4029999999999,1646
2026-08-11T15:30:00+00:00,160.4029999999999,160.4629999999999,160.3969999999999,160.4569999999999,2944
2026-08-11T15:45:00+00:00,160.4569999999999,160.45899999999992,160.3859999999999,160.3859999999999,1600
2026-08-11T16:00:00+00:00,160.3859999999999,160.3959999999999,160.3569999999999,160.36899999999991,1419
2026-08-11T16:15:00+00:00,160.36899999999991,160.3909999999999,160.3449999999999,160.3679999999999,1462
2026-08-11T16:30:00+00:00,160.3679999999999,160.39399999999992,160.3669999999999,160.36999999999992,1179
2026-08-11T16:45:00+00:00,160.36999999999992,160.4059999999999,160.36899999999991,160.4059999999999,882
2026-08-11T17:00:00+00:00,160.4059999999999,160.44699999999992,160.3979999999999,160.4449999999999,1052
2026-08-11T17:15:00+00:00,160.4449999999999,160.4869999999999,160.4439999999999,160.4669999999999,930
2026-08-11T17:30:00+00:00,160.4669999999999,160.4859999999999,160.4459999999999,160.4519999999999,939
2026-08-11T17:45:00+00:00,160.4519999999999,160.4539999999999,160.4239999999999,160.4489999999999,684
2026-08-11T18:00:00+00:00,160.4489999999999,160.4679999999999,160.4459999999999,160.4579999999999,814
2026-08-11T18:15:00+00:00,160.4579999999999,160.4799999999999,160.4489999999999,160.4629999999999,964
2026-08-11T18:30:00+00:00,160.4629999999999,160.4699999999999,160.41099999999992,160.4199999999999,1512
2026-08-11T18:45:00+00:00,160.4199999999999,160.4239999999999,160.39399999999992,160.4019999999999,1179
2026-08-11T19:00:00+00:00,160.4019999999999,160.4249999999999,160.38799999999992,160.39899999999992,948
2026-08-11T19:15:00+00:00,160.39899999999992,160.4339999999999,160.39899999999992,160.4219999999999,619
2026-08-11T19:30:00+00:00,160.4219999999999,160.4249999999999,160.3959999999999,160.40499999999992,904
2026-08-11T19:45:00+00:00,160.40499999999992,160.4399999999999,160.38699999999992,160.42299999999992,1471
2026-08-11T20:00:00+00:00,160.42299999999992,160.4429999999999,160.41099999999992,160.4249999999999,383
2026-08-11T20:15:00+00:00,160.4249999999999,160.4259999999999,160.4149999999999,160.4249999999999,252
2026-08-11T20:30:00+00:00,160.4249999999999,160.50099999999992,160.4239999999999,160.4979999999999,574
2026-08-11T20:45:00+00:00,160.4979999999999,160.4989999999999,160.38699999999992,160.3969999999999,1070
2026-08-11T21:00:00+00:00,160.3969999999999,160.42399999999992,160.34699999999992,160.4219999999999,331.7789320389705
2026-08-11T21:15:00+00:00,160.4219999999999,160.4269999999999,160.39499999999992,160.40099999999993,287
2026-08-11T21:30:00+00:00,160.40099999999993,160.4149999999999,160.38999999999993,160.40499999999992,222.79623665927704
2026-08-11T21:45:00+00:00,160.40499999999992,160.42299999999992,160.4029999999999,160.41799999999992,266.9502501389661
2026-08-11T22:00:00+00:00,160.41799999999992,160.4449999999999,160.41399999999993,160.4399999999999,403
2026-08-11T22:15:00+00:00,160.4399999999999,160.44699999999992,160.42899999999992,160.43499999999992,304
2026-08-11T22:30:00+00:00,160.43499999999992,160.43499999999992,160.40599999999992,160.4149999999999,324
2026-08-11T22:45:00+00:00,160.4149999999999,160.4149999999999,160.39699999999993,160.4099999999999,228
2026-08-11T23:00:00+00:00,160.4099999999999,160.4219999999999,160.40099999999993,160.41799999999992,376
2026-08-11T23:15:00+00:00,160.41799999999992,160.43499999999992,160.4159999999999,160.43499999999992,157
2026-08-11T23:30:00+00:00,160.43499999999992,160.43699999999993,160.3979999999999,160.40799999999993,194
2026-08-11T23:45:00+00:00,160.40799999999993,160.4269999999999,160.40799999999993,160.41099999999992,365
2026-08-12T00:00:00+00:00,160.41099999999992,160.42399999999992,160.33699999999993,160.37599999999992,1799
2026-08-12T00:15:00+00:00,160.37599999999992,160.38899999999992,160.3379999999999,160.38699999999992,1909
2026-08-12T00:30:00+00:00,160.38699999999992,160.41799999999992,160.38399999999993,160.4029999999999,2070
2026-08-12T00:45:00+00:00,160.4029999999999,160.50599999999991,160.39899999999992,160.4819999999999,3341
2026-08-12T01:00:00+00:00,160.4819999999999,160.51499999999993,160.47199999999992,160.47899999999993,2141
2026-08-12T01:15:00+00:00,160.47899999999993,160.49099999999993,160.44899999999993,160.48599999999993,1640
2026-08-12T01:30:00+00:00,160.48599999999993,160.48599999999993,160.44299999999993,160.44799999999992,1337
2026-08-12T01:45:00+00:00,160.44799999999992,160.4759999999999,160.4339999999999,160.4749999999999,1183
2026-08-12T02:00:00+00:00,160.4749999999999,160.5109999999999,160.47199999999992,160.5109999999999,1403
2026-08-12T02:15:00+00:00,160.5109999999999,160.5699999999999,160.5109999999999,160.5409999999999,1601
2026-08-12T02:30:00+00:00,160.5409999999999,160.5589999999999,160.51599999999993,160.54999999999993,1060
2026-08-12T02:45:00+00:00,160.54999999999993,160.54999999999993,160.53299999999993,160.53899999999993,863
2026-08-12T03:00:00+00:00,160.53899999999993,160.57299999999992,160.53799999999993,160.5649999999999,676
2026-08-12T03:15:00+00:00,160.5649999999999,160.6009999999999,160.56299999999993,160.59699999999992,607
2026-08-12T03:30:00+00:00,160.59699999999992,160.59699999999992,160.56899999999993,160.58499999999992,720
2026-08-12T03:45:00+00:00,160.58499999999992,160.59099999999992,160.56099999999992,160.56599999999992,796
2026-08-12T04:00:00+00:00,160.56599999999992,160.59099999999992,160.55999999999992,160.5889999999999,1076
2026-08-12T04:15:00+00:00,160.5889999999999,160.6009999999999,160.57399999999993,160.57799999999992,547
2026-08-12T04:30:00+00:00,160.57799999999992,160.58999999999992,160.50899999999993,160.52599999999993,709
2026-08-12T04:45:00+00:00,160.52599999999993,160.55399999999992,160.52599999999993,160.55099999999993,751
2026-08-12T05:00:00+00:00,160.55099999999993,160.5769999999999,160.54899999999992,160.55599999999993,688
2026-08-12T05:15:00+00:00,160.55599999999993,160.56799999999993,160.53799999999993,160.56799999999993,896
2026-08-12T05:30:00+00:00,160.56799999999993,160.56799999999993,160.44899999999993,160.5289999999999,1551
2026-08-12T05:45:00+00:00,160.5289999999999,160.5579999999999,160.52599999999993,160.54399999999993,943
2026-08-12T06:00:00+00:00,160.54399999999993,160.56599999999992,160.51999999999992,160.5229999999999,1826
2026-08-12T06:15:00+00:00,160.5229999999999,160.54999999999993,160.48599999999993,160.54399999999993,2162
2026-08-12T06:30:00+00:00,160.54399999999993,160.5639999999999,160.49999999999991,160.51399999999992,2545
2026-08-12T06:45:00+00:00,160.51399999999992,160.53799999999993,160.50599999999991,160.5229999999999,1872
2026-08-12T07:00:00+00:00,160.5229999999999,160.52999999999992,160.47199999999992,160.5279999999999,1625
2026-08-12T07:15:00+00:00,160.5279999999999,160.5349999999999,160.49699999999993,160.51399999999992,1259
2026-08-12T07:30:00+00:00,160.51399999999992,160.5169999999999,160.4759999999999,160.49799999999993,1037
2026-08-12T07:45:00+00:00,160.49799999999993,160.52199999999993,160.48999999999992,160.51299999999992,941
2026-08-12T08:00:00+00:00,160.51299999999992,160.51399999999992,160.4579999999999,160.4639999999999,1326
2026-08-12T08:15:00+00:00,160.4639999999999,160.49199999999993,160.45499999999993,160.48899999999992,1372
2026-08-12T08:30:00+00:00,160.48899999999992,160.50199999999992,160.42299999999992,160.4569999999999,1527
2026-08-12T08:45:00+00:00,160.4569999999999,160.49099999999993,160.4339999999999,160.45599999999993,1666
2026-08-12T09:00:00+00:00,160.45599999999993,160.4759999999999,160.4039999999999,160.40699999999993,1684
2026-08-12T09:15:00+00:00,160.40699999999993,160.40799999999993,159.71499999999992,160.1719999999999,8136
2026-08-12T09:30:00+00:00,160.1719999999999,160.26199999999992,160.14699999999993,160.2129999999999,3928
2026-08-12T09:45:00+00:00,160.2129999999999,160.29999999999993,160.19099999999992,160.29399999999993,4925
2026-08-12T10:00:00+00:00,160.29399999999993,160.35299999999992,160.29199999999992,160.31599999999992,2494
2026-08-12T10:15:00+00:00,160.31599999999992,160.3379999999999,160.27599999999993,160.30599999999993,2071
2026-08-12T10:30:00+00:00,160.30599999999993,160.3259999999999,160.23599999999993,160.23899999999992,1708
2026-08-12T10:45:00+00:00,160.23899999999992,160.36299999999991,160.23899999999992,160.3199999999999,3124
2026-08-12T11:00:00+00:00,160.3199999999999,160.3209999999999,160.2489999999999,160.26299999999992,1810
2026-08-12T11:15:00+00:00,160.26299999999992,160.29199999999992,160.25099999999992,160.25899999999993,1818
2026-08-12T11:30:00+00:00,160.25899999999993,160.26899999999992,160.1949999999999,160.2259999999999,1596
2026-08-12T11:45:00+00:00,160.2259999999999,160.23899999999992,160.1949999999999,160.23899999999992,1875
2026-08-12T12:00:00+00:00,160.23899999999992,160.24799999999993,160.13399999999993,160.1829999999999,3305
2026-08-12T12:15:00+00:00,160.1829999999999,160.22899999999993,160.09199999999993,160.09199999999993,3196
2026-08-12T12:30:00+00:00,160.09199999999993,160.3209999999999,159.78699999999992,159.9639999999999,19043
2026-08-12T12:45:00+00:00,159.9639999999999,160.13099999999991,159.92299999999992,159.94399999999993,10938
2026-08-12T13:00:00+00:00,159.94399999999993,160.0339999999999,159.8259999999999,160.02399999999992,9073
2026-08-12T13:15:00+00:00,160.02399999999992,160.0469999999999,159.9579999999999,159.98499999999993,6589
2026-08-12T13:30:00+00:00,159.98499999999993,160.16899999999993,159.95299999999992,160.13899999999992,5824
2026-08-12T13:45:00+00:00,160.13899999999992,160.1769999999999,160.07199999999992,160.1589999999999,5515
2026-08-12T14:00:00+00:00,160.1589999999999,160.26299999999992,160.1359999999999,160.24499999999992,4681
2026-08-12T14:15:00+00:00,160.24499999999992,160.2959999999999,160.18199999999993,160.23899999999992,3396
2026-08-12T14:30:00+00:00,160.23899999999992,160.36599999999993,160.1839999999999,160.33399999999992,5231
2026-08-12T14:45:00+00:00,160.33399999999992,160.38299999999992,160.2969999999999,160.34099999999992,4124
2026-08-12T15:00:00+00:00,160.34099999999992,160.39299999999992,160.3259999999999,160.33999999999992,3411
2026-08-12T15:15:00+00:00,160.33999999999992,160.38799999999992,160.33699999999993,160.38499999999993,2255
2026-08-12T15:30:00+00:00,160.38499999999993,160.42499999999993,160.36099999999993,160.41399999999993,2084
2026-08-12T15:45:00+00:00,160.41399999999993,160.4279999999999,160.35899999999992,160.36899999999991,1400
2026-08-12T16:00:00+00:00,160.36899999999991,160.44899999999993,160.3389999999999,160.4089999999999,1785
2026-08-12T16:15:00+00:00,160.4089999999999,160.4819999999999,160.40599999999992,160.46599999999992,1807
2026-08-12T16:30:00+00:00,160.46599999999992,160.50999999999993,160.46199999999993,160.49599999999992,1320
2026-08-12T16:45:00+00:00,160.49599999999992,160.54899999999992,160.49499999999992,160.52699999999993,2064
2026-08-12T17:00:00+00:00,160.52699999999993,160.54899999999992,160.49499999999992,160.54799999999992,2785
2026-08-12T17:15:00+00:00,160.54799999999992,160.57499999999993,160.53699999999992,160.56599999999992,1230
2026-08-12T17:30:00+00:00,160.56599999999992,160.64899999999992,160.56199999999993,160.64899999999992,1394
2026-08-12T17:45:00+00:00,160.64899999999992,160.66399999999993,160.60899999999992,160.6359999999999,1470
2026-08-12T18:00:00+00:00,160.6359999999999,160.6829999999999,160.5939999999999,160.6239999999999,1892
2026-08-12T18:15:00+00:00,160.6239999999999,160.63499999999993,160.57199999999992,160.5999999999999,1360
2026-08-12T18:30:00+00:00,160.5999999999999,160.62299999999993,160.57799999999992,160.60999999999993,749
2026-08-12T18:45:00+00:00,160.60999999999993,160.64099999999993,160.59699999999992,160.63299999999992,988
2026-08-12T19:00:00+00:00,160.63299999999992,160.64999999999992,160.62299999999993,160.63199999999992,965
2026-08-12T19:15:00+00:00,160.63199999999992,160.63799999999992,160.5939999999999,160.62499999999991,877
2026-08-12T19:30:00+00:00,160.62499999999991,160.64899999999992,160.60499999999993,160.63499999999993,993
2026-08-12T19:45:00+00:00,160.63499999999993,160.6539999999999,160.5999999999999,160.6299999999999,1554
2026-08-12T20:00:00+00:00,160.6299999999999,160.64499999999992,160.6059999999999,160.64299999999992,705
2026-08-12T20:15:00+00:00,160.64299999999992,160.64399999999992,160.59899999999993,160.5999999999999,464
2026-08-12T20:30:00+00:00,160.5999999999999,160.61299999999991,160.54899999999992,160.56099999999992,675
2026-08-12T20:45:00+00:00,160.56099999999992,160.57299999999992,160.53899999999993,160.54399999999993,869
2026-08-12T21:00:00+00:00,160.54399999999993,160.55399999999992,160.51299999999992,160.55399999999992,99.2490619284305
2026-08-12T21:15:00+00:00,160.55399999999992,160.5699999999999,160.53699999999992,160.53699999999992,295.7928993892148
2026-08-12T21:30:00+00:00,160.53699999999992,160.5399999999999,160.53199999999993,160.53799999999993,305.50765216979266
2026-08-12T21:45:00+00:00,160.53799999999993,160.5399999999999,160.5259999999999,160.52999999999992,566.9366428781873
2026-08-12T22:00:00+00:00,160.52999999999992,160.5859999999999,160.52999999999992,160.56599999999992,492
2026-08-12T22:15:00+00:00,160.56599999999992,160.57199999999992,160.5479999999999,160.5539999999999,256.5843297746307
2026-08-12T22:30:00+00:00,160.5539999999999,160.5619999999999,160.5239999999999,160.5259999999999,291
2026-08-12T22:45:00+00:00,160.5259999999999,160.53299999999987,160.5129999999999,160.5149999999999,193.15924548963213
2026-08-12T23:00:00+00:00,160.5149999999999,160.5149999999999,160.48799999999991,160.50199999999992,378.1547711404189
2026-08-12T23:15:00+00:00,160.50199999999992,160.5029999999999,160.4449999999999,160.46599999999992,612
2026-08-12T23:30:00+00:00,160.46599999999992,160.51199999999992,160.4569999999999,160.50199999999992,498
2026-08-12T23:45:00+00:00,160.50199999999992,160.5049999999999,160.4449999999999,160.45999999999992,817
2026-08-13T00:00:00+00:00,160.45999999999992,160.4989999999999,160.4099999999999,160.4989999999999,2467
2026-08-13T00:15:00+00:00,160.4989999999999,160.5089999999999,160.42899999999992,160.44699999999992,2436
2026-08-13T00:30:00+00:00,160.44699999999992,160.4619999999999,160.3679999999999,160.38799999999992,2141
2026-08-13T00:45:00+00:00,160.38799999999992,160.47199999999992,160.3849999999999,160.4429999999999,3064
2026-08-13T01:00:00+00:00,160.4429999999999,160.45999999999992,160.42399999999992,160.4379999999999,1569
2026-08-13T01:15:00+00:00,160.4379999999999,160.4519999999999,160.40599999999992,160.4489999999999,1535
2026-08-13T01:30:00+00:00,160.4489999999999,160.45299999999992,160.4089999999999,160.4449999999999,2176
2026-08-13T01:45:00+00:00,160.4449999999999,160.4919999999999,160.4399999999999,160.4739999999999,1701
2026-08-13T02:00:00+00:00,160.4739999999999,160.5279999999999,160.4639999999999,160.5219999999999,831
2026-08-13T02:15:00+00:00,160.5219999999999,160.5709999999999,160.5219999999999,160.5649999999999,1211
2026-08-13T02:30:00+00:00,160.5649999999999,160.6069999999999,160.5459999999999,160.55999999999992,1660
2026-08-13T02:45:00+00:00,160.55999999999992,160.58499999999992,160.54899999999992,160.5589999999999,832
2026-08-13T03:00:00+00:00,160.5589999999999,160.56799999999993,160.53199999999993,160.56099999999992,1358
2026-08-13T03:15:00+00:00,160.56099999999992,160.61099999999993,160.56099999999992,160.59799999999993,894
2026-08-13T03:30:00+00:00,160.59799999999993,160.60199999999992,160.54899999999992,160.54999999999993,987
2026-08-13T03:45:00+00:00,160.54999999999993,160.58699999999993,160.54899999999992,160.55499999999992,824
2026-08-13T04:00:00+00:00,160.55499999999992,160.58999999999992,160.5519999999999,160.5879999999999,924
2026-08-13T04:15:00+00:00,160.5879999999999,160.59899999999993,160.5709999999999,160.57199999999992,777
2026-08-13T04:30:00+00:00,160.57199999999992,160.6009999999999,160.55999999999992,160.5879999999999,858
2026-08-13T04:45:00+00:00,160.5879999999999,160.5879999999999,160.3019999999999,160.37599999999992,6758
2026-08-13T05:00:00+00:00,160.37599999999992,160.4519999999999,160.35899999999992,160.4219999999999,2288
2026-08-13T05:15:00+00:00,160.4219999999999,160.47099999999992,160.39299999999992,160.4639999999999,2516
2026-08-13T05:30:00+00:00,160.4639999999999,160.49599999999992,160.45399999999992,160.4749999999999,2041
2026-08-13T05:45:00+00:00,160.4749999999999,160.48899999999992,160.3739999999999,160.40499999999992,1374
2026-08-13T06:00:00+00:00,160.40499999999992,160.53599999999992,160.38699999999992,160.51399999999992,2250
2026-08-13T06:15:00+00:00,160.51399999999992,160.53299999999993,160.4819999999999,160.5229999999999,2412
2026-08-13T06:30:00+00:00,160.5229999999999,160.57199999999992,160.51999999999992,160.53899999999993,1704
2026-08-13T06:45:00+00:00,160.53899999999993,160.5589999999999,160.48399999999992,160.5109999999999,2298
2026-08-13T07:00:00+00:00,160.5109999999999,160.52999999999992,160.48799999999991,160.52599999999993,1800
2026-08-13T07:15:00+00:00,160.52599999999993,160.53699999999992,160.49699999999993,160.5099999999999,1602
2026-08-13T07:30:00+00:00,160.5099999999999,160.5289999999999,160.46499999999992,160.46599999999992,1944
2026-08-13T07:45:00+00:00,160.46599999999992,160.49099999999993,160.44199999999992,160.48799999999991,1723
2026-08-13T08:00:00+00:00,160.48799999999991,160.5279999999999,160.4689999999999,160.50299999999993,2053
2026-08-13T08:15:00+00:00,160.50299999999993,160.5219999999999,160.48799999999991,160.5219999999999,1478
2026-08-13T08:30:00+00:00,160.5219999999999,160.53799999999993,160.49699999999993,160.5229999999999,1424
2026-08-13T08:45:00+00:00,160.5229999999999,160.53799999999993,160.50299999999993,160.53099999999992,1224
2026-08-13T09:00:00+00:00,160.53099999999992,160.56199999999993,160.51299999999992,160.51399999999992,1478
2026-08-13T09:15:00+00:00,160.51399999999992,160.51999999999992,160.48899999999992,160.51199999999992,1695
2026-08-13T09:30:00+00:00,160.51199999999992,160.5219999999999,160.4749999999999,160.48399999999992,1695
2026-08-13T09:45:00+00:00,160.48399999999992,160.48499999999993,160.44799999999992,160.46499999999992,1507
2026-08-13T10:00:00+00:00,160.46499999999992,160.49199999999993,160.4569999999999,160.47799999999992,1076
2026-08-13T10:15:00+00:00,160.47799999999992,160.48499999999993,160.44699999999992,160.44999999999993,1673
2026-08-13T10:30:00+00:00,160.44999999999993,160.4689999999999,160.43799999999993,160.45299999999992,1405
2026-08-13T10:45:00+00:00,160.45299999999992,160.48499999999993,160.44999999999993,160.47099999999992,1126
2026-08-13T11:00:00+00:00,160.47099999999992,160.47699999999992,160.38899999999992,160.4269999999999,1698
2026-08-13T11:15:00+00:00,160.4269999999999,160.44699999999992,160.40799999999993,160.4209999999999,1925
2026-08-13T11:30:00+00:00,160.4209999999999,160.43699999999993,160.41099999999992,160.41999999999993,1797
2026-08-13T11:45:00+00:00,160.41999999999993,160.47299999999993,160.4149999999999,160.46099999999993,1998
2026-08-13T12:00:00+00:00,160.46099999999993,160.48499999999993,160.4389999999999,160.4699999999999,1899
2026-08-13T12:15:00+00:00,160.4699999999999,160.4989999999999,160.46499999999992,160.46499999999992,1610
2026-08-13T12:30:00+00:00,160.46499999999992,160.53799999999993,160.3679999999999,160.4209999999999,5806
2026-08-13T12:45:00+00:00,160.4209999999999,160.42399999999992,160.29999999999993,160.29999999999993,4977
2026-08-13T13:00:00+00:00,160.29999999999993,160.36499999999992,160.27599999999993,160.32999999999993,5294
2026-08-13T13:15:00+00:00,160.32999999999993,160.41399999999993,160.3149999999999,160.40599999999992,3861
2026-08-13T13:30:00+00:00,160.40599999999992,160.4629999999999,160.40599999999992,160.4339999999999,3718
2026-08-13T13:45:00+00:00,160.4339999999999,160.43599999999992,160.3449999999999,160.39499999999992,5507
2026-08-13T14:00:00+00:00,160.39499999999992,160.4519999999999,160.16399999999993,160.2079999999999,8141
2026-08-13T14:15:00+00:00,160.2079999999999,160.2669999999999,160.14999999999992,160.2669999999999,6146
2026-08-13T14:30:00+00:00,160.2669999999999,160.3019999999999,160.2369999999999,160.26999999999992,4687
2026-08-13T14:45:00+00:00,160.26999999999992,160.32299999999992,160.25799999999992,160.29499999999993,4514
2026-08-13T15:00:00+00:00,160.29499999999993,160.42999999999992,160.2849999999999,160.42399999999992,3934
2026-08-13T15:15:00+00:00,160.42399999999992,160.49699999999993,160.41899999999993,160.49599999999992,3889
2026-08-13T15:30:00+00:00,160.49599999999992,160.5109999999999,160.42399999999992,160.45599999999993,3685
2026-08-13T15:45:00+00:00,160.45599999999993,160.49699999999993,160.44199999999992,160.4809999999999,2360
2026-08-13T16:00:00+00:00,160.4809999999999,160.56199999999993,160.46799999999993,160.5459999999999,3069
2026-08-13T16:15:00+00:00,160.5459999999999,160.5999999999999,160.53699999999992,160.59699999999992,2025
2026-08-13T16:30:00+00:00,160.59699999999992,160.61899999999991,160.5579999999999,160.58599999999993,2000
2026-08-13T16:45:00+00:00,160.58599999999993,160.62299999999993,160.57299999999992,160.60799999999992,1627
2026-08-13T17:00:00+00:00,160.60799999999992,160.6479999999999,160.59699999999992,160.62499999999991,2059
2026-08-13T17:15:00+00:00,160.62499999999991,160.6479999999999,160.6069999999999,160.6469999999999,1593
2026-08-13T17:30:00+00:00,160.6469999999999,160.69099999999992,160.62199999999993,160.63999999999993,1859
2026-08-13T17:45:00+00:00,160.63999999999993,160.66799999999992,160.63299999999992,160.6479999999999,1616
2026-08-13T18:00:00+00:00,160.6479999999999,160.6659999999999,160.5639999999999,160.58399999999992,1934
2026-08-13T18:15:00+00:00,160.58399999999992,160.63199999999992,160.58399999999992,160.60899999999992,2166
2026-08-13T18:30:00+00:00,160.60899999999992,160.6349999999999,160.59599999999992,160.61099999999993,1856
2026-08-13T18:45:00+00:00,160.61099999999993,160.63699999999992,160.61099999999993,160.63399999999993,1362
2026-08-13T19:00:00+00:00,160.63399999999993,160.6469999999999,160.62299999999993,160.63199999999992,1224
2026-08-13T19:15:00+00:00,160.63199999999992,160.6409999999999,160.61699999999993,160.62799999999993,802
2026-08-13T19:30:00+00:00,160.62799999999993,160.6599999999999,160.61399999999992,160.6539999999999,1224
2026-08-13T19:45:00+00:00,160.6539999999999,160.66799999999992,160.61999999999992,160.64399999999992,1425
2026-08-13T20:00:00+00:00,160.64399999999992,160.6659999999999,160.62599999999992,160.6539999999999,578
2026-08-13T20:15:00+00:00,160.6539999999999,160.68199999999993,160.6539999999999,160.67299999999992,463
2026-08-13T20:30:00+00:00,160.67299999999992,160.69199999999992,160.66799999999992,160.6839999999999,392
2026-08-13T20:45:00+00:00,160.6839999999999,160.6839999999999,160.60799999999992,160.60799999999992,959
2026-08-13T21:00:00+00:00,160.60799999999992,160.60899999999992,160.55399999999992,160.60399999999993,153.08225956945893
2026-08-13T21:15:00+00:00,160.60399999999993,160.61999999999992,160.59199999999993,160.59199999999993,389
2026-08-13T21:30:00+00:00,160.59199999999993,160.63299999999992,160.59199999999993,160.62899999999993,3636
2026-08-13T21:45:00+00:00,160.62899999999993,160.6539999999999,160.6009999999999,160.60499999999993,756
2026-08-13T22:00:00+00:00,160.60499999999993,160.64699999999993,160.59899999999993,160.62899999999993,889
2026-08-13T22:15:00+00:00,160.62899999999993,160.64399999999992,160.61599999999993,160.64399999999992,387
2026-08-13T22:30:00+00:00,160.64399999999992,160.64499999999992,160.60999999999993,160.61499999999992,221
2026-08-13T22:45:00+00:00,160.61499999999992,160.61999999999992,160.58799999999994,160.59299999999993,492
2026-08-13T23:00:00+00:00,160.59299999999993,160.59599999999992,160.56799999999993,160.58399999999992,316
2026-08-13T23:15:00+00:00,160.58399999999992,160.60499999999993,160.58399999999992,160.6009999999999,210.34645323977634
2026-08-13T23:30:00+00:00,160.6009999999999,160.6069999999999,160.57499999999993,160.58699999999993,281
2026-08-13T23:45:00+00:00,160.58699999999993,160.58799999999994,160.5529999999999,160.55799999999994,378
2026-08-14T00:00:00+00:00,160.55799999999994,160.63099999999991,160.52399999999992,160.59799999999993,2720
2026-08-14T00:15:00+00:00,160.59799999999993,160.60499999999993,160.52599999999993,160.53299999999993,3449
2026-08-14T00:30:00+00:00,160.53299999999993,160.5529999999999,160.50899999999993,160.5409999999999,2470
2026-08-14T00:45:00+00:00,160.5409999999999,160.57799999999992,160.47299999999993,160.50099999999992,3642
2026-08-14T01:00:00+00:00,160.50099999999992,160.56199999999993,160.47799999999992,160.55799999999994,2911
2026-08-14T01:15:00+00:00,160.55799999999994,160.58199999999994,160.52999999999992,160.56799999999993,2572
2026-08-14T01:30:00+00:00,160.56799999999993,160.57999999999993,160.53599999999992,160.56799999999993,1853
2026-08-14T01:45:00+00:00,160.56799999999993,160.58199999999994,160.54499999999993,160.57399999999993,1419
2026-08-14T02:00:00+00:00,160.57399999999993,160.5769999999999,160.55099999999993,160.55999999999992,1435
2026-08-14T02:15:00+00:00,160.55999999999992,160.56299999999993,160.51499999999993,160.53199999999993,1157
2026-08-14T02:30:00+00:00,160.53199999999993,160.53199999999993,160.50399999999993,160.51599999999993,1118
2026-08-14T02:45:00+00:00,160.51599999999993,160.5529999999999,160.51399999999992,160.53999999999994,1763
2026-08-14T03:00:00+00:00,160.53999999999994,160.55099999999993,160.49199999999993,160.50199999999992,1574
2026-08-14T03:15:00+00:00,160.50199999999992,160.5109999999999,160.45499999999993,160.46699999999993,1935
2026-08-14T03:30:00+00:00,160.46699999999993,160.49999999999991,160.46699999999993,160.49399999999991,1229
2026-08-14T03:45:00+00:00,160.49399999999991,160.53899999999993,160.49199999999993,160.50799999999992,1463
2026-08-14T04:00:00+00:00,160.50799999999992,160.51299999999992,160.46499999999992,160.47699999999992,1564
2026-08-14T04:15:00+00:00,160.47699999999992,160.50399999999993,160.4759999999999,160.49099999999993,1317
2026-08-14T04:30:00+00:00,160.49099999999993,160.50299999999993,160.46499999999992,160.48799999999991,999
2026-08-14T04:45:00+00:00,160.48799999999991,160.49699999999993,160.47699999999992,160.48099999999994,717
2026-08-14T05:00:00+00:00,160.48099999999994,160.48399999999992,160.44699999999992,160.44799999999992,1158
2026-08-14T05:15:00+00:00,160.44799999999992,160.45999999999992,160.42399999999992,160.4459999999999,1577
2026-08-14T05:30:00+00:00,160.4459999999999,160.45599999999993,160.27499999999992,160.3979999999999,3313
2026-08-14T05:45:00+00:00,160.3979999999999,160.43799999999993,160.38399999999993,160.3859999999999,1909
2026-08-14T06:00:00+00:00,160.3859999999999,160.38899999999992,160.27499999999992,160.33599999999993,5286
2026-08-14T06:15:00+00:00,160.33599999999993,160.4099999999999,160.32299999999992,160.39899999999992,3501
2026-08-14T06:30:00+00:00,160.39899999999992,160.40299999999993,160.37299999999993,160.37299999999993,1768
2026-08-14T06:45:00+00:00,160.37299999999993,160.38399999999993,160.34399999999994,160.37099999999992,2322
2026-08-14T07:00:00+00:00,160.37099999999992,160.39899999999992,160.34699999999992,160.39599999999993,3084
2026-08-14T07:15:00+00:00,160.39599999999993,160.43699999999993,160.39499999999992,160.41799999999992,2132
2026-08-14T07:30:00+00:00,160.41799999999992,160.4219999999999,160.37099999999992,160.38499999999993,2630
2026-08-14T07:45:00+00:00,160.38499999999993,160.38499999999993,160.3269999999999,160.33199999999994,3991
2026-08-14T08:00:00+00:00,160.33199999999994,160.33999999999992,160.28799999999993,160.32199999999992,2062
2026-08-14T08:15:00+00:00,160.32199999999992,160.35299999999992,160.21499999999992,160.25099999999992,3517
2026-08-14T08:30:00+00:00,160.25099999999992,160.26499999999993,160.19099999999992,160.25599999999991,4184
2026-08-14T08:45:00+00:00,160.25599999999991,160.31599999999992,160.24699999999993,160.30399999999992,2511
2026-08-14T09:00:00+00:00,160.30399999999992,160.3209999999999,160.24799999999993,160.25399999999993,1985
2026-08-14T09:15:00+00:00,160.25399999999993,160.29799999999992,160.24099999999993,160.29599999999994,1743
2026-08-14T09:30:00+00:00,160.29599999999994,160.32399999999993,160.26999999999992,160.27499999999992,2209
2026-08-14T09:45:00+00:00,160.27499999999992,160.29299999999992,160.24699999999993,160.26999999999992,3115
2026-08-14T10:00:00+00:00,160.26999999999992,160.28699999999992,160.21499999999992,160.24799999999993,2354
2026-08-14T10:15:00+00:00,160.24799999999993,160.30799999999994,160.24499999999992,160.29599999999994,1787
2026-08-14T10:30:00+00:00,160.29599999999994,160.30599999999993,160.2729999999999,160.29299999999992,1901
2026-08-14T10:45:00+00:00,160.29299999999992,160.31999999999994,160.28099999999992,160.30699999999993,1635
2026-08-14T11:00:00+00:00,160.30699999999993,160.32199999999992,160.28999999999994,160.2969999999999,2204
2026-08-14T11:15:00+00:00,160.2969999999999,160.2969999999999,160.23499999999993,160.27199999999993,3072
2026-08-14T11:30:00+00:00,160.27199999999993,160.28799999999993,160.16799999999992,160.19999999999993,3006
2026-08-14T11:45:00+00:00,160.19999999999993,160.25299999999993,160.19999999999993,160.23699999999994,2403
2026-08-14T12:00:00+00:00,160.23699999999994,160.24099999999993,160.0049999999999,160.17399999999992,6290
2026-08-14T12:15:00+00:00,160.17399999999992,160.17399999999992,159.89399999999992,159.91799999999992,6933
2026-08-14T12:30:00+00:00,159.91799999999992,160.02999999999992,159.72899999999993,160.02999999999992,9533
2026-08-14T12:45:00+00:00,160.02999999999992,160.08699999999993,159.96699999999993,160.0469999999999,6596
2026-08-14T13:00:00+00:00,160.0469999999999,160.19299999999993,160.03199999999993,160.19299999999993,5071
2026-08-14T13:15:00+00:00,160.19299999999993,160.21899999999994,160.06699999999992,160.11299999999991,5501
2026-08-14T13:30:00+00:00,160.11299999999991,160.14399999999992,159.94099999999992,159.96199999999993,7529
2026-08-14T13:45:00+00:00,159.96199999999993,160.10899999999992,159.92399999999992,160.0709999999999,7679
2026-08-14T14:00:00+00:00,160.0709999999999,160.16999999999993,160.02699999999993,160.13999999999993,6370
2026-08-14T14:15:00+00:00,160.13999999999993,160.1899999999999,160.05199999999994,160.0829999999999,5745
2026-08-14T14:30:00+00:00,160.0829999999999,160.16799999999992,160.0769999999999,160.09699999999992,5359
2026-08-14T14:45:00+00:00,160.09699999999992,160.1899999999999,160.09699999999992,160.15599999999992,5326
2026-08-14T15:00:00+00:00,160.15599999999992,160.20899999999992,160.07599999999994,160.20599999999993,5162
2026-08-14T15:15:00+00:00,160.20599999999993,160.30699999999993,160.20599999999993,160.25599999999991,4510
2026-08-14T15:30:00+00:00,160.25599999999991,160.31999999999994,160.21899999999994,160.30399999999992,3936
2026-08-14T15:45:00+00:00,160.30399999999992,160.3449999999999,160.28399999999993,160.3449999999999,3023
2026-08-14T16:00:00+00:00,160.3449999999999,160.4099999999999,160.33199999999994,160.40499999999992,2616
2026-08-14T16:15:00+00:00,160.40499999999992,160.46199999999993,160.37199999999993,160.45499999999993,3133
2026-08-14T16:30:00+00:00,160.45499999999993,160.47299999999993,160.38699999999992,160.46199999999993,3126
2026-08-14T16:45:00+00:00,160.46199999999993,160.50099999999992,160.44899999999993,160.49399999999991,1792
2026-08-14T17:00:00+00:00,160.49399999999991,160.52799999999993,160.48399999999992,160.50999999999993,1733
2026-08-14T17:15:00+00:00,160.50999999999993,160.52799999999993,160.48999999999992,160.49399999999991,1546
2026-08-14T17:30:00+00:00,160.49399999999991,160.51999999999992,160.47199999999992,160.5049999999999,1874
2026-08-14T17:45:00+00:00,160.5049999999999,160.50599999999991,160.48399999999992,160.48999999999992,1209
2026-08-14T18:00:00+00:00,160.48999999999992,160.51999999999992,160.47299999999993,160.51599999999993,1394
2026-08-14T18:15:00+00:00,160.51599999999993,160.51999999999992,160.48299999999992,160.49899999999994,1228
2026-08-14T18:30:00+00:00,160.49899999999994,160.51499999999993,160.49699999999993,160.49999999999991,889
2026-08-14T18:45:00+00:00,160.49999999999991,160.51499999999993,160.48899999999992,160.50899999999993,722
2026-08-14T19:00:00+00:00,160.50899999999993,160.51499999999993,160.49299999999994,160.51199999999992,1001
2026-08-14T19:15:00+00:00,160.51199999999992,160.51499999999993,160.49099999999993,160.50099999999992,1067
2026-08-14T19:30:00+00:00,160.50099999999992,160.5169999999999,160.49399999999991,160.51499999999993,1263
2026-08-14T19:45:00+00:00,160.51499999999993,160.52599999999993,160.48899999999992,160.48899999999992,1029
2026-08-14T20:00:00+00:00,160.48899999999992,160.49499999999992,160.46499999999992,160.48699999999994,727
2026-08-14T20:15:00+00:00,160.48699999999994,160.48899999999992,160.44799999999992,160.44999999999993,445
2026-08-14T20:30:00+00:00,160.44999999999993,160.47999999999993,160.44399999999993,160.45899999999992,321
2026-08-14T20:45:00+00:00,160.45899999999992,160.47199999999992,160.4339999999999,160.44199999999992,757.6266538191713
2026-08-16T21:00:00+00:00,160.44199999999992,160.45899999999995,160.41499999999994,160.45899999999992,65.49824226137505
2026-08-16T21:15:00+00:00,160.45899999999992,160.48299999999992,160.43299999999994,160.47099999999992,97
2026-08-16T21:30:00+00:00,160.47099999999992,160.51099999999994,160.46899999999994,160.4699999999999,98.59727416271919
2026-08-16T21:45:00+00:00,160.4699999999999,160.47299999999993,160.4619999999999,160.4639999999999,38.909594460151574
2026-08-16T22:00:00+00:00,160.4639999999999,160.5579999999999,160.4559999999999,160.5479999999999,1994
2026-08-16T22:15:00+00:00,160.5479999999999,160.5549999999999,160.4689999999999,160.4719999999999,519.5688770273044
2026-08-16T22:30:00+00:00,160.4719999999999,160.4719999999999,160.3849999999999,160.4199999999999,1098
2026-08-16T22:45:00+00:00,160.4199999999999,160.4199999999999,160.30299999999988,160.3079999999999,1227
2026-08-16T23:00:00+00:00,160.3079999999999,160.3609999999999,160.2959999999999,160.3549999999999,1075
2026-08-16T23:15:00+00:00,160.3549999999999,160.3949999999999,160.3529999999999,160.3669999999999,667
2026-08-16T23:30:00+00:00,160.3669999999999,160.3779999999999,160.3229999999999,160.3369999999999,602
2026-08-16T23:45:00+00:00,160.3369999999999,160.4049999999999,160.3299999999999,160.3829999999999,1324
2026-08-17T00:00:00+00:00,160.3829999999999,160.4019999999999,160.2869999999999,160.3059999999999,3658
2026-08-17T00:15:00+00:00,160.3059999999999,160.3099999999999,160.1919999999999,160.2489999999999,3592
2026-08-17T00:30:00+00:00,160.2489999999999,160.2519999999999,160.1969999999999,160.2349999999999,2556
2026-08-17T00:45:00+00:00,160.2349999999999,160.2629999999999,160.15999999999988,160.1769999999999,4024
2026-08-17T01:00:00+00:00,160.1769999999999,160.2299999999999,160.1419999999999,160.20199999999988,3457
2026-08-17T01:15:00+00:00,160.20199999999988,160.22599999999989,160.1699999999999,160.18999999999988,2480
2026-08-17T01:30:00+00:00,160.18999999999988,160.2629999999999,160.1849999999999,160.2519999999999,2029
2026-08-17T01:45:00+00:00,160.2519999999999,160.2579999999999,160.2169999999999,160.2169999999999,1761
2026-08-17T02:00:00+00:00,160.2169999999999,160.2269999999999,160.1879999999999,160.18999999999988,1830
2026-08-17T02:15:00+00:00,160.18999999999988,160.2039999999999,160.1089999999999,160.1539999999999,3987
2026-08-17T02:30:00+00:00,160.1539999999999,160.2049999999999,160.1509999999999,160.1989999999999,2562
2026-08-17T02:45:00+00:00,160.1989999999999,160.2039999999999,160.17799999999988,160.1999999999999,1959
2026-08-17T03:00:00+00:00,160.1999999999999,160.2429999999999,160.1979999999999,160.2359999999999,2320
2026-08-17T03:15:00+00:00,160.2359999999999,160.2529999999999,160.2159999999999,160.2479999999999,1280
2026-08-17T03:30:00+00:00,160.2479999999999,160.2939999999999,160.2399999999999,160.2889999999999,1571
2026-08-17T03:45:00+00:00,160.2889999999999,160.30299999999988,160.2489999999999,160.2519999999999,1380
2026-08-17T04:00:00+00:00,160.2519999999999,160.2619999999999,160.2129999999999,160.2279999999999,1695
2026-08-17T04:15:00+00:00,160.2279999999999,160.2659999999999,160.2189999999999,160.2599999999999,1420
2026-08-17T04:30:00+00:00,160.2599999999999,160.2669999999999,160.20799999999988,160.2149999999999,1545
2026-08-17T04:45:00+00:00,160.2149999999999,160.2869999999999,160.2109999999999,160.2779999999999,1190
2026-08-17T05:00:00+00:00,160.2779999999999,160.2799999999999,160.2469999999999,160.2739999999999,1434
2026-08-17T05:15:00+00:00,160.2739999999999,160.2769999999999,160.1869999999999,160.2039999999999,2982
2026-08-17T05:30:00+00:00,160.2039999999999,160.2299999999999,160.1369999999999,160.1849999999999,3508
2026-08-17T05:45:00+00:00,160.1849999999999,160.2519999999999,160.1789999999999,160.2429999999999,2896
2026-08-17T06:00:00+00:00,160.2429999999999,160.2639999999999,160.1869999999999,160.2529999999999,2543
2026-08-17T06:15:00+00:00,160.2529999999999,160.2619999999999,160.1829999999999,160.18399999999988,2195
2026-08-17T06:30:00+00:00,160.18399999999988,160.2149999999999,160.1769999999999,160.1889999999999,2134
2026-08-17T06:45:00+00:00,160.1889999999999,160.18999999999988,160.0959999999999,160.1169999999999,3065
2026-08-17T07:00:00+00:00,160.1169999999999,160.1569999999999,160.0399999999999,160.0799999999999,3321
2026-08-17T07:15:00+00:00,160.0799999999999,160.1119999999999,160.0189999999999,160.0519999999999,2993
2026-08-17T07:30:00+00:00,160.0519999999999,160.0799999999999,160.0019999999999,160.0359999999999,3708
2026-08-17T07:45:00+00:00,160.0359999999999,160.1429999999999,160.0359999999999,160.1099999999999,2998
2026-08-17T08:00:00+00:00,160.1099999999999,160.1549999999999,160.1079999999999,160.1209999999999,2915
2026-08-17T08:15:00+00:00,160.1209999999999,160.17799999999988,160.0989999999999,160.10099999999989,2880
2026-08-17T08:30:00+00:00,160.10099999999989,160.2369999999999,160.0909999999999,160.2349999999999,3163
2026-08-17T08:45:00+00:00,160.2349999999999,160.3079999999999,160.21999999999989,160.2819999999999,3452
2026-08-17T09:00:00+00:00,160.2819999999999,160.3359999999999,160.2539999999999,160.2549999999999,2873
2026-08-17T09:15:00+00:00,160.2549999999999,160.2999999999999,160.2269999999999,160.28499999999988,2187
2026-08-17T09:30:00+00:00,160.28499999999988,160.3129999999999,160.2599999999999,160.2729999999999,1436
2026-08-17T09:45:00+00:00,160.2729999999999,160.33899999999988,160.2689999999999,160.3249999999999,1726
2026-08-17T10:00:00+00:00,160.3249999999999,160.3629999999999,160.3179999999999,160.3349999999999,2524
2026-08-17T10:15:00+00:00,160.3349999999999,160.3609999999999,160.2619999999999,160.2729999999999,2672
2026-08-17T10:30:00+00:00,160.2729999999999,160.3229999999999,160.2659999999999,160.3069999999999,3764
2026-08-17T10:45:00+00:00,160.3069999999999,160.3589999999999,160.30299999999988,160.3469999999999,1796
2026-08-17T11:00:00+00:00,160.3469999999999,160.3619999999999,160.3159999999999,160.35099999999989,2056
2026-08-17T11:15:00+00:00,160.35099999999989,160.4009999999999,160.3489999999999,160.3959999999999,1785
2026-08-17T11:30:00+00:00,160.3959999999999,160.41599999999988,160.3699999999999,160.4119999999999,1658
2026-08-17T11:45:00+00:00,160.4119999999999,160.4369999999999,160.3879999999999,160.3979999999999,1646
2026-08-17T12:00:00+00:00,160.3979999999999,160.4009999999999,160.3529999999999,160.3919999999999,2765
2026-08-17T12:15:00+00:00,160.3919999999999,160.4379999999999,160.3709999999999,160.4229999999999,2561
2026-08-17T12:30:00+00:00,160.4229999999999,160.4449999999999,160.4079999999999,160.4229999999999,1913
2026-08-17T12:45:00+00:00,160.4229999999999,160.4369999999999,160.3999999999999,160.4009999999999,1484
2026-08-17T13:00:00+00:00,160.4009999999999,160.4249999999999,160.3799999999999,160.42199999999988,2662
2026-08-17T13:15:00+00:00,160.42199999999988,160.4389999999999,160.4029999999999,160.4359999999999,1689
2026-08-17T13:30:00+00:00,160.4359999999999,160.5139999999999,160.4269999999999,160.5109999999999,3352
2026-08-17T13:45:00+00:00,160.5109999999999,160.5399999999999,160.4209999999999,160.42199999999988,2982
2026-08-17T14:00:00+00:00,160.42199999999988,160.4439999999999,160.3849999999999,160.4049999999999,2740
2026-08-17T14:15:00+00:00,160.4049999999999,160.4209999999999,160.34499999999989,160.4009999999999,3098
2026-08-17T14:30:00+00:00,160.4009999999999,160.4199999999999,160.3769999999999,160.4019999999999,2480
2026-08-17T14:45:00+00:00,160.4019999999999,160.4659999999999,160.3799999999999,160.44599999999988,3356
2026-08-17T15:00:00+00:00,160.44599999999988,160.4949999999999,160.4349999999999,160.4799999999999,2753
2026-08-17T15:15:00+00:00,160.4799999999999,160.5319999999999,160.46999999999989,160.5019999999999,2174
2026-08-17T15:30:00+00:00,160.5019999999999,160.5619999999999,160.4899999999999,160.5549999999999,2393
2026-08-17T15:45:00+00:00,160.5549999999999,160.5569999999999,160.4989999999999,160.5009999999999,2140
2026-08-17T16:00:00+00:00,160.5009999999999,160.5519999999999,160.5009999999999,160.5259999999999,1761
2026-08-17T16:15:00+00:00,160.5259999999999,160.5299999999999,160.4879999999999,160.5229999999999,1743
2026-08-17T16:30:00+00:00,160.5229999999999,160.5299999999999,160.5019999999999,160.5119999999999,1156
2026-08-17T16:45:00+00:00,160.5119999999999,160.5339999999999,160.5049999999999,160.5209999999999,1530
2026-08-17T17:00:00+00:00,160.5209999999999,160.5289999999999,160.5119999999999,160.5259999999999,1463
2026-08-17T17:15:00+00:00,160.5259999999999,160.6059999999999,160.5239999999999,160.5819999999999,1902
2026-08-17T17:30:00+00:00,160.5819999999999,160.6619999999999,160.5779999999999,160.6199999999999,1827
2026-08-17T17:45:00+00:00,160.6199999999999,160.6639999999999,160.6019999999999,160.6499999999999,1437
2026-08-17T18:00:00+00:00,160.6499999999999,160.6809999999999,160.6419999999999,160.6449999999999,1442
2026-08-17T18:15:00+00:00,160.6449999999999,160.7479999999999,160.6419999999999,160.7269999999999,2202
2026-08-17T18:30:00+00:00,160.7269999999999,160.7469999999999,160.7009999999999,160.7219999999999,2172
2026-08-17T18:45:00+00:00,160.7219999999999,160.7539999999999,160.71399999999988,160.7499999999999,1880
2026-08-17T19:00:00+00:00,160.7499999999999,160.7519999999999,160.6539999999999,160.6589999999999,1874
2026-08-17T19:15:00+00:00,160.6589999999999,160.6669999999999,160.5879999999999,160.5939999999999,1714
2026-08-17T19:30:00+00:00,160.5939999999999,160.6129999999999,160.5679999999999,160.5859999999999,1480
2026-08-17T19:45:00+00:00,160.5859999999999,160.6339999999999,160.5839999999999,160.6179999999999,1282
2026-08-17T20:00:00+00:00,160.6179999999999,160.6699999999999,160.6059999999999,160.6609999999999,520
2026-08-17T20:15:00+00:00,160.6609999999999,160.6619999999999,160.6279999999999,160.6409999999999,417
2026-08-17T20:30:00+00:00,160.6409999999999,160.6579999999999,160.6269999999999,160.6339999999999,479
2026-08-17T20:45:00+00:00,160.6339999999999,160.6459999999999,160.5899999999999,160.5899999999999,1407
2026-08-17T21:00:00+00:00,160.5899999999999,160.63099999999991,160.55299999999988,160.62499999999991,54.88749672863118
2026-08-17T21:15:00+00:00,160.62499999999991,160.6289999999999,160.5589999999999,160.5699999999999,173.58351336753984
2026-08-17T21:30:00+00:00,160.5699999999999,160.64399999999992,160.5689999999999,160.6419999999999,486
2026-08-17T21:45:00+00:00,160.6419999999999,160.64899999999992,160.5739999999999,160.6119999999999,361
2026-08-17T22:00:00+00:00,160.6119999999999,160.6899999999999,160.6119999999999,160.6779999999999,577
2026-08-17T22:15:00+00:00,160.6779999999999,160.68599999999992,160.6239999999999,160.63199999999992,487
2026-08-17T22:30:00+00:00,160.63199999999992,160.6479999999999,160.6279999999999,160.6339999999999,384
2026-08-17T22:45:00+00:00,160.6339999999999,160.6339999999999,160.6209999999999,160.6219999999999,317
2026-08-17T23:00:00+00:00,160.6219999999999,160.6329999999999,160.5709999999999,160.59599999999992,625
2026-08-17T23:15:00+00:00,160.59599999999992,160.5989999999999,160.57799999999992,160.57799999999992,559
2026-08-17T23:30:00+00:00,160.57799999999992,160.5819999999999,160.5279999999999,160.53599999999992,730
2026-08-17T23:45:00+00:00,160.53599999999992,160.5679999999999,160.5279999999999,160.5449999999999,865
2026-08-18T00:00:00+00:00,160.5449999999999,160.60799999999992,160.52399999999992,160.5879999999999,2225
2026-08-18T00:15:00+00:00,160.5879999999999,160.6479999999999,160.5759999999999,160.6389999999999,3694
2026-08-18T00:30:00+00:00,160.6389999999999,160.7059999999999,160.6389999999999,160.7059999999999,2405
2026-08-18T00:45:00+00:00,160.7059999999999,160.7369999999999,160.63799999999992,160.6419999999999,3457
2026-08-18T01:00:00+00:00,160.6419999999999,160.7059999999999,160.6089999999999,160.6209999999999,3329
2026-08-18T01:15:00+00:00,160.6209999999999,160.6809999999999,160.6159999999999,160.6629999999999,2577
2026-08-18T01:30:00+00:00,160.6629999999999,160.66799999999992,160.61899999999991,160.64299999999992,1567
2026-08-18T01:45:00+00:00,160.64299999999992,160.7239999999999,160.6409999999999,160.7169999999999,1909
2026-08-18T02:00:00+00:00,160.7169999999999,160.75699999999992,160.7069999999999,160.7339999999999,2783
2026-08-18T02:15:00+00:00,160.7339999999999,160.7349999999999,160.68599999999992,160.6929999999999,1810
2026-08-18T02:30:00+00:00,160.6929999999999,160.7229999999999,160.6829999999999,160.7169999999999,2119
2026-08-18T02:45:00+00:00,160.7169999999999,160.7239999999999,160.66799999999992,160.6709999999999,2297
2026-08-18T03:00:00+00:00,160.6709999999999,160.7119999999999,160.6709999999999,160.6999999999999,2024
2026-08-18T03:15:00+00:00,160.6999999999999,160.7289999999999,160.6869999999999,160.7289999999999,1993
2026-08-18T03:30:00+00:00,160.7289999999999,160.7819999999999,160.7289999999999,160.77399999999992,2130
2026-08-18T03:45:00+00:00,160.77399999999992,160.78099999999992,160.74499999999992,160.7669999999999,1813
2026-08-18T04:00:00+00:00,160.7669999999999,160.9089999999999,160.7639999999999,160.8799999999999,3088
2026-08-18T04:15:00+00:00,160.8799999999999,160.9399999999999,160.8739999999999,160.91199999999992,2593
2026-08-18T04:30:00+00:00,160.91199999999992,160.9609999999999,160.8979999999999,160.9099999999999,2187
2026-08-18T04:45:00+00:00,160.9099999999999,160.92399999999992,160.8839999999999,160.9089999999999,1644
2026-08-18T05:00:00+00:00,160.9089999999999,160.9399999999999,160.8899999999999,160.9399999999999,1994
2026-08-18T05:15:00+00:00,160.9399999999999,160.9439999999999,160.8719999999999,160.8889999999999,1940
2026-08-18T05:30:00+00:00,160.8889999999999,160.9099999999999,160.8829999999999,160.8909999999999,1537
2026-08-18T05:45:00+00:00,160.8909999999999,160.8919999999999,160.83499999999992,160.87599999999992,1403
2026-08-18T06:00:00+00:00,160.87599999999992,160.9429999999999,160.86299999999991,160.89999999999992,2720
2026-08-18T06:15:00+00:00,160.89999999999992,160.98799999999991,160.89999999999992,160.9369999999999,1976
2026-08-18T06:30:00+00:00,160.9369999999999,160.9909999999999,160.9129999999999,160.95999999999992,2821
2026-08-18T06:45:00+00:00,160.95999999999992,160.98299999999992,160.9279999999999,160.9309999999999,2137
2026-08-18T07:00:00+00:00,160.9309999999999,160.95999999999992,160.89899999999992,160.95399999999992,3311
2026-08-18T07:15:00+00:00,160.95399999999992,160.9749999999999,160.91699999999992,160.9459999999999,2685
2026-08-18T07:30:00+00:00,160.9459999999999,160.9699999999999,160.9219999999999,160.92399999999992,2504
2026-08-18T07:45:00+00:00,160.92399999999992,160.93599999999992,160.8899999999999,160.93599999999992,1901
2026-08-18T08:00:00+00:00,160.93599999999992,160.9439999999999,160.9159999999999,160.9329999999999,2485
2026-08-18T08:15:00+00:00,160.9329999999999,160.94799999999992,160.9329999999999,160.94699999999992,1078
2026-08-18T08:30:00+00:00,160.94699999999992,160.9549999999999,160.8609999999999,160.8609999999999,1534
2026-08-18T08:45:00+00:00,160.8609999999999,160.8859999999999,160.84599999999992,160.8849999999999,1506
2026-08-18T09:00:00+00:00,160.8849999999999,160.9069999999999,160.8769999999999,160.88099999999991,2109
2026-08-18T09:15:00+00:00,160.88099999999991,160.89399999999992,160.8199999999999,160.8269999999999,2528
2026-08-18T09:30:00+00:00,160.8269999999999,160.8469999999999,160.79799999999992,160.8319999999999,2129
2026-08-18T09:45:00+00:00,160.8319999999999,160.8419999999999,160.8029999999999,160.8239999999999,2192
2026-08-18T10:00:00+00:00,160.8239999999999,160.88699999999992,160.8139999999999,160.8859999999999,2800
2026-08-18T10:15:00+00:00,160.8859999999999,160.9199999999999,160.8739999999999,160.88699999999992,2206
2026-08-18T10:30:00+00:00,160.88699999999992,160.89999999999992,160.8619999999999,160.8899999999999,1614
2026-08-18T10:45:00+00:00,160.8899999999999,160.9279999999999,160.8849999999999,160.9189999999999,2371
2026-08-18T11:00:00+00:00,160.9189999999999,160.9499999999999,160.91699999999992,160.9389999999999,1588
2026-08-18T11:15:00+00:00,160.9389999999999,160.9569999999999,160.9309999999999,160.9519999999999,1201
2026-08-18T11:30:00+00:00,160.9519999999999,160.9579999999999,160.9159999999999,160.9329999999999,1443
2026-08-18T11:45:00+00:00,160.9329999999999,160.9449999999999,160.9069999999999,160.9099999999999,1344
2026-08-18T12:00:00+00:00,160.9099999999999,160.9219999999999,160.8739999999999,160.8799999999999,2228
2026-08-18T12:15:00+00:00,160.8799999999999,160.8909999999999,160.8499999999999,160.8839999999999,2365
2026-08-18T12:30:00+00:00,160.8839999999999,160.9339999999999,160.8529999999999,160.89299999999992,2377
2026-08-18T12:45:00+00:00,160.89299999999992,160.9039999999999,160.8529999999999,160.8799999999999,1661
2026-08-18T13:00:00+00:00,160.8799999999999,160.88099999999991,160.8309999999999,160.8429999999999,2364
2026-08-18T13:15:00+00:00,160.8429999999999,160.8889999999999,160.8389999999999,160.8769999999999,2508
2026-08-18T13:30:00+00:00,160.8769999999999,160.92999999999992,160.7779999999999,160.8369999999999,4958
2026-08-18T13:45:00+00:00,160.8369999999999,160.8379999999999,160.7839999999999,160.79299999999992,2772
2026-08-18T14:00:00+00:00,160.79299999999992,160.79299999999992,160.6929999999999,160.75099999999992,4124
2026-08-18T14:15:00+00:00,160.75099999999992,160.7529999999999,160.6599999999999,160.69099999999992,3072
2026-08-18T14:30:00+00:00,160.69099999999992,160.7659999999999,160.69099999999992,160.7289999999999,2920
2026-08-18T14:45:00+00:00,160.7289999999999,160.78099999999992,160.6399999999999,160.76799999999992,4860
2026-08-18T15:00:00+00:00,160.76799999999992,160.8239999999999,160.7079999999999,160.82299999999992,5096
2026-08-18T15:15:00+00:00,160.82299999999992,160.8389999999999,160.7669999999999,160.8269999999999,2687
2026-08-18T15:30:00+00:00,160.8269999999999,160.8539999999999,160.79299999999992,160.8129999999999,2372
2026-08-18T15:45:00+00:00,160.8129999999999,160.8139999999999,160.7529999999999,160.80999999999992,2321
2026-08-18T16:00:00+00:00,160.80999999999992,160.80999999999992,160.7639999999999,160.77999999999992,2570
2026-08-18T16:15:00+00:00,160.77999999999992,160.8149999999999,160.7539999999999,160.8119999999999,2164
2026-08-18T16:30:00+00:00,160.8119999999999,160.8499999999999,160.7879999999999,160.79299999999992,1860
2026-08-18T16:45:00+00:00,160.79299999999992,160.80399999999992,160.7729999999999,160.78599999999992,2024
2026-08-18T17:00:00+00:00,160.78599999999992,160.81599999999992,160.7769999999999,160.8119999999999,2345
2026-08-18T17:15:00+00:00,160.8119999999999,160.82799999999992,160.7999999999999,160.8139999999999,1799
2026-08-18T17:30:00+00:00,160.8139999999999,160.85199999999992,160.8119999999999,160.8269999999999,1648
2026-08-18T17:45:00+00:00,160.8269999999999,160.8359999999999,160.81099999999992,160.8149999999999,970
2026-08-18T18:00:00+00:00,160.8149999999999,160.82899999999992,160.79199999999992,160.8019999999999,1633
2026-08-18T18:15:00+00:00,160.8019999999999,160.80499999999992,160.7769999999999,160.8019999999999,1927
2026-08-18T18:30:00+00:00,160.8019999999999,160.8409999999999,160.8019999999999,160.8379999999999,1494
2026-08-18T18:45:00+00:00,160.8379999999999,160.8439999999999,160.8119999999999,160.81699999999992,1521
2026-08-18T19:00:00+00:00,160.81699999999992,160.83999999999992,160.79199999999992,160.8069999999999,2239
2026-08-18T19:15:00+00:00,160.8069999999999,160.82799999999992,160.79199999999992,160.8259999999999,1736
2026-08-18T19:30:00+00:00,160.8259999999999,160.8369999999999,160.7939999999999,160.8199999999999,1847
2026-08-18T19:45:00+00:00,160.8199999999999,160.8619999999999,160.8089999999999,160.8569999999999,1802
2026-08-18T20:00:00+00:00,160.8569999999999,160.88699999999992,160.8549999999999,160.8669999999999,772
2026-08-18T20:15:00+00:00,160.8669999999999,160.8729999999999,160.8569999999999,160.8659999999999,821
2026-08-18T20:30:00+00:00,160.8659999999999,160.86899999999991,160.8549999999999,160.8669999999999,878
2026-08-18T20:45:00+00:00,160.8669999999999,160.87499999999991,160.8089999999999,160.8089999999999,1011
2026-08-18T21:00:00+00:00,160.8089999999999,160.8269999999999,160.76799999999992,160.8209999999999,70.65004664874061
2026-08-18T21:15:00+00:00,160.8209999999999,160.8249999999999,160.8189999999999,160.82199999999992,86.67975685542777
2026-08-18T21:30:00+00:00,160.82199999999992,160.8239999999999,160.7699999999999,160.7719999999999,698
2026-08-18T21:45:00+00:00,160.7719999999999,160.78599999999992,160.76899999999992,160.7839999999999,243
2026-08-18T22:00:00+00:00,160.7839999999999,160.8589999999999,160.7839999999999,160.85799999999992,373
2026-08-18T22:15:00+00:00,160.85799999999992,160.85799999999992,160.8329999999999,160.8469999999999,757
2026-08-18T22:30:00+00:00,160.8469999999999,160.8469999999999,160.8079999999999,160.82299999999992,498
2026-08-18T22:45:00+00:00,160.82299999999992,160.8269999999999,160.8019999999999,160.80399999999992,300
2026-08-18T23:00:00+00:00,160.80399999999992,160.80399999999992,160.74999999999991,160.7759999999999,855
2026-08-18T23:15:00+00:00,160.7759999999999,160.79799999999992,160.7669999999999,160.7949999999999,604
2026-08-18T23:30:00+00:00,160.7949999999999,160.8179999999999,160.76899999999992,160.81599999999992,795
2026-08-18T23:45:00+00:00,160.81599999999992,160.8189999999999,160.7529999999999,160.76899999999992,872
2026-08-19T00:00:00+00:00,160.76899999999992,160.76899999999992,160.64899999999992,160.66699999999992,4114
2026-08-19T00:15:00+00:00,160.66699999999992,160.7169999999999,160.64999999999992,160.7129999999999,2520
2026-08-19T00:30:00+00:00,160.7129999999999,160.7429999999999,160.6529999999999,160.6869999999999,2458
2026-08-19T00:45:00+00:00,160.6869999999999,160.6939999999999,160.6059999999999,160.67299999999992,4087
2026-08-19T01:00:00+00:00,160.67299999999992,160.7189999999999,160.66699999999992,160.7109999999999,3502
2026-08-19T01:15:00+00:00,160.7109999999999,160.7369999999999,160.6959999999999,160.7139999999999,2390
2026-08-19T01:30:00+00:00,160.7139999999999,160.71499999999992,160.65599999999992,160.6759999999999,1936
2026-08-19T01:45:00+00:00,160.6759999999999,160.70399999999992,160.65499999999992,160.6659999999999,1722
2026-08-19T02:00:00+00:00,160.6659999999999,160.6839999999999,160.5979999999999,160.6149999999999,1751
2026-08-19T02:15:00+00:00,160.6149999999999,160.63099999999991,160.5259999999999,160.57899999999992,3841
2026-08-19T02:30:00+00:00,160.57899999999992,160.61299999999991,160.5049999999999,160.5339999999999,2384
2026-08-19T02:45:00+00:00,160.5339999999999,160.5869999999999,160.5089999999999,160.5739999999999,2597
2026-08-19T03:00:00+00:00,160.5739999999999,160.6119999999999,160.5499999999999,160.60199999999992,2053
2026-08-19T03:15:00+00:00,160.60199999999992,160.6099999999999,160.5879999999999,160.6029999999999,1552
2026-08-19T03:30:00+00:00,160.6029999999999,160.65599999999992,160.5869999999999,160.6239999999999,1674
2026-08-19T03:45:00+00:00,160.6239999999999,160.6479999999999,160.6229999999999,160.63699999999992,1332
2026-08-19T04:00:00+00:00,160.63699999999992,160.63699999999992,160.5999999999999,160.6029999999999,1635
2026-08-19T04:15:00+00:00,160.6029999999999,160.61299999999991,160.5619999999999,160.56699999999992,2787
2026-08-19T04:30:00+00:00,160.56699999999992,160.5909999999999,160.4509999999999,160.5749999999999,3100
2026-08-19T04:45:00+00:00,160.5749999999999,160.5769999999999,160.5099999999999,160.54299999999992,1970
2026-08-19T05:00:00+00:00,160.54299999999992,160.54299999999992,160.50099999999992,160.5159999999999,1765
2026-08-19T05:15:00+00:00,160.5159999999999,160.51899999999992,160.4519999999999,160.48899999999992,2349
2026-08-19T05:30:00+00:00,160.48899999999992,160.4899999999999,160.4199999999999,160.46499999999992,2662
2026-08-19T05:45:00+00:00,160.46499999999992,160.5389999999999,160.4339999999999,160.50599999999991,2564
2026-08-19T06:00:00+00:00,160.50599999999991,160.5079999999999,160.4199999999999,160.4559999999999,2457
2026-08-19T06:15:00+00:00,160.4559999999999,160.4559999999999,160.3659999999999,160.36999999999992,3751
2026-08-19T06:30:00+00:00,160.36999999999992,160.4219999999999,160.3309999999999,160.4219999999999,3133
2026-08-19T06:45:00+00:00,160.4219999999999,160.4689999999999,160.4099999999999,160.4549999999999,3316
2026-08-19T07:00:00+00:00,160.4549999999999,160.4639999999999,160.3789999999999,160.43599999999992,3125
2026-08-19T07:15:00+00:00,160.43599999999992,160.49499999999992,160.38699999999992,160.4159999999999,2493
2026-08-19T07:30:00+00:00,160.4159999999999,160.4189999999999,160.33999999999992,160.3899999999999,2944
2026-08-19T07:45:00+00:00,160.3899999999999,160.41099999999992,160.3509999999999,160.3799999999999,3433
2026-08-19T08:00:00+00:00,160.3799999999999,160.39299999999992,160.2909999999999,160.31599999999992,4382
2026-08-19T08:15:00+00:00,160.31599999999992,160.34599999999992,160.26799999999992,160.3119999999999,3060
2026-08-19T08:30:00+00:00,160.3119999999999,160.3249999999999,160.2719999999999,160.2839999999999,2660
2026-08-19T08:45:00+00:00,160.2839999999999,160.3849999999999,160.2829999999999,160.3829999999999,2529
2026-08-19T09:00:00+00:00,160.3829999999999,160.44699999999992,160.3739999999999,160.4439999999999,3133
2026-08-19T09:15:00+00:00,160.4439999999999,160.47699999999992,160.3739999999999,160.3979999999999,3183
2026-08-19T09:30:00+00:00,160.3979999999999,160.3979999999999,160.3089999999999,160.33999999999992,3927
2026-08-19T09:45:00+00:00,160.33999999999992,160.3479999999999,160.2819999999999,160.3029999999999,3753
2026-08-19T10:00:00+00:00,160.3029999999999,160.3239999999999,160.23299999999992,160.2609999999999,2514
2026-08-19T10:15:00+00:00,160.2609999999999,160.27999999999992,160.20999999999992,160.2709999999999,2643
2026-08-19T10:30:00+00:00,160.2709999999999,160.3009999999999,160.2409999999999,160.27499999999992,2253
2026-08-19T10:45:00+00:00,160.27499999999992,160.32299999999992,160.24999999999991,160.3129999999999,2450
2026-08-19T11:00:00+00:00,160.3129999999999,160.3739999999999,160.2999999999999,160.3389999999999,3233
2026-08-19T11:15:00+00:00,160.3389999999999,160.33999999999992,160.30499999999992,160.3259999999999,3164
2026-08-19T11:30:00+00:00,160.3259999999999,160.39999999999992,160.3119999999999,160.3769999999999,3789
2026-08-19T11:45:00+00:00,160.3769999999999,160.3779999999999,160.31599999999992,160.3529999999999,2952
2026-08-19T12:00:00+00:00,160.3529999999999,160.3669999999999,160.2839999999999,160.32299999999992,3369
2026-08-19T12:15:00+00:00,160.32299999999992,160.32299999999992,160.1329999999999,160.25099999999992,4808
2026-08-19T12:30:00+00:00,160.25099999999992,160.25099999999992,159.3739999999999,159.6639999999999,20139
2026-08-19T12:45:00+00:00,159.6639999999999,159.8129999999999,159.57799999999992,159.8069999999999,14233
2026-08-19T13:00:00+00:00,159.8069999999999,159.81099999999992,159.53099999999992,159.59599999999992,12869
2026-08-19T13:15:00+00:00,159.59599999999992,159.7479999999999,159.56699999999992,159.6229999999999,10243
2026-08-19T13:30:00+00:00,159.6229999999999,159.73899999999992,159.57199999999992,159.6929999999999,10181
2026-08-19T13:45:00+00:00,159.6929999999999,159.74499999999992,159.6089999999999,159.6529999999999,11134
2026-08-19T14:00:00+00:00,159.6529999999999,159.6809999999999,159.4749999999999,159.51899999999992,8910
2026-08-19T14:15:00+00:00,159.51899999999992,159.57199999999992,159.4569999999999,159.4929999999999,7942
2026-08-19T14:30:00+00:00,159.4929999999999,159.4959999999999,159.25699999999992,159.3669999999999,10270
2026-08-19T14:45:00+00:00,159.3669999999999,159.5969999999999,159.35799999999992,159.55999999999992,8748
2026-08-19T15:00:00+00:00,159.55999999999992,159.70399999999992,159.55999999999992,159.6149999999999,7773
2026-08-19T15:15:00+00:00,159.6149999999999,159.7359999999999,159.57199999999992,159.7079999999999,5739
2026-08-19T15:30:00+00:00,159.7079999999999,159.7349999999999,159.6029999999999,159.60799999999992,5241
2026-08-19T15:45:00+00:00,159.60799999999992,159.7049999999999,159.5939999999999,159.66799999999992,3706
2026-08-19T16:00:00+00:00,159.66799999999992,159.7129999999999,159.6089999999999,159.6269999999999,4458
2026-08-19T16:15:00+00:00,159.6269999999999,159.6629999999999,159.58999999999992,159.6299999999999,3333
2026-08-19T16:30:00+00:00,159.6299999999999,159.6409999999999,159.5939999999999,159.6119999999999,2965
2026-08-19T16:45:00+00:00,159.6119999999999,159.61299999999991,159.52999999999992,159.5999999999999,3528
2026-08-19T17:00:00+00:00,159.5999999999999,159.7249999999999,159.5399999999999,159.69699999999992,5442
2026-08-19T17:15:00+00:00,159.69699999999992,159.7289999999999,159.6629999999999,159.7129999999999,2879
2026-08-19T17:30:00+00:00,159.7129999999999,159.76899999999992,159.7059999999999,159.75599999999991,3226
2026-08-19T17:45:00+00:00,159.75599999999991,159.8269999999999,159.7539999999999,159.8059999999999,2681
2026-08-19T18:00:00+00:00,159.8059999999999,159.8089999999999,159.5689999999999,159.61299999999991,6133
2026-08-19T18:15:00+00:00,159.61299999999991,159.7139999999999,159.6109999999999,159.69799999999992,3882
2026-08-19T18:30:00+00:00,159.69799999999992,159.70399999999992,159.47699999999992,159.54299999999992,4491
2026-08-19T18:45:00+00:00,159.54299999999992,159.5509999999999,159.4799999999999,159.5329999999999,3595
2026-08-19T19:00:00+00:00,159.5329999999999,159.5819999999999,159.4809999999999,159.51299999999992,4486
2026-08-19T19:15:00+00:00,159.51299999999992,159.5159999999999,159.3509999999999,159.3659999999999,4138
2026-08-19T19:30:00+00:00,159.3659999999999,159.4819999999999,159.35199999999992,159.4719999999999,5785
2026-08-19T19:45:00+00:00,159.4719999999999,159.50099999999992,159.31099999999992,159.3619999999999,4659
2026-08-19T20:00:00+00:00,159.3619999999999,159.3859999999999,159.30399999999992,159.3719999999999,1860
2026-08-19T20:15:00+00:00,159.3719999999999,159.43499999999992,159.3719999999999,159.4249999999999,790
2026-08-19T20:30:00+00:00,159.4249999999999,159.4389999999999,159.3539999999999,159.3719999999999,1316
2026-08-19T20:45:00+00:00,159.3719999999999,159.38199999999992,159.3549999999999,159.36399999999992,1102
2026-08-19T21:00:00+00:00,159.36399999999992,159.36399999999992,159.3089999999999,159.31199999999993,60.13723993052434
2026-08-19T21:15:00+00:00,159.31199999999993,159.3549999999999,159.31199999999993,159.33499999999992,558
2026-08-19T21:30:00+00:00,159.33499999999992,159.34099999999992,159.33399999999992,159.33999999999992,212
2026-08-19T21:45:00+00:00,159.33999999999992,159.36399999999992,159.3269999999999,159.3299999999999,246.30270608260673
2026-08-19T22:00:00+00:00,159.3299999999999,159.3419999999999,159.2419999999999,159.2829999999999,887
2026-08-19T22:15:00+00:00,159.2829999999999,159.2909999999999,159.26199999999992,159.2889999999999,580
2026-08-19T22:30:00+00:00,159.2889999999999,159.34599999999992,159.2889999999999,159.3409999999999,781
2026-08-19T22:45:00+00:00,159.3409999999999,159.4079999999999,159.33399999999992,159.4079999999999,1126
2026-08-19T23:00:00+00:00,159.4079999999999,159.4499999999999,159.3949999999999,159.4309999999999,1755
2026-08-19T23:15:00+00:00,159.4309999999999,159.4489999999999,159.41199999999992,159.4449999999999,1296
2026-08-19T23:30:00+00:00,159.4449999999999,159.4749999999999,159.4319999999999,159.4699999999999,1198
2026-08-19T23:45:00+00:00,159.4699999999999,159.49399999999991,159.44699999999992,159.4739999999999,1504
2026-08-20T00:00:00+00:00,159.4739999999999,159.5859999999999,159.3739999999999,159.54199999999992,6850
2026-08-20T00:15:00+00:00,159.54199999999992,159.5759999999999,159.4719999999999,159.55399999999992,5054
2026-08-20T00:30:00+00:00,159.55399999999992,159.58399999999992,159.4979999999999,159.58399999999992,3786
2026-08-20T00:45:00+00:00,159.58399999999992,159.6479999999999,159.5689999999999,159.61999999999992,4261
2026-08-20T01:00:00+00:00,159.61999999999992,159.7279999999999,159.6069999999999,159.67899999999992,4487
2026-08-20T01:15:00+00:00,159.67899999999992,159.7049999999999,159.5819999999999,159.5969999999999,5564
2026-08-20T01:30:00+00:00,159.5969999999999,159.69799999999992,159.54199999999992,159.69699999999992,5050
2026-08-20T01:45:00+00:00,159.69699999999992,159.7769999999999,159.6889999999999,159.74499999999992,4331
2026-08-20T02:00:00+00:00,159.74499999999992,159.7479999999999,159.5329999999999,159.7049999999999,7116
2026-08-20T02:15:00+00:00,159.7049999999999,159.7299999999999,159.6539999999999,159.6629999999999,3941
2026-08-20T02:30:00+00:00,159.6629999999999,159.66699999999992,159.60199999999992,159.6469999999999,3495
2026-08-20T02:45:00+00:00,159.6469999999999,159.6819999999999,159.6209999999999,159.6539999999999,2675
2026-08-20T03:00:00+00:00,159.6539999999999,159.70299999999992,159.6009999999999,159.6099999999999,2443
2026-08-20T03:15:00+00:00,159.6099999999999,159.6519999999999,159.5879999999999,159.6419999999999,3091
2026-08-20T03:30:00+00:00,159.6419999999999,159.6879999999999,159.6339999999999,159.6629999999999,1803
2026-08-20T03:45:00+00:00,159.6629999999999,159.6779999999999,159.6239999999999,159.6459999999999,1390
2026-08-20T04:00:00+00:00,159.6459999999999,159.6629999999999,159.6289999999999,159.6449999999999,1596
2026-08-20T04:15:00+00:00,159.6449999999999,159.69099999999992,159.6409999999999,159.6819999999999,1825
2026-08-20T04:30:00+00:00,159.6819999999999,159.7489999999999,159.6779999999999,159.7489999999999,1434
2026-08-20T04:45:00+00:00,159.7489999999999,159.8439999999999,159.68599999999992,159.7849999999999,2472
2026-08-20T05:00:00+00:00,159.7849999999999,159.8259999999999,159.74399999999991,159.7909999999999,2095
2026-08-20T05:15:00+00:00,159.7909999999999,159.8919999999999,159.7889999999999,159.8889999999999,1807
2026-08-20T05:30:00+00:00,159.8889999999999,159.9389999999999,159.8569999999999,159.9329999999999,2174
2026-08-20T05:45:00+00:00,159.9329999999999,159.9389999999999,159.8199999999999,159.8479999999999,2591
2026-08-20T06:00:00+00:00,159.8479999999999,159.8709999999999,159.7399999999999,159.7669999999999,2581
2026-08-20T06:15:00+00:00,159.7669999999999,159.78099999999992,159.67299999999992,159.7189999999999,3048
2026-08-20T06:30:00+00:00,159.7189999999999,159.7589999999999,159.67399999999992,159.6869999999999,2941
2026-08-20T06:45:00+00:00,159.6869999999999,159.69199999999992,159.5679999999999,159.5759999999999,2848
2026-08-20T07:00:00+00:00,159.5759999999999,159.6389999999999,159.5329999999999,159.6049999999999,3926
2026-08-20T07:15:00+00:00,159.6049999999999,159.75599999999991,159.60199999999992,159.7359999999999,2973
2026-08-20T07:30:00+00:00,159.7359999999999,159.7529999999999,159.6109999999999,159.6719999999999,3737
2026-08-20T07:45:00+00:00,159.6719999999999,159.7159999999999,159.6409999999999,159.6519999999999,3063
2026-08-20T08:00:00+00:00,159.6519999999999,159.6989999999999,159.6049999999999,159.60799999999992,3360
2026-08-20T08:15:00+00:00,159.60799999999992,159.7059999999999,159.5859999999999,159.6999999999999,2932
2026-08-20T08:30:00+00:00,159.6999999999999,159.7289999999999,159.6509999999999,159.7049999999999,3315
2026-08-20T08:45:00+00:00,159.7049999999999,159.7459999999999,159.69199999999992,159.7049999999999,2660
2026-08-20T09:00:00+00:00,159.7049999999999,159.7059999999999,159.5909999999999,159.61999999999992,3924
2026-08-20T09:15:00+00:00,159.61999999999992,159.6209999999999,159.4139999999999,159.5089999999999,4601
2026-08-20T09:30:00+00:00,159.5089999999999,159.57199999999992,159.4639999999999,159.5169999999999,3554
2026-08-20T09:45:00+00:00,159.5169999999999,159.5909999999999,159.5159999999999,159.5519999999999,2992
2026-08-20T10:00:00+00:00,159.5519999999999,159.5879999999999,159.4499999999999,159.49499999999992,3629
2026-08-20T10:15:00+00:00,159.49499999999992,159.5339999999999,159.4629999999999,159.4799999999999,2147
2026-08-20T10:30:00+00:00,159.4799999999999,159.5769999999999,159.47699999999992,159.5749999999999,2412
2026-08-20T10:45:00+00:00,159.5749999999999,159.7319999999999,159.5749999999999,159.6829999999999,2501
2026-08-20T11:00:00+00:00,159.6829999999999,159.82299999999992,159.6829999999999,159.8189999999999,3399
2026-08-20T11:15:00+00:00,159.8189999999999,159.8499999999999,159.73899999999992,159.78699999999992,2366
2026-08-20T11:30:00+00:00,159.78699999999992,159.8509999999999,159.7479999999999,159.8489999999999,3242
2026-08-20T11:45:00+00:00,159.8489999999999,159.92299999999992,159.83499999999992,159.8719999999999,3402
2026-08-20T12:00:00+00:00,159.8719999999999,160.01199999999992,159.8549999999999,159.93599999999992,4598
2026-08-20T12:15:00+00:00,159.93599999999992,159.94099999999992,159.8429999999999,159.8739999999999,3991
2026-08-20T12:30:00+00:00,159.8739999999999,159.9899999999999,159.8479999999999,159.8569999999999,3741
2026-08-20T12:45:00+00:00,159.8569999999999,159.9069999999999,159.80999999999992,159.8539999999999,4954
2026-08-20T13:00:00+00:00,159.8539999999999,159.8539999999999,159.7519999999999,159.8419999999999,5051
2026-08-20T13:15:00+00:00,159.8419999999999,159.86999999999992,159.77399999999992,159.8359999999999,3923
2026-08-20T13:30:00+00:00,159.8359999999999,159.9339999999999,159.81099999999992,159.89299999999992,6132
2026-08-20T13:45:00+00:00,159.89299999999992,160.0469999999999,159.8839999999999,160.03599999999992,4295
2026-08-20T14:00:00+00:00,160.03599999999992,160.1009999999999,159.99499999999992,160.0739999999999,4415
2026-08-20T14:15:00+00:00,160.0739999999999,160.1049999999999,159.9519999999999,159.99999999999991,4772
2026-08-20T14:30:00+00:00,159.99999999999991,160.02499999999992,159.9559999999999,159.9659999999999,3098
2026-08-20T14:45:00+00:00,159.9659999999999,159.9839999999999,159.9219999999999,159.9389999999999,4216
2026-08-20T15:00:00+00:00,159.9389999999999,160.0329999999999,159.7139999999999,159.95999999999992,11656
2026-08-20T15:15:00+00:00,159.95999999999992,160.0689999999999,159.9559999999999,159.9679999999999,4675
2026-08-20T15:30:00+00:00,159.9679999999999,160.1879999999999,159.96499999999992,160.1749999999999,4460
2026-08-20T15:45:00+00:00,160.1749999999999,160.1779999999999,160.06099999999992,160.0649999999999,3559
2026-08-20T16:00:00+00:00,160.0649999999999,160.1759999999999,160.0519999999999,160.1749999999999,2668
2026-08-20T16:15:00+00:00,160.1749999999999,160.31099999999992,160.1689999999999,160.2879999999999,4159
2026-08-20T16:30:00+00:00,160.2879999999999,160.3029999999999,160.2309999999999,160.2549999999999,2523
2026-08-20T16:45:00+00:00,160.2549999999999,160.2649999999999,160.1929999999999,160.2079999999999,2481
2026-08-20T17:00:00+00:00,160.2079999999999,160.24399999999991,160.17999999999992,160.23899999999992,1923
2026-08-20T17:15:00+00:00,160.23899999999992,160.26799999999992,160.2179999999999,160.2409999999999,1415
2026-08-20T17:30:00+00:00,160.2409999999999,160.31099999999992,160.2409999999999,160.27499999999992,1362
2026-08-20T17:45:00+00:00,160.27499999999992,160.2959999999999,160.2539999999999,160.2599999999999,1535
2026-08-20T18:00:00+00:00,160.2599999999999,160.3619999999999,160.24499999999992,160.3369999999999,2402
2026-08-20T18:15:00+00:00,160.3369999999999,160.38699999999992,160.33399999999992,160.3769999999999,1741
2026-08-20T18:30:00+00:00,160.3769999999999,160.3829999999999,160.3309999999999,160.3529999999999,1738
2026-08-20T18:45:00+00:00,160.3529999999999,160.36999999999992,160.3179999999999,160.3509999999999,1479
2026-08-20T19:00:00+00:00,160.3509999999999,160.3919999999999,160.3369999999999,160.3389999999999,1786
2026-08-20T19:15:00+00:00,160.3389999999999,160.35199999999992,160.3189999999999,160.35199999999992,1252
2026-08-20T19:30:00+00:00,160.35199999999992,160.36299999999991,160.3139999999999,160.3429999999999,1544
2026-08-20T19:45:00+00:00,160.3429999999999,160.3549999999999,160.32299999999992,160.32799999999992,1068
2026-08-20T20:00:00+00:00,160.32799999999992,160.32899999999992,160.31099999999992,160.3239999999999,617
2026-08-20T20:15:00+00:00,160.3239999999999,160.3529999999999,160.3239999999999,160.3329999999999,369
2026-08-20T20:30:00+00:00,160.3329999999999,160.3329999999999,160.28599999999992,160.2909999999999,619
2026-08-20T20:45:00+00:00,160.2909999999999,160.2969999999999,160.2519999999999,160.2519999999999,1014
2026-08-20T21:00:00+00:00,160.2519999999999,160.2849999999999,160.1959999999999,160.26399999999992,123.24694456302305
2026-08-20T21:15:00+00:00,160.26399999999992,160.2669999999999,160.2419999999999,160.2479999999999,200
2026-08-20T21:30:00+00:00,160.2479999999999,160.2779999999999,160.23799999999991,160.26399999999992,1165
2026-08-20T21:45:00+00:00,160.26399999999992,160.27399999999992,160.24499999999992,160.24499999999992,1867
2026-08-20T22:00:00+00:00,160.24499999999992,160.28699999999992,160.23499999999993,160.23799999999991,544
2026-08-20T22:15:00+00:00,160.23799999999991,160.24499999999992,160.16999999999993,160.19699999999992,606
2026-08-20T22:30:00+00:00,160.19699999999992,160.22099999999992,160.19399999999993,160.21099999999993,492
2026-08-20T22:45:00+00:00,160.21099999999993,160.2129999999999,160.15599999999992,160.16799999999992,856
2026-08-20T23:00:00+00:00,160.16799999999992,160.16899999999993,160.1109999999999,160.11999999999992,1165
2026-08-20T23:15:00+00:00,160.11999999999992,160.12499999999991,160.09099999999992,160.11599999999993,694
2026-08-20T23:30:00+00:00,160.11599999999993,160.1599999999999,160.08699999999993,160.11399999999992,1153
2026-08-20T23:45:00+00:00,160.11399999999992,160.1409999999999,160.08599999999993,160.1049999999999,1193
2026-08-21T00:00:00+00:00,160.1049999999999,160.23499999999993,160.0819999999999,160.1829999999999,3606
2026-08-21T00:15:00+00:00,160.1829999999999,160.2359999999999,160.1239999999999,160.2139999999999,2505
2026-08-21T00:30:00+00:00,160.2139999999999,160.31199999999993,160.21199999999993,160.29899999999992,1851
2026-08-21T00:45:00+00:00,160.29899999999992,160.34099999999992,160.2659999999999,160.30699999999993,3340
2026-08-21T01:00:00+00:00,160.30699999999993,160.34699999999992,160.27399999999992,160.28699999999992,3071
2026-08-21T01:15:00+00:00,160.28699999999992,160.29899999999992,160.16099999999992,160.18699999999993,3182
2026-08-21T01:30:00+00:00,160.18699999999993,160.2069999999999,160.12099999999992,160.2069999999999,2802
2026-08-21T01:45:00+00:00,160.2069999999999,160.21499999999992,160.1599999999999,160.16099999999992,2111
2026-08-21T02:00:00+00:00,160.16099999999992,160.2309999999999,160.1359999999999,160.1889999999999,2377
2026-08-21T02:15:00+00:00,160.1889999999999,160.23499999999993,160.1529999999999,160.20499999999993,2622
2026-08-21T02:30:00+00:00,160.20499999999993,160.20499999999993,160.1059999999999,160.14499999999992,1962
2026-08-21T02:45:00+00:00,160.14499999999992,160.18199999999993,160.09099999999992,160.18099999999993,2236
2026-08-21T03:00:00+00:00,160.18099999999993,160.2019999999999,160.1599999999999,160.1719999999999,1416
2026-08-21T03:15:00+00:00,160.1719999999999,160.2179999999999,160.14999999999992,160.2139999999999,1445
2026-08-21T03:30:00+00:00,160.2139999999999,160.2959999999999,160.2129999999999,160.25599999999991,1276
2026-08-21T03:45:00+00:00,160.25599999999991,160.28299999999993,160.20299999999992,160.21199999999993,1272
2026-08-21T04:00:00+00:00,160.21199999999993,160.22699999999992,160.16699999999992,160.1949999999999,1438
2026-08-21T04:15:00+00:00,160.1949999999999,160.2429999999999,160.1829999999999,160.2249999999999,1026
2026-08-21T04:30:00+00:00,160.2249999999999,160.27699999999993,160.22299999999993,160.24499999999992,1021
2026-08-21T04:45:00+00:00,160.24499999999992,160.2669999999999,160.20299999999992,160.21499999999992,986
2026-08-21T05:00:00+00:00,160.21499999999992,160.24399999999991,160.20399999999992,160.22799999999992,1510
2026-08-21T05:15:00+00:00,160.22799999999992,160.2429999999999,160.2139999999999,160.2299999999999,1181
2026-08-21T05:30:00+00:00,160.2299999999999,160.2309999999999,160.06699999999992,160.06699999999992,2074
2026-08-21T05:45:00+00:00,160.06699999999992,160.10999999999993,160.02699999999993,160.04799999999992,2510
2026-08-21T06:00:00+00:00,160.04799999999992,160.12699999999992,160.00199999999992,160.11599999999993,2771
2026-08-21T06:15:00+00:00,160.11599999999993,160.19199999999992,160.0939999999999,160.19099999999992,1943
2026-08-21T06:30:00+00:00,160.19099999999992,160.19799999999992,160.10899999999992,160.14599999999993,2389
2026-08-21T06:45:00+00:00,160.14599999999993,160.1709999999999,160.09199999999993,160.1059999999999,2656
2026-08-21T07:00:00+00:00,160.1059999999999,160.14599999999993,160.04199999999992,160.10199999999992,3972
2026-08-21T07:15:00+00:00,160.10199999999992,160.1299999999999,160.07199999999992,160.09199999999993,1966
2026-08-21T07:30:00+00:00,160.09199999999993,160.10199999999992,159.97699999999992,160.0529999999999,3715
2026-08-21T07:45:00+00:00,160.0529999999999,160.0579999999999,159.9459999999999,160.0339999999999,3986
2026-08-21T08:00:00+00:00,160.0339999999999,160.0829999999999,159.98299999999992,160.02599999999993,2728
2026-08-21T08:15:00+00:00,160.02599999999993,160.05499999999992,159.93199999999993,159.94299999999993,3499
2026-08-21T08:30:00+00:00,159.94299999999993,159.96199999999993,159.76899999999992,159.78899999999993,4859
2026-08-21T08:45:00+00:00,159.78899999999993,159.85399999999993,159.7239999999999,159.73999999999992,4594
2026-08-21T09:00:00+00:00,159.73999999999992,159.76999999999992,159.5639999999999,159.63399999999993,5354
2026-08-21T09:15:00+00:00,159.63399999999993,159.72699999999992,159.62099999999992,159.7009999999999,4385
2026-08-21T09:30:00+00:00,159.7009999999999,159.76399999999992,159.6599999999999,159.74699999999993,4315
2026-08-21T09:45:00+00:00,159.74699999999993,159.81799999999993,159.74399999999991,159.81599999999992,2378
2026-08-21T10:00:00+00:00,159.81599999999992,159.85999999999993,159.78599999999992,159.84799999999993,2055
2026-08-21T10:15:00+00:00,159.84799999999993,159.8509999999999,159.7369999999999,159.74699999999993,3038
2026-08-21T10:30:00+00:00,159.74699999999993,159.8209999999999,159.74499999999992,159.80699999999993,1707
2026-08-21T10:45:00+00:00,159.80699999999993,159.9459999999999,159.79799999999992,159.91399999999993,3333
2026-08-21T11:00:00+00:00,159.91399999999993,159.9799999999999,159.89299999999992,159.94299999999993,2635
2026-08-21T11:15:00+00:00,159.94299999999993,159.94299999999993,159.7669999999999,159.76999999999992,6378
2026-08-21T11:30:00+00:00,159.76999999999992,159.8799999999999,159.76499999999993,159.8429999999999,5037
2026-08-21T11:45:00+00:00,159.8429999999999,159.92499999999993,159.84099999999992,159.89999999999992,3130
2026-08-21T12:00:00+00:00,159.89999999999992,159.92899999999992,159.83599999999993,159.9279999999999,4084
2026-08-21T12:15:00+00:00,159.9279999999999,159.9639999999999,159.8789999999999,159.91899999999993,2727
2026-08-21T12:30:00+00:00,159.91899999999993,160.05499999999992,159.91799999999992,159.98299999999992,3712
2026-08-21T12:45:00+00:00,159.98299999999992,160.02399999999992,159.95299999999992,159.9679999999999,3034
2026-08-21T13:00:00+00:00,159.9679999999999,160.04999999999993,159.9339999999999,159.99699999999993,4713
2026-08-21T13:15:00+00:00,159.99699999999993,160.07999999999993,159.9929999999999,160.0709999999999,3004
2026-08-21T13:30:00+00:00,160.0709999999999,160.09799999999993,160.0169999999999,160.0409999999999,2699
2026-08-21T13:45:00+00:00,160.0409999999999,160.1049999999999,159.9679999999999,159.98499999999993,3268
2026-08-21T14:00:00+00:00,159.98499999999993,160.0929999999999,159.9819999999999,160.0529999999999,3367
2026-08-21T14:15:00+00:00,160.0529999999999,160.1069999999999,160.03099999999992,160.0989999999999,2793
2026-08-21T14:30:00+00:00,160.0989999999999,160.2199999999999,160.09799999999993,160.1889999999999,4819
2026-08-21T14:45:00+00:00,160.1889999999999,160.2069999999999,160.1179999999999,160.16799999999992,3923
2026-08-21T15:00:00+00:00,160.16799999999992,160.24499999999992,160.1299999999999,160.22899999999993,4994
2026-08-21T15:15:00+00:00,160.22899999999993,160.25099999999992,160.16999999999993,160.19399999999993,3540
2026-08-21T15:30:00+00:00,160.19399999999993,160.20299999999992,160.1229999999999,160.1349999999999,3276
2026-08-21T15:45:00+00:00,160.1349999999999,160.16899999999993,160.11399999999992,160.13099999999991,2490
2026-08-21T16:00:00+00:00,160.13099999999991,160.1949999999999,160.1299999999999,160.1589999999999,2612
2026-08-21T16:15:00+00:00,160.1589999999999,160.1839999999999,160.04899999999992,160.1659999999999,3680
2026-08-21T16:30:00+00:00,160.1659999999999,160.17999999999992,160.14399999999992,160.16399999999993,1452
2026-08-21T16:45:00+00:00,160.16399999999993,160.1829999999999,160.1359999999999,160.1769999999999,1455
2026-08-21T17:00:00+00:00,160.1769999999999,160.2479999999999,160.1769999999999,160.2319999999999,1486
2026-08-21T17:15:00+00:00,160.2319999999999,160.2549999999999,160.1769999999999,160.20399999999992,1314
2026-08-21T17:30:00+00:00,160.20399999999992,160.2319999999999,160.18499999999992,160.2309999999999,2015
2026-08-21T17:45:00+00:00,160.2309999999999,160.2489999999999,160.2199999999999,160.22799999999992,1062
2026-08-21T18:00:00+00:00,160.22799999999992,160.2299999999999,160.1959999999999,160.22899999999993,1615
2026-08-21T18:15:00+00:00,160.22899999999993,160.24599999999992,160.2179999999999,160.2299999999999,1218
2026-08-21T18:30:00+00:00,160.2299999999999,160.24999999999991,160.2199999999999,160.2419999999999,1273
2026-08-21T18:45:00+00:00,160.2419999999999,160.26499999999993,160.22799999999992,160.23299999999992,1184
2026-08-21T19:00:00+00:00,160.23299999999992,160.25099999999992,160.2199999999999,160.24599999999992,1032
2026-08-21T19:15:00+00:00,160.24599999999992,160.25299999999993,160.2299999999999,160.24699999999993,436
2026-08-21T19:30:00+00:00,160.24699999999993,160.24699999999993,160.20499999999993,160.22099999999992,933
2026-08-21T19:45:00+00:00,160.22099999999992,160.22199999999992,160.1719999999999,160.2139999999999,1441
2026-08-21T20:00:00+00:00,160.2139999999999,160.2249999999999,160.19699999999992,160.2009999999999,589
2026-08-21T20:15:00+00:00,160.2009999999999,160.22199999999992,160.1839999999999,160.2189999999999,493
2026-08-21T20:30:00+00:00,160.2189999999999,160.22699999999992,160.18699999999993,160.18699999999993,924
2026-08-21T20:45:00+00:00,160.18699999999993,160.20299999999992,160.16799999999992,160.18699999999993,709.9168504724634
2026-08-23T21:00:00+00:00,158.971,158.971,158.953,158.97,53
2026-08-23T21:15:00+00:00,158.97,158.97,158.87199999999999,158.87199999999999,29
2026-08-23T21:30:00+00:00,158.87199999999999,158.87199999999999,158.551,158.64,343
2026-08-23T21:45:00+00:00,158.64,158.92999999999998,158.64,158.742,350
2026-08-23T22:00:00+00:00,158.742,158.93599999999998,158.742,158.89999999999998,1233
2026-08-23T22:15:00+00:00,158.89999999999998,158.95399999999998,158.89999999999998,158.934,383
2026-08-23T22:30:00+00:00,158.934,158.95999999999998,158.92999999999998,158.95,391
2026-08-23T22:45:00+00:00,158.95,158.96099999999998,158.94199999999998,158.956,435
2026-08-23T23:00:00+00:00,158.956,158.974,158.938,158.952,572
2026-08-23T23:15:00+00:00,158.952,158.981,158.951,158.964,469
2026-08-23T23:30:00+00:00,158.964,158.998,158.963,158.985,433
2026-08-23T23:45:00+00:00,158.985,158.992,158.867,158.872,922
2026-08-24T00:00:00+00:00,158.872,158.885,158.805,158.832,3354
2026-08-24T00:15:00+00:00,158.832,158.834,158.729,158.771,4689
2026-08-24T00:30:00+00:00,158.771,158.787,158.71,158.743,2812
2026-08-24T00:45:00+00:00,158.743,158.81,158.7,158.725,4112
2026-08-24T01:00:00+00:00,158.725,158.844,158.716,158.84,1972
2026-08-24T01:15:00+00:00,158.84,158.919,158.84,158.917,3335
2026-08-24T01:30:00+00:00,158.917,158.944,158.884,158.891,2429
2026-08-24T01:45:00+00:00,158.891,158.898,158.826,158.84,2530
2026-08-24T02:00:00+00:00,158.84,158.86,158.814,158.835,2915
2026-08-24T02:15:00+00:00,158.835,158.855,158.804,158.855,2404
2026-08-24T02:30:00+00:00,158.855,158.915,158.852,158.889,2181
2026-08-24T02:45:00+00:00,158.889,158.904,158.86,158.877,2095
2026-08-24T03:00:00+00:00,158.877,158.94,158.876,158.918,1690
2026-08-24T03:15:00+00:00,158.918,158.934,158.894,158.914,1558
2026-08-24T03:30:00+00:00,158.914,158.945,158.906,158.942,1373
2026-08-24T03:45:00+00:00,158.942,158.968,158.913,158.929,1328
2026-08-24T04:00:00+00:00,158.929,158.959,158.836,158.903,3072
2026-08-24T04:15:00+00:00,158.903,158.936,158.809,158.84,2695
2026-08-24T04:30:00+00:00,158.84,158.877,158.826,158.871,2746
2026-08-24T04:45:00+00:00,158.871,158.92,158.858,158.859,2478
2026-08-24T05:00:00+00:00,158.859,158.934,158.856,158.924,1994
2026-08-24T05:15:00+00:00,158.924,158.937,158.892,158.927,1961
2026-08-24T05:30:00+00:00,158.927,158.974,158.909,158.966,2459
2026-08-24T05:45:00+00:00,158.966,158.97,158.893,158.903,1793
2026-08-24T06:00:00+00:00,158.903,158.918,158.857,158.882,3253
2026-08-24T06:15:00+00:00,158.882,158.959,158.858,158.946,2467
2026-08-24T06:30:00+00:00,158.946,158.979,158.934,158.953,2020
2026-08-24T06:45:00+00:00,158.953,159.031,158.929,159.031,2796
2026-08-24T07:00:00+00:00,159.031,159.111,158.983,159.083,3692
2026-08-24T07:15:00+00:00,159.083,159.148,159.079,159.131,2671
2026-08-24T07:30:00+00:00,159.131,159.186,159.091,159.164,2606
2026-08-24T07:45:00+00:00,159.164,159.183,159.125,159.163,2857
2026-08-24T08:00:00+00:00,159.163,159.238,159.149,159.232,3476
2026-08-24T08:15:00+00:00,159.232,159.27,159.226,159.27,1577
2026-08-24T08:30:00+00:00,159.27,159.282,159.21,159.219,2562
2026-08-24T08:45:00+00:00,159.219,159.223,159.156,159.192,2653
2026-08-24T09:00:00+00:00,159.192,159.205,159.151,159.179,2105
2026-08-24T09:15:00+00:00,159.179,159.234,159.165,159.195,3056
2026-08-24T09:30:00+00:00,159.195,159.207,159.161,159.203,2859
2026-08-24T09:45:00+00:00,159.203,159.225,159.176,159.203,2244
2026-08-24T10:00:00+00:00,159.203,159.215,159.173,159.19,2674
2026-08-24T10:15:00+00:00,159.19,159.19,159.125,159.17,4204
2026-08-24T10:30:00+00:00,159.17,159.171,159.121,159.17,2684
2026-08-24T10:45:00+00:00,159.17,159.207,159.159,159.207,1976
2026-08-24T11:00:00+00:00,159.207,159.233,159.2,159.211,2105
2026-08-24T11:15:00+00:00,159.211,159.224,159.173,159.179,2127
2026-08-24T11:30:00+00:00,159.179,159.203,158.995,159.048,7361
2026-08-24T11:45:00+00:00,159.048,159.106,159.024,159.066,3739
2026-08-24T12:00:00+00:00,159.066,159.122,159.057,159.074,3912
2026-08-24T12:15:00+00:00,159.074,159.079,158.911,158.95,5273
2026-08-24T12:30:00+00:00,158.95,159.049,158.898,158.997,6767
2026-08-24T12:45:00+00:00,158.997,159.052,158.973,159.047,5055
2026-08-24T13:00:00+00:00,159.047,159.102,159.016,159.075,3580
2026-08-24T13:15:00+00:00,159.075,159.164,159.071,159.152,2926
2026-08-24T13:30:00+00:00,159.152,159.153,159.097,159.142,3837
2026-08-24T13:45:00+00:00,159.142,159.152,159.062,159.109,5217
2026-08-24T14:00:00+00:00,159.109,159.161,159.074,159.144,4850
2026-08-24T14:15:00+00:00,159.144,159.179,159.093,159.103,3581
2026-08-24T14:30:00+00:00,159.103,159.151,159.089,159.121,4448
2026-08-24T14:45:00+00:00,159.121,159.201,159.118,159.201,4840
2026-08-24T15:00:00+00:00,159.201,159.201,159.127,159.134,4034
2026-08-24T15:15:00+00:00,159.134,159.172,159.067,159.084,4208
2026-08-24T15:30:00+00:00,159.084,159.17,159.075,159.161,4565
2026-08-24T15:45:00+00:00,159.161,159.196,159.128,159.175,3003
2026-08-24T16:00:00+00:00,159.175,159.195,159.056,159.086,5897
2026-08-24T16:15:00+00:00,159.086,159.091,159.046,159.079,2448
2026-08-24T16:30:00+00:00,159.079,159.088,159.006,159.08,3711
2026-08-24T16:45:00+00:00,159.08,159.124,159.067,159.074,2357
2026-08-24T17:00:00+00:00,159.074,159.108,158.994,159.088,4489
2026-08-24T17:15:00+00:00,159.088,159.175,159.067,159.149,4125
2026-08-24T17:30:00+00:00,159.149,159.174,159.126,159.164,2131
2026-08-24T17:45:00+00:00,159.164,159.193,159.151,159.16,1686
2026-08-24T18:00:00+00:00,159.16,159.198,159.145,159.178,2035
2026-08-24T18:15:00+00:00,159.178,159.178,159.137,159.143,2396
2026-08-24T18:30:00+00:00,159.143,159.208,159.142,159.191,1786
2026-08-24T18:45:00+00:00,159.191,159.213,159.179,159.179,2762
2026-08-24T19:00:00+00:00,159.179,159.195,159.165,159.185,1844
2026-08-24T19:15:00+00:00,159.185,159.216,159.185,159.215,1607
2026-08-24T19:30:00+00:00,159.215,159.218,159.153,159.161,1914
2026-08-24T19:45:00+00:00,159.161,159.186,159.125,159.167,2607
2026-08-24T20:00:00+00:00,159.167,159.183,159.14,159.152,1283
2026-08-24T20:15:00+00:00,159.152,159.165,159.139,159.152,684
2026-08-24T20:30:00+00:00,159.152,159.153,159.129,159.131,397
2026-08-24T20:45:00+00:00,159.131,159.131,159.08,159.08,1499
2026-08-24T21:00:00+00:00,159.08,159.08,159.039,159.039,1
2026-08-24T21:15:00+00:00,159.039,159.072,159.031,159.051,378
2026-08-24T21:30:00+00:00,159.051,159.076,159.046,159.071,365
2026-08-24T21:45:00+00:00,159.071,159.119,159.044,159.082,851
2026-08-24T22:00:00+00:00,159.082,159.105,159.058,159.094,378
2026-08-24T22:15:00+00:00,159.094,159.124,159.092,159.123,359
2026-08-24T22:30:00+00:00,159.123,159.123,159.097,159.099,506
2026-08-24T22:45:00+00:00,159.099,159.101,159.096,159.1,180
2026-08-24T23:00:00+00:00,159.1,159.1,159.06,159.076,715
2026-08-24T23:15:00+00:00,159.076,159.117,159.064,159.115,405
2026-08-24T23:30:00+00:00,159.115,159.153,159.113,159.15,646
2026-08-24T23:45:00+00:00,159.15,159.16,159.122,159.136,1137
2026-08-25T00:00:00+00:00,159.136,159.14,159.092,159.119,3035
2026-08-25T00:15:00+00:00,159.119,159.165,159.108,159.132,4297
2026-08-25T00:30:00+00:00,159.132,159.148,159.108,159.126,4731
2026-08-25T00:45:00+00:00,159.126,159.19,159.097,159.189,4160
2026-08-25T01:00:00+00:00,159.189,159.221,159.126,159.13,2558
2026-08-25T01:15:00+00:00,159.13,159.197,159.13,159.15,2107
2026-08-25T01:30:00+00:00,159.15,159.223,159.15,159.202,1588
2026-08-25T01:45:00+00:00,159.202,159.305,159.202,159.266,2254
2026-08-25T02:00:00+00:00,159.266,159.327,159.259,159.273,2343
2026-08-25T02:15:00+00:00,159.273,159.29,159.249,159.251,1906
2026-08-25T02:30:00+00:00,159.251,159.301,159.25,159.285,1659
2026-08-25T02:45:00+00:00,159.285,159.394,159.284,159.361,2293
2026-08-25T03:00:00+00:00,159.361,159.378,159.327,159.357,2399
2026-08-25T03:15:00+00:00,159.357,159.381,159.357,159.373,1649
2026-08-25T03:30:00+00:00,159.373,159.392,159.34,159.342,1289
2026-08-25T03:45:00+00:00,159.342,159.357,159.319,159.33,934
2026-08-25T04:00:00+00:00,159.33,159.369,159.321,159.347,1078
2026-08-25T04:15:00+00:00,159.347,159.361,159.322,159.337,1260
2026-08-25T04:30:00+00:00,159.337,159.338,159.248,159.258,2093
2026-08-25T04:45:00+00:00,159.258,159.309,159.213,159.301,1864
2026-08-25T05:00:00+00:00,159.301,159.337,159.281,159.321,1871
2026-08-25T05:15:00+00:00,159.321,159.335,159.297,159.321,1613
2026-08-25T05:30:00+00:00,159.321,159.348,159.308,159.322,2192
2026-08-25T05:45:00+00:00,159.322,159.333,159.307,159.331,1780
2026-08-25T06:00:00+00:00,159.331,159.337,159.274,159.296,2678
2026-08-25T06:15:00+00:00,159.296,159.367,159.296,159.334,3814
2026-08-25T06:30:00+00:00,159.334,159.371,159.3,159.36,4366
2026-08-25T06:45:00+00:00,159.36,159.411,159.348,159.409,3329
2026-08-25T07:00:00+00:00,159.409,159.424,159.351,159.37,3095
2026-08-25T07:15:00+00:00,159.37,159.414,159.316,159.402,4093
2026-08-25T07:30:00+00:00,159.402,159.454,159.395,159.44,3514
2026-08-25T07:45:00+00:00,159.44,159.456,159.422,159.443,2786
2026-08-25T08:00:00+00:00,159.443,159.491,159.425,159.473,2637
2026-08-25T08:15:00+00:00,159.473,159.49,159.346,159.417,5525
2026-08-25T08:30:00+00:00,159.417,159.435,159.359,159.361,3924
2026-08-25T08:45:00+00:00,159.361,159.389,159.326,159.346,3660
2026-08-25T09:00:00+00:00,159.346,159.36,159.225,159.245,4452
2026-08-25T09:15:00+00:00,159.245,159.347,159.238,159.314,3293
2026-08-25T09:30:00+00:00,159.314,159.343,159.238,159.3,4218
2026-08-25T09:45:00+00:00,159.3,159.31,159.242,159.281,3445
2026-08-25T10:00:00+00:00,159.281,159.329,159.243,159.296,2362
2026-08-25T10:15:00+00:00,159.296,159.31,159.278,159.302,2134
2026-08-25T10:30:00+00:00,159.302,159.302,159.256,159.271,1845
2026-08-25T10:45:00+00:00,159.271,159.302,159.263,159.285,1927
2026-08-25T11:00:00+00:00,159.285,159.326,159.259,159.293,3036
2026-08-25T11:15:00+00:00,159.293,159.323,159.288,159.311,2411
2026-08-25T11:30:00+00:00,159.311,159.311,159.27,159.295,1974
2026-08-25T11:45:00+00:00,159.295,159.29999999999998,159.232,159.25,2557
2026-08-25T12:00:00+00:00,159.25,159.27899999999997,159.19299999999998,159.248,3810
2026-08-25T12:15:00+00:00,159.248,159.26199999999997,159.22699999999998,159.25199999999998,2710
2026-08-25T12:30:00+00:00,159.25199999999998,159.29699999999997,159.23299999999998,159.27399999999997,1886
2026-08-25T12:45:00+00:00,159.27399999999997,159.29799999999997,159.26199999999997,159.29699999999997,1960
2026-08-25T13:00:00+00:00,159.29699999999997,159.302,159.11999999999998,159.177,5023
2026-08-25T13:15:00+00:00,159.177,159.24099999999999,159.16299999999998,159.20399999999998,3468
2026-08-25T13:30:00+00:00,159.20399999999998,159.265,159.16599999999997,159.26099999999997,5020
2026-08-25T13:45:00+00:00,159.26099999999997,159.27599999999998,159.21599999999998,159.21599999999998,4146
2026-08-25T14:00:00+00:00,159.21599999999998,159.29099999999997,159.212,159.248,5936
2026-08-25T14:15:00+00:00,159.248,159.29,159.23899999999998,159.26199999999997,2639
2026-08-25T14:30:00+00:00,159.26199999999997,159.32199999999997,159.23799999999997,159.242,3673
2026-08-25T14:45:00+00:00,159.242,159.272,159.18999999999997,159.253,4057
2026-08-25T15:00:00+00:00,159.253,159.27899999999997,159.248,159.26699999999997,2881
2026-08-25T15:15:00+00:00,159.26699999999997,159.29299999999998,159.23899999999998,159.29299999999998,2858
2026-08-25T15:30:00+00:00,159.29299999999998,159.29299999999998,159.182,159.213,5335
2026-08-25T15:45:00+00:00,159.213,159.26099999999997,159.18599999999998,159.21599999999998,3028
2026-08-25T16:00:00+00:00,159.21599999999998,159.25199999999998,159.20499999999998,159.248,4508
2026-08-25T16:15:00+00:00,159.248,159.27599999999998,159.248,159.266,3720
2026-08-25T16:30:00+00:00,159.266,159.277,159.24699999999999,159.26399999999998,3469
2026-08-25T16:45:00+00:00,159.26399999999998,159.296,159.25799999999998,159.27599999999998,2030
2026-08-25T17:00:00+00:00,159.27599999999998,159.31599999999997,159.27399999999997,159.30399999999997,2008
2026-08-25T17:15:00+00:00,159.30399999999997,159.31699999999998,159.28599999999997,159.29199999999997,1318
2026-08-25T17:30:00+00:00,159.29199999999997,159.295,159.25499999999997,159.26999999999998,1519
2026-08-25T17:45:00+00:00,159.26999999999998,159.27299999999997,159.21699999999998,159.22299999999998,1636
2026-08-25T18:00:00+00:00,159.22299999999998,159.24399999999997,159.194,159.21499999999997,1619
2026-08-25T18:15:00+00:00,159.21499999999997,159.243,159.206,159.231,964
2026-08-25T18:30:00+00:00,159.231,159.266,159.22799999999998,159.26500000000001,453
2026-08-25T18:45:00+00:00,159.26500000000001,159.267,159.234,159.235,1366
2026-08-25T19:00:00+00:00,159.235,159.251,159.205,159.215,1976
2026-08-25T19:15:00+00:00,159.215,159.215,159.167,159.214,2556
2026-08-25T19:30:00+00:00,159.214,159.232,159.198,159.202,1336
2026-08-25T19:45:00+00:00,159.202,159.204,159.09900000000002,159.156,3220
2026-08-25T20:00:00+00:00,159.156,159.185,159.138,159.16,1373
2026-08-25T20:15:00+00:00,159.16,159.207,159.151,159.192,787
2026-08-25T20:30:00+00:00,159.192,159.247,159.192,159.223,577
2026-08-25T20:45:00+00:00,159.223,159.226,159.193,159.196,872
2026-08-25T21:00:00+00:00,159.196,159.221,159.193,159.199,402
2026-08-25T21:15:00+00:00,159.199,159.209,159.191,159.202,426
2026-08-25T21:30:00+00:00,159.202,159.215,159.19099999999997,159.196,604
2026-08-25T21:45:00+00:00,159.196,159.20299999999997,159.188,159.19799999999998,257
2026-08-25T22:00:00+00:00,159.19799999999998,159.24099999999999,159.19799999999998,159.224,502
2026-08-25T22:15:00+00:00,159.224,159.23299999999998,159.19899999999998,159.214,425
2026-08-25T22:30:00+00:00,159.214,159.218,159.19699999999997,159.19699999999997,339
2026-08-25T22:45:00+00:00,159.19699999999997,159.206,159.195,159.20299999999997,187
2026-08-25T23:00:00+00:00,159.20299999999997,159.238,159.201,159.232,525
2026-08-25T23:15:00+00:00,159.232,159.248,159.22299999999998,159.248,457
2026-08-25T23:30:00+00:00,159.248,159.265,159.243,159.26299999999998,476
2026-08-25T23:45:00+00:00,159.26299999999998,159.26299999999998,159.21599999999998,159.21599999999998,753
2026-08-26T00:00:00+00:00,159.21599999999998,159.26,159.21599999999998,159.224,2231
2026-08-26T00:15:00+00:00,159.224,159.255,159.224,159.22899999999998,2743
2026-08-26T00:30:00+00:00,159.22899999999998,159.23,159.154,159.165,2580
2026-08-26T00:45:00+00:00,159.165,159.176,159.106,159.16699999999997,3899
2026-08-26T01:00:00+00:00,159.16699999999997,159.18599999999998,159.13899999999998,159.16899999999998,3658
2026-08-26T01:15:00+00:00,159.16899999999998,159.171,159.13799999999998,159.16699999999997,2067
2026-08-26T01:30:00+00:00,159.16699999999997,159.16799999999998,159.07999999999998,159.09199999999998,4920
2026-08-26T01:45:00+00:00,159.09199999999998,159.10199999999998,158.969,159.053,5686
2026-08-26T02:00:00+00:00,159.053,159.05499999999998,158.88199999999998,158.95399999999998,5921
2026-08-26T02:15:00+00:00,158.95399999999998,158.98499999999999,158.909,158.97299999999998,4095
2026-08-26T02:30:00+00:00,158.97299999999998,159.03799999999998,158.96699999999998,158.99099999999999,3827
2026-08-26T02:45:00+00:00,158.99099999999999,159.04899999999998,158.982,159.041,3374
2026-08-26T03:00:00+00:00,159.041,159.041,158.99499999999998,159.027,2705
2026-08-26T03:15:00+00:00,159.027,159.029,158.958,158.98399999999998,3919
2026-08-26T03:30:00+00:00,158.98399999999998,158.99099999999999,158.90099999999998,158.956,4173
2026-08-26T03:45:00+00:00,158.956,158.986,158.94299999999998,158.96099999999998,1615
2026-08-26T04:00:00+00:00,158.96099999999998,159.01,158.944,159.00799999999998,1539
2026-08-26T04:15:00+00:00,159.00799999999998,159.03099999999998,158.97699999999998,159.003,3109
2026-08-26T04:30:00+00:00,159.003,159.00799999999998,158.96599999999998,158.99599999999998,2824
2026-08-26T04:45:00+00:00,158.99599999999998,159.04299999999998,158.992,159.03599999999997,3436
2026-08-26T05:00:00+00:00,159.03599999999997,159.053,159.01899999999998,159.02499999999998,2190
2026-08-26T05:15:00+00:00,159.02499999999998,159.02599999999998,159.00199999999998,159.021,1884
2026-08-26T05:30:00+00:00,159.021,159.021,158.96499999999997,158.976,3265
2026-08-26T05:45:00+00:00,158.976,159.015,158.97,159.015,1469
2026-08-26T06:00:00+00:00,159.015,159.095,159.00699999999998,159.075,2622
2026-08-26T06:15:00+00:00,159.075,159.08499999999998,159.04399999999998,159.06099999999998,2039
2026-08-26T06:30:00+00:00,159.06099999999998,159.125,159.04799999999997,159.09099999999998,2110
2026-08-26T06:45:00+00:00,159.09099999999998,159.09599999999998,159.04999999999998,159.058,2042
2026-08-26T07:00:00+00:00,159.058,159.063,158.968,159.004,3522
2026-08-26T07:15:00+00:00,159.004,159.052,158.986,159.04899999999998,1932
2026-08-26T07:30:00+00:00,159.04899999999998,159.04999999999998,158.994,159.01399999999998,2100
2026-08-26T07:45:00+00:00,159.01399999999998,159.028,158.976,159.015,2615
2026-08-26T08:00:00+00:00,159.015,159.01799999999997,158.944,158.974,2626
2026-08-26T08:15:00+00:00,158.974,158.99699999999999,158.933,158.956,3164
2026-08-26T08:30:00+00:00,158.956,159.01299999999998,158.95499999999998,158.993,2271
2026-08-26T08:45:00+00:00,158.993,159.03599999999997,158.968,159.01299999999998,2263
2026-08-26T09:00:00+00:00,159.01299999999998,159.06099999999998,159.00099999999998,159.02999999999997,2270
2026-08-26T09:15:00+00:00,159.02999999999997,159.03099999999998,158.97099999999998,159.00199999999998,2945
2026-08-26T09:30:00+00:00,159.00199999999998,159.01,158.97199999999998,158.97199999999998,2841
2026-08-26T09:45:00+00:00,158.97199999999998,159.004,158.963,158.993,2843
2026-08-26T10:00:00+00:00,158.993,159.016,158.986,159.015,1708
2026-08-26T10:15:00+00:00,159.015,159.047,159.00799999999998,159.033,2171
2026-08-26T10:30:00+00:00,159.033,159.06799999999998,159.01899999999998,159.06099999999998,1988
2026-08-26T10:45:00+00:00,159.06099999999998,159.12599999999998,159.05599999999998,159.09799999999998,2524
2026-08-26T11:00:00+00:00,159.09799999999998,159.118,159.063,159.10299999999998,1833
2026-08-26T11:15:00+00:00,159.10299999999998,159.16299999999998,159.10199999999998,159.15099999999998,1779
2026-08-26T11:30:00+00:00,159.15099999999998,159.16099999999997,159.11599999999999,159.13199999999998,2290
2026-08-26T11:45:00+00:00,159.13199999999998,159.136,159.087,159.087,2308
2026-08-26T12:00:00+00:00,159.087,159.08999999999997,159.03699999999998,159.06599999999997,3212
2026-08-26T12:15:00+00:00,159.06599999999997,159.06599999999997,158.95299999999997,158.95299999999997,3301
2026-08-26T12:30:00+00:00,158.95299999999997,159.177,158.91799999999998,159.142,5495
2026-08-26T12:45:00+00:00,159.142,159.25,159.135,159.236,4873
2026-08-26T13:00:00+00:00,159.236,159.32899999999998,159.23299999999998,159.28099999999998,4525
2026-08-26T13:15:00+00:00,159.28099999999998,159.32399999999998,159.26299999999998,159.284,4020
2026-08-26T13:30:00+00:00,159.284,159.373,159.26399999999998,159.362,4846
2026-08-26T13:45:00+00:00,159.362,159.39999999999998,159.32299999999998,159.39999999999998,4455
2026-08-26T14:00:00+00:00,159.39999999999998,159.42399999999998,159.36399999999998,159.396,4246
2026-08-26T14:15:00+00:00,159.396,159.44899999999998,159.39,159.42399999999998,4918
2026-08-26T14:30:00+00:00,159.42399999999998,159.44799999999998,159.351,159.373,3760
2026-08-26T14:45:00+00:00,159.373,159.42899999999997,159.37099999999998,159.41099999999997,4356
2026-08-26T15:00:00+00:00,159.41099999999997,159.41699999999997,159.34199999999998,159.374,3364
2026-08-26T15:15:00+00:00,159.374,159.38899999999998,159.35799999999998,159.374,2402
2026-08-26T15:30:00+00:00,159.374,159.38,159.327,159.361,2145
2026-08-26T15:45:00+00:00,159.361,159.398,159.32199999999997,159.36999999999998,3784
2026-08-26T16:00:00+00:00,159.36999999999998,159.374,159.337,159.34,2278
2026-08-26T16:15:00+00:00,159.34,159.362,159.313,159.356,2574
2026-08-26T16:30:00+00:00,159.356,159.398,159.355,159.386,1891
2026-08-26T16:45:00+00:00,159.386,159.438,159.37,159.427,2041
2026-08-26T17:00:00+00:00,159.427,159.439,159.4,159.421,1681
2026-08-26T17:15:00+00:00,159.421,159.424,159.384,159.385,1892
2026-08-26T17:30:00+00:00,159.385,159.403,159.371,159.397,1745
2026-08-26T17:45:00+00:00,159.397,159.429,159.397,159.402,1725
2026-08-26T18:00:00+00:00,159.402,159.415,159.384,159.39499999999998,1949
2026-08-26T18:15:00+00:00,159.39499999999998,159.415,159.39,159.414,2031
2026-08-26T18:30:00+00:00,159.414,159.429,159.41,159.416,1087
2026-08-26T18:45:00+00:00,159.416,159.417,159.392,159.407,1408
2026-08-26T19:00:00+00:00,159.407,159.418,159.367,159.368,1368
2026-08-26T19:15:00+00:00,159.368,159.398,159.368,159.385,1190
2026-08-26T19:30:00+00:00,159.385,159.388,159.336,159.353,1540
2026-08-26T19:45:00+00:00,159.353,159.38,159.347,159.353,1629
2026-08-26T20:00:00+00:00,159.353,159.37,159.351,159.359,926
2026-08-26T20:15:00+00:00,159.359,159.362,159.324,159.325,618
2026-08-26T20:30:00+00:00,159.325,159.331,159.298,159.299,440
2026-08-26T20:45:00+00:00,159.299,159.328,159.295,159.295,1389
2026-08-26T21:00:00+00:00,159.295,159.295,159.245,159.265,106
2026-08-26T21:15:00+00:00,159.265,159.27,159.257,159.269,288
2026-08-26T21:30:00+00:00,159.269,159.271,159.257,159.265,877
2026-08-26T21:45:00+00:00,159.265,159.281,159.251,159.262,936
2026-08-26T22:00:00+00:00,159.262,159.311,159.26,159.301,900
2026-08-26T22:15:00+00:00,159.301,159.301,159.267,159.275,217
2026-08-26T22:30:00+00:00,159.275,159.288,159.254,159.256,315
2026-08-26T22:45:00+00:00,159.256,159.274,159.25,159.268,224
2026-08-26T23:00:00+00:00,159.268,159.272,159.224,159.226,734
2026-08-26T23:15:00+00:00,159.226,159.252,159.209,159.25,538
2026-08-26T23:30:00+00:00,159.25,159.252,159.235,159.249,411
2026-08-26T23:45:00+00:00,159.249,159.274,159.234,159.252,604
2026-08-27T00:00:00+00:00,159.252,159.253,159.133,159.151,4013
2026-08-27T00:15:00+00:00,159.151,159.177,159.125,159.141,3006
2026-08-27T00:30:00+00:00,159.141,159.163,159.114,159.143,3044
2026-08-27T00:45:00+00:00,159.143,159.192,159.127,159.181,3890
2026-08-27T01:00:00+00:00,159.181,159.205,159.161,159.162,2553
2026-08-27T01:15:00+00:00,159.162,159.20000000000002,159.14800000000002,159.157,2292
2026-08-27T01:30:00+00:00,159.157,159.27800000000002,159.12900000000002,159.22000000000003,4387
2026-08-27T01:45:00+00:00,159.22000000000003,159.25500000000002,159.21300000000002,159.24900000000002,2516
2026-08-27T02:00:00+00:00,159.24900000000002,159.30100000000002,159.246,159.30100000000002,2337
2026-08-27T02:15:00+00:00,159.30100000000002,159.37400000000002,159.298,159.36900000000003,2438
2026-08-27T02:30:00+00:00,159.36900000000003,159.394,159.31900000000002,159.334,2194
2026-08-27T02:45:00+00:00,159.334,159.33800000000002,159.29700000000003,159.329,2229
2026-08-27T03:00:00+00:00,159.329,159.348,159.304,159.30700000000002,1860
2026-08-27T03:15:00+00:00,159.30700000000002,159.35000000000002,159.304,159.34400000000002,1137
2026-08-27T03:30:00+00:00,159.34400000000002,159.37,159.33900000000003,159.347,1592
2026-08-27T03:45:00+00:00,159.347,159.35500000000002,159.33100000000002,159.342,1483
2026-08-27T04:00:00+00:00,159.342,159.35000000000002,159.328,159.348,1208
2026-08-27T04:15:00+00:00,159.348,159.36900000000003,159.34300000000002,159.36200000000002,1136
2026-08-27T04:30:00+00:00,159.36200000000002,159.38000000000002,159.354,159.359,1391
2026-08-27T04:45:00+00:00,159.359,159.37900000000002,159.347,159.35500000000002,1640
2026-08-27T05:00:00+00:00,159.35500000000002,159.38400000000001,159.32600000000002,159.342,2163
2026-08-27T05:15:00+00:00,159.342,159.348,159.292,159.293,2060
2026-08-27T05:30:00+00:00,159.293,159.32500000000002,159.281,159.31300000000002,2106
2026-08-27T05:45:00+00:00,159.31300000000002,159.38000000000002,159.31300000000002,159.36300000000003,2905
2026-08-27T06:00:00+00:00,159.36300000000003,159.388,159.34,159.34900000000002,3043
2026-08-27T06:15:00+00:00,159.34900000000002,159.36800000000002,159.33200000000002,159.346,2434
2026-08-27T06:30:00+00:00,159.346,159.381,159.34300000000002,159.347,2560
2026-08-27T06:45:00+00:00,159.347,159.37900000000002,159.33300000000003,159.354,3341
2026-08-27T07:00:00+00:00,159.354,159.35700000000003,159.282,159.292,3424
2026-08-27T07:15:00+00:00,159.292,159.34,159.27,159.32700000000003,2566
2026-08-27T07:30:00+00:00,159.32700000000003,159.35600000000002,159.304,159.33200000000002,2621
2026-08-27T07:45:00+00:00,159.33200000000002,159.371,159.324,159.354,3153
2026-08-27T08:00:00+00:00,159.354,159.364,159.28500000000003,159.31900000000002,2957
2026-08-27T08:15:00+00:00,159.31900000000002,159.336,159.29700000000003,159.329,2469
2026-08-27T08:30:00+00:00,159.329,159.348,159.28500000000003,159.299,3486
2026-08-27T08:45:00+00:00,159.299,159.323,159.27800000000002,159.32000000000002,2794
2026-08-27T09:00:00+00:00,159.32000000000002,159.359,159.30900000000003,159.35000000000002,2983
2026-08-27T09:15:00+00:00,159.35000000000002,159.40800000000002,159.347,159.393,3376
2026-08-27T09:30:00+00:00,159.393,159.48700000000002,159.39100000000002,159.483,3139
2026-08-27T09:45:00+00:00,159.483,159.483,159.442,159.477,2464
2026-08-27T10:00:00+00:00,159.477,159.48800000000003,159.443,159.443,1734
2026-08-27T10:15:00+00:00,159.443,159.45700000000002,159.41500000000002,159.44600000000003,1812
2026-08-27T10:30:00+00:00,159.44600000000003,159.52200000000002,159.44600000000003,159.46800000000002,2438
2026-08-27T10:45:00+00:00,159.46800000000002,159.496,159.466,159.47500000000002,2201
2026-08-27T11:00:00+00:00,159.47500000000002,159.496,159.465,159.47400000000002,2397
2026-08-27T11:15:00+00:00,159.47400000000002,159.484,159.448,159.465,1861
2026-08-27T11:30:00+00:00,159.465,159.473,159.424,159.46900000000002,2995
2026-08-27T11:45:00+00:00,159.46900000000002,159.513,159.41400000000002,159.437,3798
2026-08-27T12:00:00+00:00,159.437,159.44000000000003,159.377,159.411,4273
2026-08-27T12:15:00+00:00,159.411,159.42700000000002,159.34500000000003,159.40300000000002,3714
2026-08-27T12:30:00+00:00,159.40300000000002,159.44000000000003,159.39000000000001,159.413,3248
2026-08-27T12:45:00+00:00,159.413,159.443,159.4,159.411,3791
2026-08-27T13:00:00+00:00,159.411,159.45200000000003,159.372,159.44600000000003,3653
2026-08-27T13:15:00+00:00,159.44600000000003,159.46400000000003,159.341,159.36200000000002,4553
2026-08-27T13:30:00+00:00,159.36200000000002,159.395,159.34500000000003,159.39200000000002,4075
2026-08-27T13:45:00+00:00,159.39200000000002,159.419,159.33800000000002,159.36200000000002,4639
2026-08-27T14:00:00+00:00,159.36200000000002,159.37300000000002,159.294,159.34500000000003,5724
2026-08-27T14:15:00+00:00,159.34500000000003,159.371,159.324,159.34,3713
2026-08-27T14:30:00+00:00,159.34,159.341,159.287,159.34,3652
2026-08-27T14:45:00+00:00,159.34,159.34,159.27,159.32700000000003,4194
2026-08-27T15:00:00+00:00,159.32700000000003,159.32700000000003,159.273,159.32,3690
2026-08-27T15:15:00+00:00,159.32,159.324,159.28900000000002,159.306,2176
2026-08-27T15:30:00+00:00,159.306,159.31,159.272,159.274,2766
2026-08-27T15:45:00+00:00,159.274,159.3,159.234,159.257,2507
2026-08-27T16:00:00+00:00,159.257,159.286,159.24500000000003,159.26100000000002,2071
2026-08-27T16:15:00+00:00,159.26100000000002,159.27400000000003,159.24000000000004,159.25000000000003,1627
2026-08-27T16:30:00+00:00,159.25000000000003,159.27000000000004,159.24100000000004,159.26300000000003,1661
2026-08-27T16:45:00+00:00,159.26300000000003,159.30000000000004,159.26200000000003,159.28700000000003,2282
2026-08-27T17:00:00+00:00,159.28700000000003,159.31900000000005,159.26000000000002,159.31600000000003,1948
2026-08-27T17:15:00+00:00,159.31600000000003,159.32300000000004,159.29500000000004,159.30500000000004,2118
2026-08-27T17:30:00+00:00,159.30500000000004,159.36300000000003,159.30500000000004,159.35500000000005,2760
2026-08-27T17:45:00+00:00,159.35500000000005,159.40300000000002,159.35300000000004,159.40000000000003,3025
2026-08-27T18:00:00+00:00,159.40000000000003,159.45500000000004,159.39500000000004,159.41700000000003,3066
2026-08-27T18:15:00+00:00,159.41700000000003,159.43100000000004,159.40900000000002,159.41900000000004,1832
2026-08-27T18:30:00+00:00,159.41900000000004,159.43400000000003,159.41600000000003,159.42700000000002,1404
2026-08-27T18:45:00+00:00,159.42700000000002,159.43300000000002,159.40400000000002,159.42700000000002,1367
2026-08-27T19:00:00+00:00,159.42700000000002,159.43100000000004,159.39400000000003,159.42700000000002,1868
2026-08-27T19:15:00+00:00,159.42700000000002,159.44100000000003,159.41500000000002,159.42900000000003,739
2026-08-27T19:30:00+00:00,159.42900000000003,159.43500000000003,159.40400000000002,159.40700000000004,917
2026-08-27T19:45:00+00:00,159.40700000000004,159.41900000000004,159.39600000000004,159.41100000000003,1403
2026-08-27T20:00:00+00:00,159.41100000000003,159.41800000000003,159.39100000000002,159.39400000000003,1337
2026-08-27T20:15:00+00:00,159.39400000000003,159.40300000000002,159.38200000000003,159.39000000000004,342
2026-08-27T20:30:00+00:00,159.39000000000004,159.394,159.38,159.382,264
2026-08-27T20:45:00+00:00,159.382,159.413,159.376,159.391,600
2026-08-27T21:00:00+00:00,159.391,159.408,159.297,159.404,100
2026-08-27T21:15:00+00:00,159.404,159.415,159.371,159.377,384
2026-08-27T21:30:00+00:00,159.377,159.39,159.372,159.383,324
2026-08-27T21:45:00+00:00,159.383,159.399,159.369,159.372,591
2026-08-27T22:00:00+00:00,159.372,159.39,159.359,159.365,558
2026-08-27T22:15:00+00:00,159.365,159.396,159.358,159.394,257
2026-08-27T22:30:00+00:00,159.394,159.395,159.368,159.372,320
2026-08-27T22:45:00+00:00,159.372,159.373,159.356,159.357,247
2026-08-27T23:00:00+00:00,159.357,159.37,159.35,159.35,346
2026-08-27T23:15:00+00:00,159.35,159.362,159.344,159.356,255
2026-08-27T23:30:00+00:00,159.356,159.372,159.332,159.338,374
2026-08-27T23:45:00+00:00,159.338,159.338,159.309,159.313,751
2026-08-28T00:00:00+00:00,159.313,159.357,159.295,159.348,2778
2026-08-28T00:15:00+00:00,159.348,159.389,159.343,159.366,2489
2026-08-28T00:30:00+00:00,159.366,159.37,159.331,159.344,1596
2026-08-28T00:45:00+00:00,159.344,159.373,159.322,159.366,3234
2026-08-28T01:00:00+00:00,159.366,159.385,159.34,159.347,3135
2026-08-28T01:15:00+00:00,159.347,159.373,159.332,159.371,3510
2026-08-28T01:30:00+00:00,159.371,159.395,159.344,159.395,2285
2026-08-28T01:45:00+00:00,159.395,159.446,159.387,159.431,2972
2026-08-28T02:00:00+00:00,159.431,159.455,159.428,159.446,1582
2026-08-28T02:15:00+00:00,159.446,159.452,159.391,159.413,1530
2026-08-28T02:30:00+00:00,159.413,159.449,159.413,159.445,1794
2026-08-28T02:45:00+00:00,159.445,159.465,159.411,159.441,1752
2026-08-28T03:00:00+00:00,159.441,159.465,159.432,159.464,1477
2026-08-28T03:15:00+00:00,159.464,159.464,159.435,159.437,1439
2026-08-28T03:30:00+00:00,159.437,159.46,159.434,159.437,2284
2026-08-28T03:45:00+00:00,159.437,159.462,159.437,159.45,1666
2026-08-28T04:00:00+00:00,159.45,159.48,159.45,159.473,1529
2026-08-28T04:15:00+00:00,159.473,159.491,159.46,159.484,1179
2026-08-28T04:30:00+00:00,159.484,159.5,159.471,159.481,1321
2026-08-28T04:45:00+00:00,159.481,159.515,159.475,159.498,1255
2026-08-28T05:00:00+00:00,159.498,159.552,159.497,159.549,1907
2026-08-28T05:15:00+00:00,159.549,159.56,159.529,159.541,1223
2026-08-28T05:30:00+00:00,159.541,159.55,159.521,159.544,1943
2026-08-28T05:45:00+00:00,159.544,159.546,159.5,159.525,2134
2026-08-28T06:00:00+00:00,159.525,159.541,159.511,159.522,2468
2026-08-28T06:15:00+00:00,159.522,159.527,159.471,159.478,2205
2026-08-28T06:30:00+00:00,159.478,159.506,159.445,159.451,3505
2026-08-28T06:45:00+00:00,159.451,159.451,159.415,159.421,3179
2026-08-28T07:00:00+00:00,159.421,159.474,159.409,159.46,2892
2026-08-28T07:15:00+00:00,159.46,159.505,159.456,159.466,3448
2026-08-28T07:30:00+00:00,159.466,159.49,159.44,159.488,2156
2026-08-28T07:45:00+00:00,159.488,159.508,159.471,159.503,1714
2026-08-28T08:00:00+00:00,159.503,159.575,159.501,159.574,2116
2026-08-28T08:15:00+00:00,159.574,159.576,159.531,159.571,1916
2026-08-28T08:30:00+00:00,159.571,159.576,159.525,159.552,1863
2026-08-28T08:45:00+00:00,159.552,159.588,159.552,159.572,1723
2026-08-28T09:00:00+00:00,159.572,159.637,159.569,159.627,2941
2026-08-28T09:15:00+00:00,159.627,159.648,159.616,159.637,2666
2026-08-28T09:30:00+00:00,159.637,159.668,159.634,159.658,2074
2026-08-28T09:45:00+00:00,159.658,159.693,159.636,159.689,1719
2026-08-28T10:00:00+00:00,159.689,159.694,159.66,159.679,2807
2026-08-28T10:15:00+00:00,159.679,159.68,159.654,159.672,1720
2026-08-28T10:30:00+00:00,159.672,159.674,159.635,159.659,1522
2026-08-28T10:45:00+00:00,159.659,159.685,159.636,159.637,1855
2026-08-28T11:00:00+00:00,159.637,159.668,159.634,159.654,1814
2026-08-28T11:15:00+00:00,159.654,159.674,159.647,159.663,1783
2026-08-28T11:30:00+00:00,159.663,159.68,159.654,159.672,1183
2026-08-28T11:45:00+00:00,159.672,159.686,159.652,159.653,1420
2026-08-28T12:00:00+00:00,159.653,159.68,159.636,159.656,2273
2026-08-28T12:15:00+00:00,159.656,159.658,159.595,159.601,2168
2026-08-28T12:30:00+00:00,159.601,159.642,159.598,159.614,2679
2026-08-28T12:45:00+00:00,159.614,159.626,159.564,159.577,4012
2026-08-28T13:00:00+00:00,159.577,159.643,159.566,159.64,3286
2026-08-28T13:15:00+00:00,159.64,159.657,159.631,159.636,3294
2026-08-28T13:30:00+00:00,159.636,159.661,159.61,159.652,3277
2026-08-28T13:45:00+00:00,159.652,159.701,159.539,159.681,3136
2026-08-28T14:00:00+00:00,159.681,159.882,159.403,159.874,13198
2026-08-28T14:15:00+00:00,159.874,159.944,159.83,159.887,10190
2026-08-28T14:30:00+00:00,159.887,159.91,159.841,159.868,9229
2026-08-28T14:45:00+00:00,159.868,159.935,159.843,159.873,8153
2026-08-28T15:00:00+00:00,159.873,159.978,159.84,159.967,6129
2026-08-28T15:15:00+00:00,159.967,159.987,159.951,159.979,3823
2026-08-28T15:30:00+00:00,159.979,160.058,159.968,160.04,4296
2026-08-28T15:45:00+00:00,160.04,160.059,159.955,159.979,5782
2026-08-28T16:00:00+00:00,159.979,160.091,159.96,160.063,5802
2026-08-28T16:15:00+00:00,160.063,160.155,160.056,160.14,4555
2026-08-28T16:30:00+00:00,160.14,160.197,160.112,160.19,3992
2026-08-28T16:45:00+00:00,160.19,160.203,160.169,160.195,2658
2026-08-28T17:00:00+00:00,160.195,160.199,160.135,160.155,2196
2026-08-28T17:15:00+00:00,160.155,160.181,160.147,160.163,2415
2026-08-28T17:30:00+00:00,160.163,160.201,160.157,160.195,2226
2026-08-28T17:45:00+00:00,160.195,160.202,160.169,160.182,2253
2026-08-28T18:00:00+00:00,160.182,160.19,160.145,160.173,3057
2026-08-28T18:15:00+00:00,160.173,160.183,160.133,160.152,2462
2026-08-28T18:30:00+00:00,160.152,160.181,160.149,160.161,2127
2026-08-28T18:45:00+00:00,160.161,160.171,160.133,160.135,2439
2026-08-28T19:00:00+00:00,160.135,160.147,160.079,160.114,2273
2026-08-28T19:15:00+00:00,160.114,160.123,160.063,160.066,1193
2026-08-28T19:30:00+00:00,160.066,160.104,160.066,160.084,1444
2026-08-28T19:45:00+00:00,160.084,160.106,160.048,160.082,1855
2026-08-28T20:00:00+00:00,160.082,160.098,160.067,160.08,2065
2026-08-28T20:15:00+00:00,160.08,160.1,160.067,160.067,425
2026-08-28T20:30:00+00:00,160.067,160.139,160.066,160.124,635
2026-08-28T20:45:00+00:00,160.124,160.128,160.079,160.079,715
2026-08-30T21:00:00+00:00,160.018,160.045,160.016,160.045,12
2026-08-30T21:15:00+00:00,160.045,160.063,160.042,160.05799999999996,100
2026-08-30T21:30:00+00:00,160.05799999999996,160.07699999999997,160.04699999999997,160.05499999999992,69
2026-08-30T21:45:00+00:00,160.05499999999992,160.12299999999993,160.05099999999993,160.11199999999994,410
2026-08-30T22:00:00+00:00,160.11199999999994,160.17099999999994,160.10499999999993,160.13599999999997,625
2026-08-30T22:15:00+00:00,160.13599999999997,160.15499999999997,160.11599999999999,160.124,467
2026-08-30T22:30:00+00:00,160.124,160.127,160.09299999999996,160.09299999999996,797
2026-08-30T22:45:00+00:00,160.09299999999996,160.12399999999994,160.09299999999996,160.11399999999995,470
2026-08-30T23:00:00+00:00,160.11399999999995,160.19899999999993,160.10899999999992,160.16899999999993,1275
2026-08-30T23:15:00+00:00,160.16899999999993,160.19299999999996,160.1499999999999,160.1659999999999,1096
2026-08-30T23:30:00+00:00,160.1659999999999,160.16699999999992,160.11599999999993,160.1399999999999,962
2026-08-30T23:45:00+00:00,160.1399999999999,160.15499999999992,160.11499999999987,160.11599999999987,1257
2026-08-31T00:00:00+00:00,160.11599999999987,160.11599999999987,159.97599999999989,159.99899999999985,4204
2026-08-31T00:15:00+00:00,159.99899999999985,160.06199999999984,159.95399999999987,160.04799999999986,2467
2026-08-31T00:30:00+00:00,160.04799999999986,160.0549999999998,159.99099999999984,160.0409999999998,2188
2026-08-31T00:45:00+00:00,160.0409999999998,160.0519999999998,159.95799999999983,159.96499999999983,4520
2026-08-31T01:00:00+00:00,159.96499999999983,159.97999999999982,159.92599999999982,159.96199999999982,4327
2026-08-31T01:15:00+00:00,159.96199999999982,159.96499999999983,159.80799999999982,159.8289999999998,4411
2026-08-31T01:30:00+00:00,159.8289999999998,159.8659999999998,159.75399999999976,159.80899999999977,3515
2026-08-31T01:45:00+00:00,159.80899999999977,159.8359999999997,159.78499999999974,159.82599999999968,3040
2026-08-31T02:00:00+00:00,159.82599999999968,159.8449999999997,159.7879999999997,159.7879999999997,3108
2026-08-31T02:15:00+00:00,159.7879999999997,159.8159999999997,159.72799999999967,159.7619999999997,2778
2026-08-31T02:30:00+00:00,159.7619999999997,159.81399999999968,159.7509999999997,159.78999999999965,2182
2026-08-31T02:45:00+00:00,159.78999999999965,159.79899999999964,159.75499999999965,159.77299999999963,1886
2026-08-31T03:00:00+00:00,159.77299999999963,159.7899999999996,159.74799999999962,159.77199999999957,1902
2026-08-31T03:15:00+00:00,159.77199999999957,159.7979999999996,159.75599999999957,159.7979999999996,1561
2026-08-31T03:30:00+00:00,159.7979999999996,159.8409999999997,159.78499999999963,159.8169999999997,2015
2026-08-31T03:45:00+00:00,159.8169999999997,159.8229999999997,159.79399999999973,159.7989999999997,1697
2026-08-31T04:00:00+00:00,159.7989999999997,159.8009999999997,159.7399999999997,159.76699999999965,1896
2026-08-31T04:15:00+00:00,159.76699999999965,159.81899999999973,159.76299999999966,159.81899999999973,1625
2026-08-31T04:30:00+00:00,159.81899999999973,159.82799999999972,159.75999999999974,159.76999999999975,2074
2026-08-31T04:45:00+00:00,159.76999999999975,159.79999999999976,159.76099999999974,159.79199999999975,1440
2026-08-31T05:00:00+00:00,159.79199999999975,159.80999999999975,159.77699999999976,159.78199999999978,1950
2026-08-31T05:15:00+00:00,159.78199999999978,159.83199999999974,159.76599999999976,159.77399999999975,2308
2026-08-31T05:30:00+00:00,159.77399999999975,159.82699999999969,159.77399999999975,159.81999999999968,2277
2026-08-31T05:45:00+00:00,159.81999999999968,159.87599999999966,159.8059999999997,159.83099999999962,2080
2026-08-31T06:00:00+00:00,159.83099999999962,159.86099999999962,159.80899999999963,159.81199999999964,3072
2026-08-31T06:15:00+00:00,159.81199999999964,159.87599999999964,159.78699999999964,159.86599999999964,3012
2026-08-31T06:30:00+00:00,159.86599999999964,159.91799999999964,159.84699999999964,159.85499999999962,3362
2026-08-31T06:45:00+00:00,159.85499999999962,159.88199999999964,159.7989999999996,159.8029999999996,3082
2026-08-31T07:00:00+00:00,159.8029999999996,159.8269999999996,159.6819999999996,159.6829999999996,4903
2026-08-31T07:15:00+00:00,159.6829999999996,159.6829999999996,159.5579999999996,159.6029999999996,6882
2026-08-31T07:30:00+00:00,159.6029999999996,159.65099999999958,159.5509999999996,159.63499999999956,5826
2026-08-31T07:45:00+00:00,159.63499999999956,159.63899999999958,159.56299999999953,159.58599999999956,3845
2026-08-31T08:00:00+00:00,159.58599999999956,159.5999999999995,159.47999999999954,159.57699999999952,5237
2026-08-31T08:15:00+00:00,159.57699999999952,159.62899999999954,159.5569999999995,159.62799999999953,4477
2026-08-31T08:30:00+00:00,159.62799999999953,159.67499999999956,159.61999999999952,159.67099999999954,3315
2026-08-31T08:45:00+00:00,159.67099999999954,159.75699999999955,159.63999999999956,159.74399999999955,3954
2026-08-31T09:00:00+00:00,159.74399999999955,159.76299999999955,159.70899999999958,159.71199999999956,3429
2026-08-31T09:15:00+00:00,159.71199999999956,159.73399999999958,159.69799999999958,159.70599999999962,2801
2026-08-31T09:30:00+00:00,159.70599999999962,159.77399999999963,159.70599999999962,159.73399999999964,2263
2026-08-31T09:45:00+00:00,159.73399999999964,159.75399999999968,159.72499999999965,159.74299999999965,3599
2026-08-31T10:00:00+00:00,159.74299999999965,159.75299999999967,159.71299999999965,159.73099999999963,4406
2026-08-31T10:15:00+00:00,159.73099999999963,159.7869999999996,159.73099999999963,159.7409999999996,2684
2026-08-31T10:30:00+00:00,159.7409999999996,159.76299999999958,159.72599999999957,159.74999999999957,2867
2026-08-31T10:45:00+00:00,159.74999999999957,159.75599999999957,159.71299999999957,159.7319999999996,2124
2026-08-31T11:00:00+00:00,159.7319999999996,159.7369999999996,159.67799999999954,159.67899999999955,2606
2026-08-31T11:15:00+00:00,159.67899999999955,159.68199999999956,159.62599999999955,159.62799999999956,3151
2026-08-31T11:30:00+00:00,159.62799999999956,159.68399999999957,159.60799999999955,159.67299999999955,3519
2026-08-31T11:45:00+00:00,159.67299999999955,159.71299999999954,159.67199999999954,159.70799999999954,2819
2026-08-31T12:00:00+00:00,159.70799999999954,159.76499999999956,159.68199999999956,159.70399999999952,3021
2026-08-31T12:15:00+00:00,159.70399999999952,159.7769999999995,159.6779999999995,159.7759999999995,5140
2026-08-31T12:30:00+00:00,159.7759999999995,159.85299999999953,159.76899999999952,159.8259999999995,4525
2026-08-31T12:45:00+00:00,159.8259999999995,159.88699999999952,159.8199999999995,159.87999999999948,2792
2026-08-31T13:00:00+00:00,159.87999999999948,159.8989999999995,159.84699999999947,159.86499999999947,3916
2026-08-31T13:15:00+00:00,159.86499999999947,159.8709999999995,159.7679999999995,159.7939999999995,4346
2026-08-31T13:30:00+00:00,159.7939999999995,159.84599999999946,159.78199999999947,159.84399999999945,5142
2026-08-31T13:45:00+00:00,159.84399999999945,159.87599999999946,159.81799999999947,159.83199999999945,4891
2026-08-31T14:00:00+00:00,159.83199999999945,159.85899999999944,159.80499999999947,159.81099999999947,3882
2026-08-31T14:15:00+00:00,159.81099999999947,159.82499999999948,159.75999999999945,159.78599999999943,3759
2026-08-31T14:30:00+00:00,159.78599999999943,159.81199999999944,159.58799999999943,159.72399999999945,7509
2026-08-31T14:45:00+00:00,159.72399999999945,159.76299999999944,159.64499999999944,159.71599999999944,7341
2026-08-31T15:00:00+00:00,159.71599999999944,159.76999999999944,159.68799999999945,159.7439999999994,5159
2026-08-31T15:15:00+00:00,159.7439999999994,159.80299999999934,159.7359999999994,159.75299999999936,4340
2026-08-31T15:30:00+00:00,159.75299999999936,159.77199999999937,159.71499999999935,159.72799999999935,3655
2026-08-31T15:45:00+00:00,159.72799999999935,159.75599999999932,159.69199999999933,159.73899999999932,2443
2026-08-31T16:00:00+00:00,159.73899999999932,159.73899999999932,159.6769999999993,159.68999999999932,2558
2026-08-31T16:15:00+00:00,159.68999999999932,159.7049999999993,159.66099999999932,159.68999999999932,2474
2026-08-31T16:30:00+00:00,159.68999999999932,159.7289999999993,159.6869999999993,159.7039999999993,2385
2026-08-31T16:45:00+00:00,159.7039999999993,159.7069999999993,159.66699999999932,159.6809999999993,2605
2026-08-31T17:00:00+00:00,159.6809999999993,159.7049999999993,159.6749999999993,159.6819999999993,2173
2026-08-31T17:15:00+00:00,159.6819999999993,159.6949999999993,159.66699999999932,159.6939999999993,1461
2026-08-31T17:30:00+00:00,159.6939999999993,159.71999999999932,159.6859999999993,159.6929999999993,1931
2026-08-31T17:45:00+00:00,159.6929999999993,159.7059999999993,159.6649999999993,159.69099999999932,2434
2026-08-31T18:00:00+00:00,159.69099999999932,159.7069999999993,159.67299999999932,159.6859999999993,2592
2026-08-31T18:15:00+00:00,159.6859999999993,159.7189999999993,159.67899999999932,159.7119999999993,2150
2026-08-31T18:30:00+00:00,159.7119999999993,159.7879999999993,159.7119999999993,159.78599999999932,2706
2026-08-31T18:45:00+00:00,159.78599999999932,159.8079999999993,159.7519999999993,159.7949999999993,2188
2026-08-31T19:00:00+00:00,159.7949999999993,159.8109999999993,159.74499999999932,159.7669999999993,2226
2026-08-31T19:15:00+00:00,159.7669999999993,159.7729999999993,159.7159999999993,159.73199999999932,1947
2026-08-31T19:30:00+00:00,159.73199999999932,159.7929999999993,159.7069999999993,159.7879999999993,2728
2026-08-31T19:45:00+00:00,159.7879999999993,159.7949999999993,159.7459999999993,159.74999999999932,2772
2026-08-31T20:00:00+00:00,159.74999999999932,159.7519999999993,159.7219999999993,159.7409999999993,1337
2026-08-31T20:15:00+00:00,159.7409999999993,159.7539999999993,159.7409999999993,159.7539999999993,298
2026-08-31T20:30:00+00:00,159.7539999999993,159.77399999999932,159.7469999999993,159.7479999999993,828
2026-08-31T20:45:00+00:00,159.7479999999993,159.7529999999993,159.7309999999993,159.7309999999993,1102
2026-08-31T21:00:00+00:00,159.7309999999993,159.762,159.7059999999993,159.761,74
2026-08-31T21:15:00+00:00,159.761,159.762,159.747,159.747,326
2026-08-31T21:30:00+00:00,159.747,159.766,159.747,159.752,250
2026-08-31T21:45:00+00:00,159.752,159.764,159.726,159.73,254
2026-08-31T22:00:00+00:00,159.73,159.784,159.73,159.756,596
2026-08-31T22:15:00+00:00,159.756,159.763,159.747,159.75,241
2026-08-31T22:30:00+00:00,159.75,159.778,159.747,159.774,451
2026-08-31T22:45:00+00:00,159.774,159.779,159.772,159.777,205
2026-08-31T23:00:00+00:00,159.777,159.828,159.777,159.827,1018
2026-08-31T23:15:00+00:00,159.827,159.827,159.789,159.799,525
2026-08-31T23:30:00+00:00,159.799,159.805,159.761,159.767,596
2026-08-31T23:45:00+00:00,159.767,159.776,159.739,159.748,1101
2026-09-01T00:00:00+00:00,159.748,159.833,159.701,159.706,4438
2026-09-01T00:15:00+00:00,159.706,159.742,159.634,159.666,4875
2026-09-01T00:30:00+00:00,159.666,159.751,159.658,159.75,3256
2026-09-01T00:45:00+00:00,159.75,159.812,159.731,159.799,4953
2026-09-01T01:00:00+00:00,159.799,159.812,159.763,159.805,4280
2026-09-01T01:15:00+00:00,159.805,159.848,159.798,159.814,4422
2026-09-01T01:30:00+00:00,159.814,159.837,159.768,159.777,3690
2026-09-01T01:45:00+00:00,159.777,159.819,159.702,159.755,2554
2026-09-01T02:00:00+00:00,159.755,159.844,159.753,159.804,3882
2026-09-01T02:15:00+00:00,159.804,159.823,159.764,159.766,2810
2026-09-01T02:30:00+00:00,159.766,159.809,159.766,159.783,2182
2026-09-01T02:45:00+00:00,159.783,159.812,159.78,159.786,1767
2026-09-01T03:00:00+00:00,159.786,159.813,159.78,159.785,2012
2026-09-01T03:15:00+00:00,159.785,159.8,159.766,159.787,1616
2026-09-01T03:30:00+00:00,159.787,159.812,159.781,159.782,1633
2026-09-01T03:45:00+00:00,159.782,159.811,159.781,159.806,1500
2026-09-01T04:00:00+00:00,159.806,159.841,159.799,159.826,1734
2026-09-01T04:15:00+00:00,159.826,159.861,159.805,159.844,1890
2026-09-01T04:30:00+00:00,159.844,159.868,159.83,159.853,1620
2026-09-01T04:45:00+00:00,159.853,159.882,159.845,159.87,1451
2026-09-01T05:00:00+00:00,159.87,159.875,159.842,159.873,1821
2026-09-01T05:15:00+00:00,159.873,159.902,159.871,159.872,1892
2026-09-01T05:30:00+00:00,159.872,159.896,159.834,159.84,3030
2026-09-01T05:45:00+00:00,159.84,159.887,159.827,159.879,2343
2026-09-01T06:00:00+00:00,159.879,159.925,159.865,159.923,3626
2026-09-01T06:15:00+00:00,159.923,159.954,159.907,159.949,2764
2026-09-01T06:30:00+00:00,159.949,159.982,159.942,159.973,2419
2026-09-01T06:45:00+00:00,159.973,159.982,159.934,159.948,1991
2026-09-01T07:00:00+00:00,159.948,159.976,159.919,159.947,2937
2026-09-01T07:15:00+00:00,159.947,159.992,159.947,159.982,1617
2026-09-01T07:30:00+00:00,159.982,160.024,159.982,160.018,2365
2026-09-01T07:45:00+00:00,160.018,160.02,159.972,159.985,1749
2026-09-01T08:00:00+00:00,159.985,160.025,159.933,159.982,3711
2026-09-01T08:15:00+00:00,159.982,160.012,159.96,159.99,2211
2026-09-01T08:30:00+00:00,159.99,159.99,159.951,159.962,2073
2026-09-01T08:45:00+00:00,159.962,159.962,159.922,159.928,1453
2026-09-01T09:00:00+00:00,159.928,159.947,159.895,159.897,2657
2026-09-01T09:15:00+00:00,159.897,159.975,159.891,159.975,2058
2026-09-01T09:30:00+00:00,159.975,159.98,159.956,159.974,2010
2026-09-01T09:45:00+00:00,159.974,160.061,159.973,160.054,1909
2026-09-01T10:00:00+00:00,160.054,160.063,160.007,160.038,2283
2026-09-01T10:15:00+00:00,160.038,160.038,159.983,160.008,1863
2026-09-01T10:30:00+00:00,160.008,160.073,160.008,160.073,1552
2026-09-01T10:45:00+00:00,160.073,160.113,160.072,160.089,2118
2026-09-01T11:00:00+00:00,160.089,160.138,160.089,160.126,1836
2026-09-01T11:15:00+00:00,160.126,160.148,159.989,160.063,5875
2026-09-01T11:30:00+00:00,160.063,160.089,160.046,160.053,4054
2026-09-01T11:45:00+00:00,160.053,160.128,160.039,160.114,2987
2026-09-01T12:00:00+00:00,160.114,160.177,160.111,160.148,3743
2026-09-01T12:15:00+00:00,160.148,160.169,160.118,160.169,2728
2026-09-01T12:30:00+00:00,160.169,160.209,160.134,160.174,3941
2026-09-01T12:45:00+00:00,160.174,160.174,160.036,160.107,4057
2026-09-01T13:00:00+00:00,160.107,160.162,160.102,160.117,3526
2026-09-01T13:15:00+00:00,160.117,160.122,160.075,160.087,2756
2026-09-01T13:30:00+00:00,160.087,160.087,160.025,160.035,4544
2026-09-01T13:45:00+00:00,160.035,160.093,160.014,160.014,4047
2026-09-01T14:00:00+00:00,160.014,160.076,159.933,159.982,6367
2026-09-01T14:15:00+00:00,159.982,160.006,159.893,159.951,5248
2026-09-01T14:30:00+00:00,159.951,160.02,159.895,160.007,4711
2026-09-01T14:45:00+00:00,160.007,160.091,159.985,160.073,5041
2026-09-01T15:00:00+00:00,160.073,160.092,160.037,160.061,4298
2026-09-01T15:15:00+00:00,160.061,160.107,160.045,160.076,2563
2026-09-01T15:30:00+00:00,160.076,160.093,160.044,160.045,2363
2026-09-01T15:45:00+00:00,160.045,160.066,160.018,160.032,2782
2026-09-01T16:00:00+00:00,160.032,160.075,160.005,160.073,3468
2026-09-01T16:15:00+00:00,160.073,160.165,160.059,160.164,5144
2026-09-01T16:30:00+00:00,160.164,160.179,160.101,160.132,3239
2026-09-01T16:45:00+00:00,160.132,160.174,160.123,160.167,1904
2026-09-01T17:00:00+00:00,160.167,160.177,160.147,160.165,2785
2026-09-01T17:15:00+00:00,160.165,160.205,160.165,160.169,2361
2026-09-01T17:30:00+00:00,160.169,160.218,160.148,160.21,2410
2026-09-01T17:45:00+00:00,160.21,160.25,160.207,160.244,1535
2026-09-01T18:00:00+00:00,160.244,160.249,160.196,160.243,1534
2026-09-01T18:15:00+00:00,160.243,160.249,160.228,160.238,1291
2026-09-01T18:30:00+00:00,160.238,160.273,160.236,160.255,1843
2026-09-01T18:45:00+00:00,160.255,160.259,160.192,160.202,3242
2026-09-01T19:00:00+00:00,160.202,160.22,160.176,160.194,2079
2026-09-01T19:15:00+00:00,160.194,160.231,160.186,160.227,1469
2026-09-01T19:30:00+00:00,160.227,160.244,160.187,160.243,2464
2026-09-01T19:45:00+00:00,160.243,160.25,160.223,160.226,1336
2026-09-01T20:00:00+00:00,160.226,160.243,160.21,160.238,846
2026-09-01T20:15:00+00:00,160.238,160.24,160.194,160.198,448
2026-09-01T20:30:00+00:00,160.198,160.218,160.184,160.199,631
2026-09-01T20:45:00+00:00,160.199,160.201,160.167,160.167,563
2026-09-01T21:00:00+00:00,160.167,160.167,160.122,160.149,81
2026-09-01T21:15:00+00:00,160.149,160.173,160.134,160.164,784
2026-09-01T21:30:00+00:00,160.164,160.171,160.153,160.153,1354
2026-09-01T21:45:00+00:00,160.153,160.164,160.127,160.161,479
2026-09-01T22:00:00+00:00,160.161,160.182,160.159,160.168,335
2026-09-01T22:15:00+00:00,160.168,160.183,160.159,160.183,163
2026-09-01T22:30:00+00:00,160.183,160.193,160.167,160.192,358
2026-09-01T22:45:00+00:00,160.192,160.203,160.185,160.202,254
2026-09-01T23:00:00+00:00,160.202,160.232,160.202,160.214,456
2026-09-01T23:15:00+00:00,160.214,160.218,160.195,160.201,491
2026-09-01T23:30:00+00:00,160.201,160.206,160.155,160.175,718
2026-09-01T23:45:00+00:00,160.175,160.213,160.175,160.201,1403
2026-09-02T00:00:00+00:00,160.201,160.232,160.14,160.204,3757
2026-09-02T00:15:00+00:00,160.204,160.218,160.132,160.191,3874
2026-09-02T00:30:00+00:00,160.191,160.249,160.168,160.188,2965
2026-09-02T00:45:00+00:00,160.188,160.292,160.183,160.289,3977
2026-09-02T01:00:00+00:00,160.289,160.321,160.28,160.289,2593
2026-09-02T01:15:00+00:00,160.289,160.304,160.268,160.281,2418
2026-09-02T01:30:00+00:00,160.281,160.346,160.275,160.343,2516
2026-09-02T01:45:00+00:00,160.343,160.392,160.343,160.36800000000002,1706
2026-09-02T02:00:00+00:00,160.36800000000002,160.37900000000002,160.36800000000002,160.37800000000001,56
